event_id,ticket,position_id,event_type,action,symbol,lots,open_price,close_price,sl,tp,commission,swap,pips,profit,comment,magic_number,duration_sec,account_id,account_label,account_currency,open_time_xm,close_time_xm,open_time_vn,close_time_vn,trade_date_xm,trade_date_vn,usd_vnd_rate,profit_vnd,commission_vnd,swap_vnd,fx_rate_source,fx_rate_time_utc,source_system,etl_run_id,synced_at_utc,source_hash,is_deleted
400862814:206143446,193773808,193761307,trade,Buy,GOLD,0.03,,4120.29,,,0.0,0.0,,17.25,,0,,400862814,A_main_trade,USD,2026-07-23T10:04:31+02:00,2026-07-23T10:04:31+02:00,2026-07-23T15:04:31+07:00,2026-07-23T15:04:31+07:00,2026-07-23,2026-07-23,,,,,,,MT5,69d579f3-bc6b-4cd8-ad05-ebc3ecc8720d,2026-07-24T02:00:04Z,094ed5d02760c0c83684543aa305ffb5f589fa1f5cfdd99a608e70563f71301a,False
400862814:206143447,193773806,193762770,trade,Buy,GOLD,0.03,,4120.29,,,0.0,0.0,,24.57,,0,,400862814,A_main_trade,USD,2026-07-23T10:04:31+02:00,2026-07-23T10:04:31+02:00,2026-07-23T15:04:31+07:00,2026-07-23T15:04:31+07:00,2026-07-23,2026-07-23,,,,,,,MT5,69d579f3-bc6b-4cd8-ad05-ebc3ecc8720d,2026-07-24T02:00:04Z,7bade33bf4cba053fb0fefa24984965d2a816bf9532a9e8b1b79e6f99ccf7e37,False
400862814:206143448,193773812,193760538,trade,Buy,GOLD,0.03,,4120.29,,,0.0,0.0,,21.42,,0,,400862814,A_main_trade,USD,2026-07-23T10:04:31+02:00,2026-07-23T10:04:31+02:00,2026-07-23T15:04:31+07:00,2026-07-23T15:04:31+07:00,2026-07-23,2026-07-23,,,,,,,MT5,69d579f3-bc6b-4cd8-ad05-ebc3ecc8720d,2026-07-24T02:00:04Z,94237a6d03fa9035e206240dcd6c5bcb98f16d85f08d06159f148aa6f02bd1ca,False
400862814:206143449,193773805,193762772,trade,Buy,GOLD,0.03,,4120.29,,,0.0,0.0,,24.66,,0,,400862814,A_main_trade,USD,2026-07-23T10:04:31+02:00,2026-07-23T10:04:31+02:00,2026-07-23T15:04:31+07:00,2026-07-23T15:04:31+07:00,2026-07-23,2026-07-23,,,,,,,MT5,69d579f3-bc6b-4cd8-ad05-ebc3ecc8720d,2026-07-24T02:00:04Z,530e7e5ed9e7f79ddd49b3e14146afa39def5a9810c8f9934dcbed0006c4a15a,False
400862814:206143450,193773810,193760799,trade,Buy,GOLD,0.03,,4120.29,,,0.0,0.0,,17.85,,0,,400862814,A_main_trade,USD,2026-07-23T10:04:31+02:00,2026-07-23T10:04:31+02:00,2026-07-23T15:04:31+07:00,2026-07-23T15:04:31+07:00,2026-07-23,2026-07-23,,,,,,,MT5,69d579f3-bc6b-4cd8-ad05-ebc3ecc8720d,2026-07-24T02:00:04Z,6372766896addde136da6f999ae2d6ccffb5afa7448da4218a4e9b4c2d424c39,False
400862814:206143451,193773814,193760492,trade,Buy,GOLD,0.03,,4120.29,,,0.0,0.0,,21.48,,0,,400862814,A_main_trade,USD,2026-07-23T10:04:31+02:00,2026-07-23T10:04:31+02:00,2026-07-23T15:04:31+07:00,2026-07-23T15:04:31+07:00,2026-07-23,2026-07-23,,,,,,,MT5,69d579f3-bc6b-4cd8-ad05-ebc3ecc8720d,2026-07-24T02:00:04Z,572829603bd023a0c129de6f44c08db711f8337fd2bc42004b5f36f6c41e34a8,False
400862814:206143452,193773809,193761309,trade,Buy,GOLD,0.03,,4120.29,,,0.0,0.0,,16.47,,0,,400862814,A_main_trade,USD,2026-07-23T10:04:31+02:00,2026-07-23T10:04:31+02:00,2026-07-23T15:04:31+07:00,2026-07-23T15:04:31+07:00,2026-07-23,2026-07-23,,,,,,,MT5,69d579f3-bc6b-4cd8-ad05-ebc3ecc8720d,2026-07-24T02:00:04Z,01be0bcc83fb9b7ea55ab113c5986a30ea4b975b0ccf8b454c36e5313a3014c6,False
400862814:206143453,193773807,193761310,trade,Buy,GOLD,0.03,,4120.29,,,0.0,0.0,,16.98,,0,,400862814,A_main_trade,USD,2026-07-23T10:04:31+02:00,2026-07-23T10:04:31+02:00,2026-07-23T15:04:31+07:00,2026-07-23T15:04:31+07:00,2026-07-23,2026-07-23,,,,,,,MT5,69d579f3-bc6b-4cd8-ad05-ebc3ecc8720d,2026-07-24T02:00:04Z,05f245e50f2c1541619a52bd1a4cb5c43b8aad5bc100a8f49b7a4bcf08e945e0,False
400862814:206143454,193773813,193760530,trade,Buy,GOLD,0.03,,4120.29,,,0.0,0.0,,21.33,,0,,400862814,A_main_trade,USD,2026-07-23T10:04:31+02:00,2026-07-23T10:04:31+02:00,2026-07-23T15:04:31+07:00,2026-07-23T15:04:31+07:00,2026-07-23,2026-07-23,,,,,,,MT5,69d579f3-bc6b-4cd8-ad05-ebc3ecc8720d,2026-07-24T02:00:04Z,c7f296e9a6a772d0837b83d7163792c029968f0c39a1f71779687aeb91445326,False
400862814:206143455,193773821,193755525,trade,Buy,GOLD,0.03,,4120.29,,,0.0,0.0,,15.54,,0,,400862814,A_main_trade,USD,2026-07-23T10:04:31+02:00,2026-07-23T10:04:31+02:00,2026-07-23T15:04:31+07:00,2026-07-23T15:04:31+07:00,2026-07-23,2026-07-23,,,,,,,MT5,69d579f3-bc6b-4cd8-ad05-ebc3ecc8720d,2026-07-24T02:00:04Z,ea76f9efd63963d2d2f856683f7bfb750950b0e679fb8dd1ba75788709904615,False
400862814:206143456,193773811,193760549,trade,Buy,GOLD,0.03,,4120.29,,,0.0,0.0,,21.78,,0,,400862814,A_main_trade,USD,2026-07-23T10:04:31+02:00,2026-07-23T10:04:31+02:00,2026-07-23T15:04:31+07:00,2026-07-23T15:04:31+07:00,2026-07-23,2026-07-23,,,,,,,MT5,69d579f3-bc6b-4cd8-ad05-ebc3ecc8720d,2026-07-24T02:00:04Z,d5dafe85487209e5c8033d3a9cfb4ca06890b38c27279c13cc23384e7d29e30d,False
400862814:206143457,193773819,193755614,trade,Buy,GOLD,0.03,,4120.29,,,0.0,0.0,,15.87,,0,,400862814,A_main_trade,USD,2026-07-23T10:04:31+02:00,2026-07-23T10:04:31+02:00,2026-07-23T15:04:31+07:00,2026-07-23T15:04:31+07:00,2026-07-23,2026-07-23,,,,,,,MT5,69d579f3-bc6b-4cd8-ad05-ebc3ecc8720d,2026-07-24T02:00:04Z,1dfdc7a8f13bfc36b7c47f0dedf7500e568fcc2774fd3f5570f2affc7ac388cd,False
400862814:206143458,193773815,193760494,trade,Buy,GOLD,0.03,,4120.29,,,0.0,0.0,,21.48,,0,,400862814,A_main_trade,USD,2026-07-23T10:04:31+02:00,2026-07-23T10:04:31+02:00,2026-07-23T15:04:31+07:00,2026-07-23T15:04:31+07:00,2026-07-23,2026-07-23,,,,,,,MT5,69d579f3-bc6b-4cd8-ad05-ebc3ecc8720d,2026-07-24T02:00:04Z,9020fd5b00648c705daf55f11aa063d20b7861a9b4ce69a702895e5f36816c19,False
400862814:206143459,193773820,193755606,trade,Buy,GOLD,0.03,,4120.29,,,0.0,0.0,,15.78,,0,,400862814,A_main_trade,USD,2026-07-23T10:04:31+02:00,2026-07-23T10:04:31+02:00,2026-07-23T15:04:31+07:00,2026-07-23T15:04:31+07:00,2026-07-23,2026-07-23,,,,,,,MT5,69d579f3-bc6b-4cd8-ad05-ebc3ecc8720d,2026-07-24T02:00:04Z,e872f4d6974038f13c5d0b10345ae2cc6fe28dbdd24124ef4b5ad572232ef675,False
400862814:206143460,193773817,193759232,trade,Buy,GOLD,0.03,,4120.29,,,0.0,0.0,,14.55,,0,,400862814,A_main_trade,USD,2026-07-23T10:04:31+02:00,2026-07-23T10:04:31+02:00,2026-07-23T15:04:31+07:00,2026-07-23T15:04:31+07:00,2026-07-23,2026-07-23,,,,,,,MT5,69d579f3-bc6b-4cd8-ad05-ebc3ecc8720d,2026-07-24T02:00:04Z,02530a347745b5cfa6c2637563fc54a7383809f4aa8dfb617ef4b89f896b0ec7,False
400862814:206143461,193773816,193760476,trade,Buy,GOLD,0.03,,4120.29,,,0.0,0.0,,21.6,,0,,400862814,A_main_trade,USD,2026-07-23T10:04:31+02:00,2026-07-23T10:04:31+02:00,2026-07-23T15:04:31+07:00,2026-07-23T15:04:31+07:00,2026-07-23,2026-07-23,,,,,,,MT5,69d579f3-bc6b-4cd8-ad05-ebc3ecc8720d,2026-07-24T02:00:04Z,4d4f16698a2692ddbe81b6db096984b3702dbe581a6b5768e4fe51434ea42b97,False
400862814:206143462,193773818,193760409,trade,Buy,GOLD,0.03,,4120.29,,,0.0,0.0,,22.59,,0,,400862814,A_main_trade,USD,2026-07-23T10:04:31+02:00,2026-07-23T10:04:31+02:00,2026-07-23T15:04:31+07:00,2026-07-23T15:04:31+07:00,2026-07-23,2026-07-23,,,,,,,MT5,69d579f3-bc6b-4cd8-ad05-ebc3ecc8720d,2026-07-24T02:00:04Z,d45a4992e1f71e153be7b4b8dd8cace778ffef6e69f0523dea8324fa550018d4,False
400862814:206132078,193762772,193762772,trade,Sell,GOLD,0.03,,4128.51,,,0.0,0.0,,0.0,,0,,400862814,A_main_trade,USD,2026-07-23T09:26:11+02:00,2026-07-23T09:26:11+02:00,2026-07-23T14:26:11+07:00,2026-07-23T14:26:11+07:00,2026-07-23,2026-07-23,,,,,,,MT5,69d579f3-bc6b-4cd8-ad05-ebc3ecc8720d,2026-07-24T02:00:04Z,2143c34299f4311313dc633389f19cdd675366a07daff96333c5f7c784a8cb2f,False
400862814:206132076,193762770,193762770,trade,Sell,GOLD,0.03,,4128.48,,,0.0,0.0,,0.0,,0,,400862814,A_main_trade,USD,2026-07-23T09:26:10+02:00,2026-07-23T09:26:10+02:00,2026-07-23T14:26:10+07:00,2026-07-23T14:26:10+07:00,2026-07-23,2026-07-23,,,,,,,MT5,69d579f3-bc6b-4cd8-ad05-ebc3ecc8720d,2026-07-24T02:00:04Z,d29514094318cdea813b2760dfbd0e82c793d58d1f6c84a1ed6f810af4321c87,False
400862814:206130573,193761310,193761310,trade,Sell,GOLD,0.03,,4125.95,,,0.0,0.0,,0.0,,0,,400862814,A_main_trade,USD,2026-07-23T09:19:11+02:00,2026-07-23T09:19:11+02:00,2026-07-23T14:19:11+07:00,2026-07-23T14:19:11+07:00,2026-07-23,2026-07-23,,,,,,,MT5,69d579f3-bc6b-4cd8-ad05-ebc3ecc8720d,2026-07-24T02:00:04Z,fa00d23a0b85b2d41cca2af75b7a5cf92a79fd938f13a39a9ecc54484e968ac7,False
400862814:206130568,193761307,193761307,trade,Sell,GOLD,0.03,,4126.04,,,0.0,0.0,,0.0,,0,,400862814,A_main_trade,USD,2026-07-23T09:19:10+02:00,2026-07-23T09:19:10+02:00,2026-07-23T14:19:10+07:00,2026-07-23T14:19:10+07:00,2026-07-23,2026-07-23,,,,,,,MT5,69d579f3-bc6b-4cd8-ad05-ebc3ecc8720d,2026-07-24T02:00:04Z,23d562b3332352c39647088b0fec3cf763a50a449b0e75278e6996d6ab91d404,False
400862814:206130570,193761309,193761309,trade,Sell,GOLD,0.03,,4125.78,,,0.0,0.0,,0.0,,0,,400862814,A_main_trade,USD,2026-07-23T09:19:10+02:00,2026-07-23T09:19:10+02:00,2026-07-23T14:19:10+07:00,2026-07-23T14:19:10+07:00,2026-07-23,2026-07-23,,,,,,,MT5,69d579f3-bc6b-4cd8-ad05-ebc3ecc8720d,2026-07-24T02:00:04Z,eda154e464c1be66e89db9de25828f0699444b867ddd272b11e28004f9f5e901,False
400862814:206130031,193760799,193760799,trade,Sell,GOLD,0.03,,4126.24,,,0.0,0.0,,0.0,,0,,400862814,A_main_trade,USD,2026-07-23T09:17:26+02:00,2026-07-23T09:17:26+02:00,2026-07-23T14:17:26+07:00,2026-07-23T14:17:26+07:00,2026-07-23,2026-07-23,,,,,,,MT5,69d579f3-bc6b-4cd8-ad05-ebc3ecc8720d,2026-07-24T02:00:04Z,ce403d6ec62714cc89ee4f6a692354f9ec26b67c8771f0e35f3600cc882c7a96,False
400862814:206129776,193760549,193760549,trade,Sell,GOLD,0.03,,4127.55,,,0.0,0.0,,0.0,,0,,400862814,A_main_trade,USD,2026-07-23T09:16:18+02:00,2026-07-23T09:16:18+02:00,2026-07-23T14:16:18+07:00,2026-07-23T14:16:18+07:00,2026-07-23,2026-07-23,,,,,,,MT5,69d579f3-bc6b-4cd8-ad05-ebc3ecc8720d,2026-07-24T02:00:04Z,259bbdc5244e0d438a797410080b5cb833c495ee81ebe75b65cb2dd54e24c028,False
400862814:206129767,193760538,193760538,trade,Sell,GOLD,0.03,,4127.43,,,0.0,0.0,,0.0,,0,,400862814,A_main_trade,USD,2026-07-23T09:16:13+02:00,2026-07-23T09:16:13+02:00,2026-07-23T14:16:13+07:00,2026-07-23T14:16:13+07:00,2026-07-23,2026-07-23,,,,,,,MT5,69d579f3-bc6b-4cd8-ad05-ebc3ecc8720d,2026-07-24T02:00:04Z,e134a23f0de2b0108147eb1030e4ee4f000563f6697c3d4c851bafe4068ce4bf,False
400862814:206129759,193760530,193760530,trade,Sell,GOLD,0.03,,4127.4,,,0.0,0.0,,0.0,,0,,400862814,A_main_trade,USD,2026-07-23T09:16:12+02:00,2026-07-23T09:16:12+02:00,2026-07-23T14:16:12+07:00,2026-07-23T14:16:12+07:00,2026-07-23,2026-07-23,,,,,,,MT5,69d579f3-bc6b-4cd8-ad05-ebc3ecc8720d,2026-07-24T02:00:04Z,568c9e0bdffa48f368bb4a776f717b7f7d9d20c748254cdebfb51ec31700fc23,False
400862814:206129721,193760492,193760492,trade,Sell,GOLD,0.03,,4127.45,,,0.0,0.0,,0.0,,0,,400862814,A_main_trade,USD,2026-07-23T09:16:01+02:00,2026-07-23T09:16:01+02:00,2026-07-23T14:16:01+07:00,2026-07-23T14:16:01+07:00,2026-07-23,2026-07-23,,,,,,,MT5,69d579f3-bc6b-4cd8-ad05-ebc3ecc8720d,2026-07-24T02:00:04Z,71b62d80a78bc95916d9355509d303ad3afa76aad7792b00d1a23f0a5c11a002,False
400862814:206129723,193760494,193760494,trade,Sell,GOLD,0.03,,4127.45,,,0.0,0.0,,0.0,,0,,400862814,A_main_trade,USD,2026-07-23T09:16:01+02:00,2026-07-23T09:16:01+02:00,2026-07-23T14:16:01+07:00,2026-07-23T14:16:01+07:00,2026-07-23,2026-07-23,,,,,,,MT5,69d579f3-bc6b-4cd8-ad05-ebc3ecc8720d,2026-07-24T02:00:04Z,49c2d0b68beffe5877154a497f5295b88969c7a339260fae9250cc784f26d8ed,False
400862814:206129704,193760476,193760476,trade,Sell,GOLD,0.03,,4127.49,,,0.0,0.0,,0.0,,0,,400862814,A_main_trade,USD,2026-07-23T09:15:58+02:00,2026-07-23T09:15:58+02:00,2026-07-23T14:15:58+07:00,2026-07-23T14:15:58+07:00,2026-07-23,2026-07-23,,,,,,,MT5,69d579f3-bc6b-4cd8-ad05-ebc3ecc8720d,2026-07-24T02:00:04Z,ba9d2a58f5885ce7afa13c514bc9f08082100d60ac74a442e65c7fe2de7446f8,False
400862814:206129663,193760435,193758472,trade,Buy,GOLD,0.03,,4128.35,,,0.0,0.0,,-10.8,,0,,400862814,A_main_trade,USD,2026-07-23T09:15:45+02:00,2026-07-23T09:15:45+02:00,2026-07-23T14:15:45+07:00,2026-07-23T14:15:45+07:00,2026-07-23,2026-07-23,,,,,,,MT5,69d579f3-bc6b-4cd8-ad05-ebc3ecc8720d,2026-07-24T02:00:04Z,fe5694f14e5de59128540b10e641c62e88465996bdedd449775fa3a5dd625784,False
400862814:206129653,193760425,193759225,trade,Buy,GOLD,0.03,,4128.26,,,0.0,0.0,,-10.2,,0,,400862814,A_main_trade,USD,2026-07-23T09:15:44+02:00,2026-07-23T09:15:44+02:00,2026-07-23T14:15:44+07:00,2026-07-23T14:15:44+07:00,2026-07-23,2026-07-23,,,,,,,MT5,69d579f3-bc6b-4cd8-ad05-ebc3ecc8720d,2026-07-24T02:00:04Z,0ae664dc117b95cddb3a84f52e5298f2b55510216e953427a3df4be26a258bef,False
400862814:206129649,193760421,193759226,trade,Buy,GOLD,0.03,,4128.26,,,0.0,0.0,,-9.99,,0,,400862814,A_main_trade,USD,2026-07-23T09:15:43+02:00,2026-07-23T09:15:43+02:00,2026-07-23T14:15:43+07:00,2026-07-23T14:15:43+07:00,2026-07-23,2026-07-23,,,,,,,MT5,69d579f3-bc6b-4cd8-ad05-ebc3ecc8720d,2026-07-24T02:00:04Z,81d4842332bc2d092dff1ec03cde4bc9d034eb2eec492901cfa48aa9e8848b40,False
400862814:206129651,193760423,193758483,trade,Buy,GOLD,0.03,,4128.34,,,0.0,0.0,,-10.86,,0,,400862814,A_main_trade,USD,2026-07-23T09:15:43+02:00,2026-07-23T09:15:43+02:00,2026-07-23T14:15:43+07:00,2026-07-23T14:15:43+07:00,2026-07-23,2026-07-23,,,,,,,MT5,69d579f3-bc6b-4cd8-ad05-ebc3ecc8720d,2026-07-24T02:00:04Z,b7598e6c4296e2af7e74cac76d92e146101b81124b915ed11d918b8ab5a9d891,False
400862814:206129636,193760409,193760409,trade,Sell,GOLD,0.03,,4127.82,,,0.0,0.0,,0.0,,0,,400862814,A_main_trade,USD,2026-07-23T09:15:37+02:00,2026-07-23T09:15:37+02:00,2026-07-23T14:15:37+07:00,2026-07-23T14:15:37+07:00,2026-07-23,2026-07-23,,,,,,,MT5,69d579f3-bc6b-4cd8-ad05-ebc3ecc8720d,2026-07-24T02:00:04Z,694fcc585cacb43bb09923d6848cc642d43ebcb876bdb366a2f626452b63c186,False
400862814:206128436,193759232,193759232,trade,Sell,GOLD,0.03,,4125.14,,,0.0,0.0,,0.0,,0,,400862814,A_main_trade,USD,2026-07-23T09:12:43+02:00,2026-07-23T09:12:43+02:00,2026-07-23T14:12:43+07:00,2026-07-23T14:12:43+07:00,2026-07-23,2026-07-23,,,,,,,MT5,69d579f3-bc6b-4cd8-ad05-ebc3ecc8720d,2026-07-24T02:00:04Z,7e88337d48b2afe55acdadf3bcf853ad30d298a5552a7d6f792c58e1ffde9ec7,False
400862814:206128430,193759226,193759226,trade,Sell,GOLD,0.03,,4124.93,,,0.0,0.0,,0.0,,0,,400862814,A_main_trade,USD,2026-07-23T09:12:40+02:00,2026-07-23T09:12:40+02:00,2026-07-23T14:12:40+07:00,2026-07-23T14:12:40+07:00,2026-07-23,2026-07-23,,,,,,,MT5,69d579f3-bc6b-4cd8-ad05-ebc3ecc8720d,2026-07-24T02:00:04Z,227aeb971d2d478c2eb70eb9782ecc83a5cb2247205028149156cd66e19f5f2f,False
400862814:206128428,193759225,193759225,trade,Sell,GOLD,0.03,,4124.86,,,0.0,0.0,,0.0,,0,,400862814,A_main_trade,USD,2026-07-23T09:12:39+02:00,2026-07-23T09:12:39+02:00,2026-07-23T14:12:39+07:00,2026-07-23T14:12:39+07:00,2026-07-23,2026-07-23,,,,,,,MT5,69d579f3-bc6b-4cd8-ad05-ebc3ecc8720d,2026-07-24T02:00:04Z,01dcdae445cd31d689e5efd79a66a10e886fa6b96ad64208dd522068a17a1d02,False
400862814:206127690,193758483,193758483,trade,Sell,GOLD,0.03,,4124.72,,,0.0,0.0,,0.0,,0,,400862814,A_main_trade,USD,2026-07-23T09:08:43+02:00,2026-07-23T09:08:43+02:00,2026-07-23T14:08:43+07:00,2026-07-23T14:08:43+07:00,2026-07-23,2026-07-23,,,,,,,MT5,69d579f3-bc6b-4cd8-ad05-ebc3ecc8720d,2026-07-24T02:00:04Z,cc0ca2b444afb755695f1a640c0a08204a604ec88a45f37117df7a46c1108799,False
400862814:206127678,193758472,193758472,trade,Sell,GOLD,0.03,,4124.75,,,0.0,0.0,,0.0,,0,,400862814,A_main_trade,USD,2026-07-23T09:08:41+02:00,2026-07-23T09:08:41+02:00,2026-07-23T14:08:41+07:00,2026-07-23T14:08:41+07:00,2026-07-23,2026-07-23,,,,,,,MT5,69d579f3-bc6b-4cd8-ad05-ebc3ecc8720d,2026-07-24T02:00:04Z,12e716595bb77c3ee52be95d37d30eaaacf08ec5f8932bb7da9d73a55e26723a,False
400862814:206124822,193755614,193755614,trade,Sell,GOLD,0.03,,4125.58,,,0.0,0.0,,0.0,,0,,400862814,A_main_trade,USD,2026-07-23T08:57:56+02:00,2026-07-23T08:57:56+02:00,2026-07-23T13:57:56+07:00,2026-07-23T13:57:56+07:00,2026-07-23,2026-07-23,,,,,,,MT5,69d579f3-bc6b-4cd8-ad05-ebc3ecc8720d,2026-07-24T02:00:04Z,ce40f69b05af28b6acd56ca034eca1fef33d8224d85bd2a99fedaa7ca400e841,False
400862814:206124814,193755606,193755606,trade,Sell,GOLD,0.03,,4125.55,,,0.0,0.0,,0.0,,0,,400862814,A_main_trade,USD,2026-07-23T08:57:55+02:00,2026-07-23T08:57:55+02:00,2026-07-23T13:57:55+07:00,2026-07-23T13:57:55+07:00,2026-07-23,2026-07-23,,,,,,,MT5,69d579f3-bc6b-4cd8-ad05-ebc3ecc8720d,2026-07-24T02:00:04Z,97f8f8dda40767c72fc7509407e7271b31433b93c59a4b19b73f5a0c96a22e0d,False
400862814:206124791,193755585,193755508,trade,Buy,GOLD,0.03,,4126.41,,,0.0,0.0,,-5.82,,0,,400862814,A_main_trade,USD,2026-07-23T08:57:49+02:00,2026-07-23T08:57:49+02:00,2026-07-23T13:57:49+07:00,2026-07-23T13:57:49+07:00,2026-07-23,2026-07-23,,,,,,,MT5,69d579f3-bc6b-4cd8-ad05-ebc3ecc8720d,2026-07-24T02:00:04Z,4ca03e5d0634f5eeb5ef3c595e9f9740949642b7a08745c7c8c11921616b2cee,False
400862814:206124730,193755525,193755525,trade,Sell,GOLD,0.03,,4125.47,,,0.0,0.0,,0.0,,0,,400862814,A_main_trade,USD,2026-07-23T08:57:32+02:00,2026-07-23T08:57:32+02:00,2026-07-23T13:57:32+07:00,2026-07-23T13:57:32+07:00,2026-07-23,2026-07-23,,,,,,,MT5,69d579f3-bc6b-4cd8-ad05-ebc3ecc8720d,2026-07-24T02:00:04Z,d9c4565af89476748bbbb0edc6a53895c6d74ee72d2275539edc4089a285c71c,False
400862814:206124709,193755508,193755508,trade,Sell,GOLD,0.03,,4124.47,,,0.0,0.0,,0.0,,0,,400862814,A_main_trade,USD,2026-07-23T08:57:22+02:00,2026-07-23T08:57:22+02:00,2026-07-23T13:57:22+07:00,2026-07-23T13:57:22+07:00,2026-07-23,2026-07-23,,,,,,,MT5,69d579f3-bc6b-4cd8-ad05-ebc3ecc8720d,2026-07-24T02:00:04Z,89cf83881419ab321d6cbbd1292065f48a3f3fe2c63374c129419a1cefd2e934,False
400862814:206123546,193754406,193752884,trade,Sell,GOLD,0.03,,4125.03,,,0.0,0.0,,-7.5,,0,,400862814,A_main_trade,USD,2026-07-23T08:51:41+02:00,2026-07-23T08:51:41+02:00,2026-07-23T13:51:41+07:00,2026-07-23T13:51:41+07:00,2026-07-23,2026-07-23,,,,,,,MT5,69d579f3-bc6b-4cd8-ad05-ebc3ecc8720d,2026-07-24T02:00:04Z,2db98a884a300c4030a37dd25add73bb21ba8e1d8c577e1e8ae97b690c1e7f55,False
400862814:206123547,193754412,193753321,trade,Sell,GOLD,0.03,,4125.03,,,0.0,0.0,,-3.06,,0,,400862814,A_main_trade,USD,2026-07-23T08:51:41+02:00,2026-07-23T08:51:41+02:00,2026-07-23T13:51:41+07:00,2026-07-23T13:51:41+07:00,2026-07-23,2026-07-23,,,,,,,MT5,69d579f3-bc6b-4cd8-ad05-ebc3ecc8720d,2026-07-24T02:00:04Z,ba1eb9aefaef088b8344f12f6cdd64503e4643baa71a7a739c924b8bbc923596,False
400862814:206123548,193754408,193751392,trade,Sell,GOLD,0.03,,4125.03,,,0.0,0.0,,-6.78,,0,,400862814,A_main_trade,USD,2026-07-23T08:51:41+02:00,2026-07-23T08:51:41+02:00,2026-07-23T13:51:41+07:00,2026-07-23T13:51:41+07:00,2026-07-23,2026-07-23,,,,,,,MT5,69d579f3-bc6b-4cd8-ad05-ebc3ecc8720d,2026-07-24T02:00:04Z,93150681c52d21c13355aed6f7dea1e3eda8beb6ef38ff93c096e3f07986ecf4,False
400862814:206123549,193754413,193753331,trade,Sell,GOLD,0.03,,4125.03,,,0.0,0.0,,-3.21,,0,,400862814,A_main_trade,USD,2026-07-23T08:51:41+02:00,2026-07-23T08:51:41+02:00,2026-07-23T13:51:41+07:00,2026-07-23T13:51:41+07:00,2026-07-23,2026-07-23,,,,,,,MT5,69d579f3-bc6b-4cd8-ad05-ebc3ecc8720d,2026-07-24T02:00:04Z,3506337884f586f26fdcc98c802876cf1d02f3ca9f36cc4021e0f075f61152c7,False
400862814:206123550,193754410,193751154,trade,Sell,GOLD,0.03,,4125.03,,,0.0,0.0,,-8.91,,0,,400862814,A_main_trade,USD,2026-07-23T08:51:41+02:00,2026-07-23T08:51:41+02:00,2026-07-23T13:51:41+07:00,2026-07-23T13:51:41+07:00,2026-07-23,2026-07-23,,,,,,,MT5,69d579f3-bc6b-4cd8-ad05-ebc3ecc8720d,2026-07-24T02:00:04Z,f35477f66923853aa9ef59151acc54648b2d10d7928f9f668a03fe57f2b217c2,False
400862814:206123551,193754407,193752870,trade,Sell,GOLD,0.03,,4125.03,,,0.0,0.0,,-8.76,,0,,400862814,A_main_trade,USD,2026-07-23T08:51:41+02:00,2026-07-23T08:51:41+02:00,2026-07-23T13:51:41+07:00,2026-07-23T13:51:41+07:00,2026-07-23,2026-07-23,,,,,,,MT5,69d579f3-bc6b-4cd8-ad05-ebc3ecc8720d,2026-07-24T02:00:04Z,0862548a24fe0c314701ce2c62edd302c549c26bd5c9921f500b4c935bb7181b,False
400862814:206123552,193754409,193751380,trade,Sell,GOLD,0.03,,4125.03,,,0.0,0.0,,-6.57,,0,,400862814,A_main_trade,USD,2026-07-23T08:51:41+02:00,2026-07-23T08:51:41+02:00,2026-07-23T13:51:41+07:00,2026-07-23T13:51:41+07:00,2026-07-23,2026-07-23,,,,,,,MT5,69d579f3-bc6b-4cd8-ad05-ebc3ecc8720d,2026-07-24T02:00:04Z,2862641afe26b1cff55827da24f4adfe622adefe829cdb5368518ef36dd3e9ed,False
400862814:206123553,193754411,193751091,trade,Sell,GOLD,0.03,,4125.03,,,0.0,0.0,,-8.55,,0,,400862814,A_main_trade,USD,2026-07-23T08:51:41+02:00,2026-07-23T08:51:41+02:00,2026-07-23T13:51:41+07:00,2026-07-23T13:51:41+07:00,2026-07-23,2026-07-23,,,,,,,MT5,69d579f3-bc6b-4cd8-ad05-ebc3ecc8720d,2026-07-24T02:00:04Z,fa3c6ed748f8290383e5dac51199264640960b2ad330e5bd4751b088c959fbea,False
400862814:206123554,193754414,193753420,trade,Sell,GOLD,0.03,,4125.03,,,0.0,0.0,,-3.03,,0,,400862814,A_main_trade,USD,2026-07-23T08:51:41+02:00,2026-07-23T08:51:41+02:00,2026-07-23T13:51:41+07:00,2026-07-23T13:51:41+07:00,2026-07-23,2026-07-23,,,,,,,MT5,69d579f3-bc6b-4cd8-ad05-ebc3ecc8720d,2026-07-24T02:00:04Z,60615cba7b931f2078d4cb6f9ddd94ba80980d3890ab3bc769531da46ad6c0de,False
400862814:206122548,193753420,193753420,trade,Buy,GOLD,0.03,,4126.04,,,0.0,0.0,,0.0,,0,,400862814,A_main_trade,USD,2026-07-23T08:47:52+02:00,2026-07-23T08:47:52+02:00,2026-07-23T13:47:52+07:00,2026-07-23T13:47:52+07:00,2026-07-23,2026-07-23,,,,,,,MT5,69d579f3-bc6b-4cd8-ad05-ebc3ecc8720d,2026-07-24T02:00:04Z,de480a834bd53b9f91865b912518c46396f09215bbf9eec87bee94427af9104b,False
400862814:206122458,193753331,193753331,trade,Buy,GOLD,0.03,,4126.1,,,0.0,0.0,,0.0,,0,,400862814,A_main_trade,USD,2026-07-23T08:47:38+02:00,2026-07-23T08:47:38+02:00,2026-07-23T13:47:38+07:00,2026-07-23T13:47:38+07:00,2026-07-23,2026-07-23,,,,,,,MT5,69d579f3-bc6b-4cd8-ad05-ebc3ecc8720d,2026-07-24T02:00:04Z,b49c090726e72ba7a8a56aea08239503f51fcac4a44db679828abe8eae75c5df,False
400862814:206122449,193753321,193753321,trade,Buy,GOLD,0.03,,4126.05,,,0.0,0.0,,0.0,,0,,400862814,A_main_trade,USD,2026-07-23T08:47:36+02:00,2026-07-23T08:47:36+02:00,2026-07-23T13:47:36+07:00,2026-07-23T13:47:36+07:00,2026-07-23,2026-07-23,,,,,,,MT5,69d579f3-bc6b-4cd8-ad05-ebc3ecc8720d,2026-07-24T02:00:04Z,e5cf34714b79c40205419fd2f996b6b47efe614ce7c719ab479b9b56e56d4c2d,False
400862814:206122002,193752884,193752884,trade,Buy,GOLD,0.03,,4127.53,,,0.0,0.0,,0.0,,0,,400862814,A_main_trade,USD,2026-07-23T08:46:28+02:00,2026-07-23T08:46:28+02:00,2026-07-23T13:46:28+07:00,2026-07-23T13:46:28+07:00,2026-07-23,2026-07-23,,,,,,,MT5,69d579f3-bc6b-4cd8-ad05-ebc3ecc8720d,2026-07-24T02:00:04Z,82be35b287994244229add14e0b9b56f4182e866f5f9784845a7fbfe38e40885,False
400862814:206121988,193752870,193752870,trade,Buy,GOLD,0.03,,4127.95,,,0.0,0.0,,0.0,,0,,400862814,A_main_trade,USD,2026-07-23T08:46:25+02:00,2026-07-23T08:46:25+02:00,2026-07-23T13:46:25+07:00,2026-07-23T13:46:25+07:00,2026-07-23,2026-07-23,,,,,,,MT5,69d579f3-bc6b-4cd8-ad05-ebc3ecc8720d,2026-07-24T02:00:04Z,0117c4481590c576bd9b538955f6a398fb5229b5db349210619ddfc6f2a34f0e,False
400862814:206121436,193752333,193751029,trade,Sell,GOLD,0.03,,4128.43,,,0.0,0.0,,0.39,,0,,400862814,A_main_trade,USD,2026-07-23T08:44:44+02:00,2026-07-23T08:44:44+02:00,2026-07-23T13:44:44+07:00,2026-07-23T13:44:44+07:00,2026-07-23,2026-07-23,,,,,,,MT5,69d579f3-bc6b-4cd8-ad05-ebc3ecc8720d,2026-07-24T02:00:04Z,53dee2cd8c2b06c48389024053abed0f1da982189c213a73dec940ac5e1be554,False
400862814:206121412,193752308,193751046,trade,Sell,GOLD,0.03,,4129.01,,,0.0,0.0,,2.49,,0,,400862814,A_main_trade,USD,2026-07-23T08:44:38+02:00,2026-07-23T08:44:38+02:00,2026-07-23T13:44:38+07:00,2026-07-23T13:44:38+07:00,2026-07-23,2026-07-23,,,,,,,MT5,69d579f3-bc6b-4cd8-ad05-ebc3ecc8720d,2026-07-24T02:00:04Z,779597accd957d093f4bc862122f9501fa03abc7fe2b3719aa6adafc4a1e59cc,False
400862814:206120856,193751755,193749899,trade,Sell,GOLD,0.03,,4126.42,,,0.0,0.0,,-9.63,,0,,400862814,A_main_trade,USD,2026-07-23T08:43:30+02:00,2026-07-23T08:43:30+02:00,2026-07-23T13:43:30+07:00,2026-07-23T13:43:30+07:00,2026-07-23,2026-07-23,,,,,,,MT5,69d579f3-bc6b-4cd8-ad05-ebc3ecc8720d,2026-07-24T02:00:04Z,a42a619521b9e51df6f3c879674a4c8f2cc43d80ff485d8665711b0168e9e37d,False
400862814:206120754,193751663,193749978,trade,Sell,GOLD,0.03,,4127.21,,,0.0,0.0,,-7.26,,0,,400862814,A_main_trade,USD,2026-07-23T08:43:14+02:00,2026-07-23T08:43:14+02:00,2026-07-23T13:43:14+07:00,2026-07-23T13:43:14+07:00,2026-07-23,2026-07-23,,,,,,,MT5,69d579f3-bc6b-4cd8-ad05-ebc3ecc8720d,2026-07-24T02:00:04Z,c5d86c6b7550e1bc162f4aca73978c64e2cdcaf5ed146ba5d17ea0742f2defe3,False
400862814:206120472,193751392,193751392,trade,Buy,GOLD,0.03,,4127.29,,,0.0,0.0,,0.0,,0,,400862814,A_main_trade,USD,2026-07-23T08:42:57+02:00,2026-07-23T08:42:57+02:00,2026-07-23T13:42:57+07:00,2026-07-23T13:42:57+07:00,2026-07-23,2026-07-23,,,,,,,MT5,69d579f3-bc6b-4cd8-ad05-ebc3ecc8720d,2026-07-24T02:00:04Z,d93a0c35c91096c7da8ad99d66dfc72416f7c1853211f28d4c608afff1a48bdb,False
400862814:206120460,193751380,193751380,trade,Buy,GOLD,0.03,,4127.22,,,0.0,0.0,,0.0,,0,,400862814,A_main_trade,USD,2026-07-23T08:42:56+02:00,2026-07-23T08:42:56+02:00,2026-07-23T13:42:56+07:00,2026-07-23T13:42:56+07:00,2026-07-23,2026-07-23,,,,,,,MT5,69d579f3-bc6b-4cd8-ad05-ebc3ecc8720d,2026-07-24T02:00:04Z,74d0d8413068a1aa498da4827f019494d56ee3f8d1a3580bcb546c3aae7dd558,False
400862814:206120376,193751298,193750211,trade,Sell,GOLD,0.03,,4126.68,,,0.0,0.0,,-9.93,,0,,400862814,A_main_trade,USD,2026-07-23T08:42:51+02:00,2026-07-23T08:42:51+02:00,2026-07-23T13:42:51+07:00,2026-07-23T13:42:51+07:00,2026-07-23,2026-07-23,,,,,,,MT5,69d579f3-bc6b-4cd8-ad05-ebc3ecc8720d,2026-07-24T02:00:04Z,526dacf1d205dc50a8e8e122a36d24eb68aeaecb40d8b8101af3b56ef2921937,False
400862814:206120332,193751260,193750217,trade,Sell,GOLD,0.03,,4127.13,,,0.0,0.0,,-8.49,,0,,400862814,A_main_trade,USD,2026-07-23T08:42:50+02:00,2026-07-23T08:42:50+02:00,2026-07-23T13:42:50+07:00,2026-07-23T13:42:50+07:00,2026-07-23,2026-07-23,,,,,,,MT5,69d579f3-bc6b-4cd8-ad05-ebc3ecc8720d,2026-07-24T02:00:04Z,f3473f0dbd4abc53b0ff997c000bb760462db7be5d5b0f424dddedae9e4177d6,False
400862814:206120292,193751220,193749544,trade,Sell,GOLD,0.03,,4127.39,,,0.0,0.0,,-8.79,,0,,400862814,A_main_trade,USD,2026-07-23T08:42:47+02:00,2026-07-23T08:42:47+02:00,2026-07-23T13:42:47+07:00,2026-07-23T13:42:47+07:00,2026-07-23,2026-07-23,,,,,,,MT5,69d579f3-bc6b-4cd8-ad05-ebc3ecc8720d,2026-07-24T02:00:04Z,705f07486180313f9ad07ad8ee95e579c4fb6ae730f1840d0c815d66e250435f,False
400862814:206120225,193751154,193751154,trade,Buy,GOLD,0.03,,4128.0,,,0.0,0.0,,0.0,,0,,400862814,A_main_trade,USD,2026-07-23T08:42:44+02:00,2026-07-23T08:42:44+02:00,2026-07-23T13:42:44+07:00,2026-07-23T13:42:44+07:00,2026-07-23,2026-07-23,,,,,,,MT5,69d579f3-bc6b-4cd8-ad05-ebc3ecc8720d,2026-07-24T02:00:04Z,b57cd118409020b9279e8881a7129dc7f121259b28b7105b477562b07d580d1e,False
400862814:206120159,193751091,193751091,trade,Buy,GOLD,0.03,,4127.88,,,0.0,0.0,,0.0,,0,,400862814,A_main_trade,USD,2026-07-23T08:42:40+02:00,2026-07-23T08:42:40+02:00,2026-07-23T13:42:40+07:00,2026-07-23T13:42:40+07:00,2026-07-23,2026-07-23,,,,,,,MT5,69d579f3-bc6b-4cd8-ad05-ebc3ecc8720d,2026-07-24T02:00:04Z,a716a5c0ad3e3f68ced99a60e5612679d1e4e8b05fd5139cad942ed5f685d1c9,False
400862814:206120108,193751046,193751046,trade,Buy,GOLD,0.03,,4128.18,,,0.0,0.0,,0.0,,0,,400862814,A_main_trade,USD,2026-07-23T08:42:38+02:00,2026-07-23T08:42:38+02:00,2026-07-23T13:42:38+07:00,2026-07-23T13:42:38+07:00,2026-07-23,2026-07-23,,,,,,,MT5,69d579f3-bc6b-4cd8-ad05-ebc3ecc8720d,2026-07-24T02:00:04Z,246c132f2f2215425b45a0b36cec1f173bd9939538311e32a341a9ac8052f077,False
400862814:206120091,193751029,193751029,trade,Buy,GOLD,0.03,,4128.3,,,0.0,0.0,,0.0,,0,,400862814,A_main_trade,USD,2026-07-23T08:42:37+02:00,2026-07-23T08:42:37+02:00,2026-07-23T13:42:37+07:00,2026-07-23T13:42:37+07:00,2026-07-23,2026-07-23,,,,,,,MT5,69d579f3-bc6b-4cd8-ad05-ebc3ecc8720d,2026-07-24T02:00:04Z,dcd7dae6b9dd83892bb5474a3ed25eedbc9d992c79253766c1533df489aad96d,False
400862814:206119268,193750217,193750217,trade,Buy,GOLD,0.03,,4129.96,,,0.0,0.0,,0.0,,0,,400862814,A_main_trade,USD,2026-07-23T08:40:11+02:00,2026-07-23T08:40:11+02:00,2026-07-23T13:40:11+07:00,2026-07-23T13:40:11+07:00,2026-07-23,2026-07-23,,,,,,,MT5,69d579f3-bc6b-4cd8-ad05-ebc3ecc8720d,2026-07-24T02:00:04Z,db30a07b60ab8f778235d97a6cd691105cd0e9702066c09186d2ab2de9e8227f,False
400862814:206119262,193750211,193750211,trade,Buy,GOLD,0.03,,4129.99,,,0.0,0.0,,0.0,,0,,400862814,A_main_trade,USD,2026-07-23T08:40:07+02:00,2026-07-23T08:40:07+02:00,2026-07-23T13:40:07+07:00,2026-07-23T13:40:07+07:00,2026-07-23,2026-07-23,,,,,,,MT5,69d579f3-bc6b-4cd8-ad05-ebc3ecc8720d,2026-07-24T02:00:04Z,2b27164a0a977e8401a9f6073ac7b8dc2d36d2f3e85e1b67762c483201abbee8,False
400862814:206119006,193749978,193749978,trade,Buy,GOLD,0.03,,4129.63,,,0.0,0.0,,0.0,,0,,400862814,A_main_trade,USD,2026-07-23T08:38:31+02:00,2026-07-23T08:38:31+02:00,2026-07-23T13:38:31+07:00,2026-07-23T13:38:31+07:00,2026-07-23,2026-07-23,,,,,,,MT5,69d579f3-bc6b-4cd8-ad05-ebc3ecc8720d,2026-07-24T02:00:04Z,2c6b52c2adaf29317e4659cbaa1b9bdcc1ef4edd58bed8267d0abf62968cc51f,False
400862814:206118975,193749944,193749281,trade,Sell,GOLD,0.03,,4129.06,,,0.0,0.0,,-4.11,,0,,400862814,A_main_trade,USD,2026-07-23T08:38:22+02:00,2026-07-23T08:38:22+02:00,2026-07-23T13:38:22+07:00,2026-07-23T13:38:22+07:00,2026-07-23,2026-07-23,,,,,,,MT5,69d579f3-bc6b-4cd8-ad05-ebc3ecc8720d,2026-07-24T02:00:04Z,30288ece8900b9102863aabd7922f45e0e4e84b423fcb4b346a7cf5640ab0a7a,False
400862814:206118972,193749941,193749542,trade,Sell,GOLD,0.03,,4129.08,,,0.0,0.0,,-3.7800000000000002,,0,,400862814,A_main_trade,USD,2026-07-23T08:38:21+02:00,2026-07-23T08:38:21+02:00,2026-07-23T13:38:21+07:00,2026-07-23T13:38:21+07:00,2026-07-23,2026-07-23,,,,,,,MT5,69d579f3-bc6b-4cd8-ad05-ebc3ecc8720d,2026-07-24T02:00:04Z,e4e7730cc5e676dd035b0ff0e013c9a53b0f14cbbd1af9808962bfa0eff6925f,False
400862814:206118964,193749933,193749537,trade,Sell,GOLD,0.03,,4129.02,,,0.0,0.0,,-4.65,,0,,400862814,A_main_trade,USD,2026-07-23T08:38:18+02:00,2026-07-23T08:38:18+02:00,2026-07-23T13:38:18+07:00,2026-07-23T13:38:18+07:00,2026-07-23,2026-07-23,,,,,,,MT5,69d579f3-bc6b-4cd8-ad05-ebc3ecc8720d,2026-07-24T02:00:04Z,45cf0d04c77ee4ffdb30eb8495cc96c231a6e5d7ef610e75308c010078994f3b,False
400862814:206118928,193749899,193749899,trade,Buy,GOLD,0.03,,4129.63,,,0.0,0.0,,0.0,,0,,400862814,A_main_trade,USD,2026-07-23T08:38:11+02:00,2026-07-23T08:38:11+02:00,2026-07-23T13:38:11+07:00,2026-07-23T13:38:11+07:00,2026-07-23,2026-07-23,,,,,,,MT5,69d579f3-bc6b-4cd8-ad05-ebc3ecc8720d,2026-07-24T02:00:04Z,007c67e336713efdec65f745b7675f8263f96dd629061ae434dc7501d2a0e358,False
400862814:206118565,193749544,193749544,trade,Buy,GOLD,0.03,,4130.32,,,0.0,0.0,,0.0,,0,,400862814,A_main_trade,USD,2026-07-23T08:36:32+02:00,2026-07-23T08:36:32+02:00,2026-07-23T13:36:32+07:00,2026-07-23T13:36:32+07:00,2026-07-23,2026-07-23,,,,,,,MT5,69d579f3-bc6b-4cd8-ad05-ebc3ecc8720d,2026-07-24T02:00:04Z,77a569789ee6ac6b94040075df61601e9bfa7591718591a2851c58bc76060fe6,False
400862814:206118563,193749542,193749542,trade,Buy,GOLD,0.03,,4130.34,,,0.0,0.0,,0.0,,0,,400862814,A_main_trade,USD,2026-07-23T08:36:30+02:00,2026-07-23T08:36:30+02:00,2026-07-23T13:36:30+07:00,2026-07-23T13:36:30+07:00,2026-07-23,2026-07-23,,,,,,,MT5,69d579f3-bc6b-4cd8-ad05-ebc3ecc8720d,2026-07-24T02:00:04Z,898286a27f2ba06ce0f114b48aa852a416149a81bc3cb2f7452340ba5ab750c3,False
400862814:206118560,193749537,193749537,trade,Buy,GOLD,0.03,,4130.57,,,0.0,0.0,,0.0,,0,,400862814,A_main_trade,USD,2026-07-23T08:36:28+02:00,2026-07-23T08:36:28+02:00,2026-07-23T13:36:28+07:00,2026-07-23T13:36:28+07:00,2026-07-23,2026-07-23,,,,,,,MT5,69d579f3-bc6b-4cd8-ad05-ebc3ecc8720d,2026-07-24T02:00:04Z,e39eb80567e6481b37ec833347c93c0e256932f180637db6d163c7bcc0926ebb,False
400862814:206118304,193749281,193749281,trade,Buy,GOLD,0.03,,4130.43,,,0.0,0.0,,0.0,,0,,400862814,A_main_trade,USD,2026-07-23T08:35:11+02:00,2026-07-23T08:35:11+02:00,2026-07-23T13:35:11+07:00,2026-07-23T13:35:11+07:00,2026-07-23,2026-07-23,,,,,,,MT5,69d579f3-bc6b-4cd8-ad05-ebc3ecc8720d,2026-07-24T02:00:04Z,f20642d739ca695aa63101f43233f6c4348df412cf9c6f6b563fc26431d0df6e,False
400862814:206068822,0,0,deposit,Deposit,,0.0,,0.0,,,0.0,0.0,,512.73,CD-ZTP-BWR 251051345,0,,400862814,A_main_trade,USD,2026-07-23T06:26:00+02:00,2026-07-23T06:26:00+02:00,2026-07-23T11:26:00+07:00,2026-07-23T11:26:00+07:00,2026-07-23,2026-07-23,,,,,,,MT5,69d579f3-bc6b-4cd8-ad05-ebc3ecc8720d,2026-07-24T02:00:04Z,fd1f7d821bc109e485cd70660f7de5274a23bf3c0456e989edeef33d74d304ca,False
400862814:206068825,0,0,deposit,Deposit,,0.0,,0.0,,,0.0,0.0,,17.67,EXP05-ZTP-BWR 251051345,0,,400862814,A_main_trade,USD,2026-07-23T06:26:00+02:00,2026-07-23T06:26:00+02:00,2026-07-23T11:26:00+07:00,2026-07-23T11:26:00+07:00,2026-07-23,2026-07-23,,,,,,,MT5,69d579f3-bc6b-4cd8-ad05-ebc3ecc8720d,2026-07-24T02:00:04Z,53ed83c82c9d9c2a0d63fc08f5614ea3bf065e348b0824ec4da0bec57db572d8,False
400862814:206068827,0,0,credit,Credit,,0.0,,0.0,,,0.0,0.0,,500.0,Credit-In-100%-$500,0,,400862814,A_main_trade,USD,2026-07-23T06:26:00+02:00,2026-07-23T06:26:00+02:00,2026-07-23T11:26:00+07:00,2026-07-23T11:26:00+07:00,2026-07-23,2026-07-23,,,,,,,MT5,69d579f3-bc6b-4cd8-ad05-ebc3ecc8720d,2026-07-24T02:00:04Z,ca3ede7daf04cca6b6084e14b0b5e4a5befea10ce6b91801f156cfd3725d150b,False
400862814:206068828,0,0,credit,Credit,,0.0,,0.0,,,0.0,0.0,,6.08,Credit-In-20%-$300-Month-Tier1,0,,400862814,A_main_trade,USD,2026-07-23T06:26:00+02:00,2026-07-23T06:26:00+02:00,2026-07-23T11:26:00+07:00,2026-07-23T11:26:00+07:00,2026-07-23,2026-07-23,,,,,,,MT5,69d579f3-bc6b-4cd8-ad05-ebc3ecc8720d,2026-07-24T02:00:04Z,280281ccf208cae4989d46464901193a2efbdb959b0c0eec353a8a10334396cc,False
400862814:195693151,0,0,credit,Credit,,0.0,,0.0,,,0.0,0.0,,-0.8,Credit Out-Inactivity,0,,400862814,A_main_trade,USD,2026-07-01T09:23:40+02:00,2026-07-01T09:23:40+02:00,2026-07-01T14:23:40+07:00,2026-07-01T14:23:40+07:00,2026-07-01,2026-07-01,,,,,,,MT5,d00bdacc-d637-4d9a-8734-8adf7b125e84,2026-07-02T02:00:04Z,3911cc46bbebc0f07990784b3afb1c6deef4c1ed22cc2ff4824f23c9bb3666c1,False
400862814:139484669,130822565,130815361,trade,Sell,GOLD,0.01,,4344.93,,,0.0,0.0,,-22.0,[so 18.31%/0.80/4.37],0,,400862814,A_main_trade,USD,2026-03-23T09:30:07+02:00,2026-03-23T09:30:07+02:00,2026-03-23T14:30:07+07:00,2026-03-23T14:30:07+07:00,2026-03-23,2026-03-23,,,,,,,MT5,6e81ff47-fbb3-43f5-99f5-ae6d60f1e595,2026-03-24T02:00:02Z,65aa04bc7a7bf7c7fd85976ba08596d15c5f93617bab5b49a7c5a52cc2547651,False
400862814:139484682,0,0,deposit,Deposit,,0.0,,0.0,,,0.0,0.0,,24.31,EXP06,0,,400862814,A_main_trade,USD,2026-03-23T09:30:07+02:00,2026-03-23T09:30:07+02:00,2026-03-23T14:30:07+07:00,2026-03-23T14:30:07+07:00,2026-03-23,2026-03-23,,,,,,,MT5,6e81ff47-fbb3-43f5-99f5-ae6d60f1e595,2026-03-24T02:00:02Z,f965aaad5475411b120bd284f07e757f8026d33b59c4515d8c45631055062eb3,False
400862814:139484684,0,0,credit,Credit,,0.0,,0.0,,,0.0,0.0,,-24.31,Credit Out,0,,400862814,A_main_trade,USD,2026-03-23T09:30:07+02:00,2026-03-23T09:30:07+02:00,2026-03-23T14:30:07+07:00,2026-03-23T14:30:07+07:00,2026-03-23,2026-03-23,,,,,,,MT5,6e81ff47-fbb3-43f5-99f5-ae6d60f1e595,2026-03-24T02:00:02Z,9d18b35b4334001b669db2bf74be80048899f62e60ee4917061cd4e87389de9e,False
400862814:139478536,130816916,130815231,trade,Sell,GOLD,0.01,,4359.22,,,0.0,0.0,,-8.51,,0,,400862814,A_main_trade,USD,2026-03-23T09:22:45+02:00,2026-03-23T09:22:45+02:00,2026-03-23T14:22:45+07:00,2026-03-23T14:22:45+07:00,2026-03-23,2026-03-23,,,,,,,MT5,6e81ff47-fbb3-43f5-99f5-ae6d60f1e595,2026-03-24T02:00:02Z,3f37c15dfc7bd8531e6653c5793269f8ba05b7c97e80dfdd98c1ba6fd4e5261c,False
400862814:139476833,130815361,130815361,trade,Buy,GOLD,0.01,,4366.93,,,0.0,0.0,,0.0,,0,,400862814,A_main_trade,USD,2026-03-23T09:20:21+02:00,2026-03-23T09:20:21+02:00,2026-03-23T14:20:21+07:00,2026-03-23T14:20:21+07:00,2026-03-23,2026-03-23,,,,,,,MT5,6e81ff47-fbb3-43f5-99f5-ae6d60f1e595,2026-03-24T02:00:02Z,faac149ddc89a3221c6cc705b40580dfff9c9e6cdbaf2ebeb69982cdc0dd6cea,False
400862814:139476690,130815231,130815231,trade,Buy,GOLD,0.01,,4367.73,,,0.0,0.0,,0.0,,0,,400862814,A_main_trade,USD,2026-03-23T09:20:07+02:00,2026-03-23T09:20:07+02:00,2026-03-23T14:20:07+07:00,2026-03-23T14:20:07+07:00,2026-03-23,2026-03-23,,,,,,,MT5,6e81ff47-fbb3-43f5-99f5-ae6d60f1e595,2026-03-24T02:00:02Z,663f97e5bcdbc6ce55accfcb3f1b0842c9a09e1508d2ce5cb5bd8afc22555045,False
400862814:139475163,130813772,130813267,trade,Buy,GOLD,0.01,,4367.97,,,0.0,0.0,,0.89,,0,,400862814,A_main_trade,USD,2026-03-23T09:18:46+02:00,2026-03-23T09:18:46+02:00,2026-03-23T14:18:46+07:00,2026-03-23T14:18:46+07:00,2026-03-23,2026-03-23,,,,,,,MT5,6e81ff47-fbb3-43f5-99f5-ae6d60f1e595,2026-03-24T02:00:02Z,84d821877a1c4335bf846404af3be91c196cdb453839d9f78593fbfcf09b118e,False
400862814:139474614,130813267,130813267,trade,Sell,GOLD,0.01,,4368.86,,,0.0,0.0,,0.0,,0,,400862814,A_main_trade,USD,2026-03-23T09:18:07+02:00,2026-03-23T09:18:07+02:00,2026-03-23T14:18:07+07:00,2026-03-23T14:18:07+07:00,2026-03-23,2026-03-23,,,,,,,MT5,6e81ff47-fbb3-43f5-99f5-ae6d60f1e595,2026-03-24T02:00:02Z,0cf3cc8a24834972ea580fd56343e411730d7148769071db132ce93e6f43c530,False
400862814:139473455,130812153,130811853,trade,Buy,GOLD,0.01,,4370.05,,,0.0,0.0,,0.92,,0,,400862814,A_main_trade,USD,2026-03-23T09:16:01+02:00,2026-03-23T09:16:01+02:00,2026-03-23T14:16:01+07:00,2026-03-23T14:16:01+07:00,2026-03-23,2026-03-23,,,,,,,MT5,6e81ff47-fbb3-43f5-99f5-ae6d60f1e595,2026-03-24T02:00:02Z,2e542624bb48fdf191b60e37d591538658e918d4d2cd3632a45371a2a988b9c8,False
400862814:139473435,130812132,130811932,trade,Buy,GOLD,0.01,,4369.63,,,0.0,0.0,,1.78,,0,,400862814,A_main_trade,USD,2026-03-23T09:15:59+02:00,2026-03-23T09:15:59+02:00,2026-03-23T14:15:59+07:00,2026-03-23T14:15:59+07:00,2026-03-23,2026-03-23,,,,,,,MT5,6e81ff47-fbb3-43f5-99f5-ae6d60f1e595,2026-03-24T02:00:02Z,a9d95eb0b8d38879968ceb33777fef33bb2855575abe9045fd0f2b226d741e93,False
400862814:139473215,130811932,130811932,trade,Sell,GOLD,0.01,,4371.41,,,0.0,0.0,,0.0,,0,,400862814,A_main_trade,USD,2026-03-23T09:15:41+02:00,2026-03-23T09:15:41+02:00,2026-03-23T14:15:41+07:00,2026-03-23T14:15:41+07:00,2026-03-23,2026-03-23,,,,,,,MT5,6e81ff47-fbb3-43f5-99f5-ae6d60f1e595,2026-03-24T02:00:02Z,8f8f92c90d37c059ac0070e04f7344a51d3233670aeff63c813686eed1b8ebd1,False
400862814:139473128,130811853,130811853,trade,Sell,GOLD,0.01,,4370.97,,,0.0,0.0,,0.0,,0,,400862814,A_main_trade,USD,2026-03-23T09:15:26+02:00,2026-03-23T09:15:26+02:00,2026-03-23T14:15:26+07:00,2026-03-23T14:15:26+07:00,2026-03-23,2026-03-23,,,,,,,MT5,6e81ff47-fbb3-43f5-99f5-ae6d60f1e595,2026-03-24T02:00:02Z,dd89802c91bf35082c6df43af1a01b1be386ae9935c400d0cd0097e7dde7fe82,False
400862814:139469084,130808013,130807337,trade,Sell,GOLD,0.01,,4378.27,,,0.0,0.0,,3.23,,0,,400862814,A_main_trade,USD,2026-03-23T09:07:53+02:00,2026-03-23T09:07:53+02:00,2026-03-23T14:07:53+07:00,2026-03-23T14:07:53+07:00,2026-03-23,2026-03-23,,,,,,,MT5,6e81ff47-fbb3-43f5-99f5-ae6d60f1e595,2026-03-24T02:00:02Z,01bf3d19b491c595df4a891e89dbd621401620728b092d407c34427ed4e87d14,False
400862814:139468365,130807337,130807337,trade,Buy,GOLD,0.01,,4375.04,,,0.0,0.0,,0.0,,0,,400862814,A_main_trade,USD,2026-03-23T09:06:29+02:00,2026-03-23T09:06:29+02:00,2026-03-23T14:06:29+07:00,2026-03-23T14:06:29+07:00,2026-03-23,2026-03-23,,,,,,,MT5,6e81ff47-fbb3-43f5-99f5-ae6d60f1e595,2026-03-24T02:00:02Z,d7867b77d7b7963acdc4a5a677c4b36fb23c9282c57063e5461fc17baebb6d42,False
400862814:139463619,130802965,130802766,trade,Sell,GOLD,0.01,,4368.53,,,0.0,0.0,,1.37,,0,,400862814,A_main_trade,USD,2026-03-23T09:00:41+02:00,2026-03-23T09:00:41+02:00,2026-03-23T14:00:41+07:00,2026-03-23T14:00:41+07:00,2026-03-23,2026-03-23,,,,,,,MT5,6e81ff47-fbb3-43f5-99f5-ae6d60f1e595,2026-03-24T02:00:02Z,b51adc183d04258ebbc5de742f5a2b381ca97c5c78f8ec94cfdbf83eb94cf167,False
400862814:139463380,130802766,130802766,trade,Buy,GOLD,0.01,,4367.16,,,0.0,0.0,,0.0,,0,,400862814,A_main_trade,USD,2026-03-23T09:00:30+02:00,2026-03-23T09:00:30+02:00,2026-03-23T14:00:30+07:00,2026-03-23T14:00:30+07:00,2026-03-23,2026-03-23,,,,,,,MT5,6e81ff47-fbb3-43f5-99f5-ae6d60f1e595,2026-03-24T02:00:02Z,f0a27daa4142ae4bc0bc19e58c64a9bd4e0b330cff3d908f78a59459c4912c43,False
400862814:139461379,130800956,130795050,trade,Sell,GOLD,0.01,,4364.3,,,0.0,0.0,,0.93,,0,,400862814,A_main_trade,USD,2026-03-23T08:57:36+02:00,2026-03-23T08:57:36+02:00,2026-03-23T13:57:36+07:00,2026-03-23T13:57:36+07:00,2026-03-23,2026-03-23,,,,,,,MT5,6e81ff47-fbb3-43f5-99f5-ae6d60f1e595,2026-03-24T02:00:02Z,88286bb44515d286e672b0d9192916479e139d87c4e2449c94af7c8c3c59f5c9,False
400862814:139454964,130795050,130795050,trade,Buy,GOLD,0.01,,4363.37,,,0.0,0.0,,0.0,,0,,400862814,A_main_trade,USD,2026-03-23T08:52:27+02:00,2026-03-23T08:52:27+02:00,2026-03-23T13:52:27+07:00,2026-03-23T13:52:27+07:00,2026-03-23,2026-03-23,,,,,,,MT5,6e81ff47-fbb3-43f5-99f5-ae6d60f1e595,2026-03-24T02:00:02Z,065950fc111dad2250a54c0156ee42dafcb8ebef258b362d9e64c4917694b180,False
400862814:139406160,130750388,130745705,trade,Sell,GOLD,0.01,,4356.06,,,0.0,0.0,,-4.24,,0,,400862814,A_main_trade,USD,2026-03-23T07:31:08+02:00,2026-03-23T07:31:08+02:00,2026-03-23T12:31:08+07:00,2026-03-23T12:31:08+07:00,2026-03-23,2026-03-23,,,,,,,MT5,6e81ff47-fbb3-43f5-99f5-ae6d60f1e595,2026-03-24T02:00:02Z,236fe53adf3e45c628b1ca4a253f112707dad8b659f8ef6f0c990ddfaee53be5,False
400862814:139406161,130750387,130746101,trade,Sell,GOLD,0.01,,4356.06,,,0.0,0.0,,-0.9,,0,,400862814,A_main_trade,USD,2026-03-23T07:31:08+02:00,2026-03-23T07:31:08+02:00,2026-03-23T12:31:08+07:00,2026-03-23T12:31:08+07:00,2026-03-23,2026-03-23,,,,,,,MT5,6e81ff47-fbb3-43f5-99f5-ae6d60f1e595,2026-03-24T02:00:02Z,4323e4cc524400e44d2bf15dd678714083439e0dd280d9a22446455dc4e248f6,False
400862814:139401609,130746101,130746101,trade,Buy,GOLD,0.01,,4356.96,,,0.0,0.0,,0.0,,0,,400862814,A_main_trade,USD,2026-03-23T07:23:18+02:00,2026-03-23T07:23:18+02:00,2026-03-23T12:23:18+07:00,2026-03-23T12:23:18+07:00,2026-03-23,2026-03-23,,,,,,,MT5,6e81ff47-fbb3-43f5-99f5-ae6d60f1e595,2026-03-24T02:00:02Z,3cbd355835e98691dea2b235f00ea0aeab22980ecca8968d9dec3db2269d8a31,False
400862814:139401165,130745705,130745705,trade,Buy,GOLD,0.01,,4360.3,,,0.0,0.0,,0.0,,0,,400862814,A_main_trade,USD,2026-03-23T07:22:32+02:00,2026-03-23T07:22:32+02:00,2026-03-23T12:22:32+07:00,2026-03-23T12:22:32+07:00,2026-03-23,2026-03-23,,,,,,,MT5,6e81ff47-fbb3-43f5-99f5-ae6d60f1e595,2026-03-24T02:00:02Z,69005ad89975d9fcb72d6f816be03e33547a161355eb4a6fd90c543b5b09d8a8,False
400862814:139397033,130741924,130741307,trade,Sell,GOLD,0.01,,4353.39,,,0.0,0.0,,2.22,,0,,400862814,A_main_trade,USD,2026-03-23T07:15:43+02:00,2026-03-23T07:15:43+02:00,2026-03-23T12:15:43+07:00,2026-03-23T12:15:43+07:00,2026-03-23,2026-03-23,,,,,,,MT5,6e81ff47-fbb3-43f5-99f5-ae6d60f1e595,2026-03-24T02:00:02Z,8735b3671af7e4efaf536d3168802c1b2c20454227c5dbe034836dd5a4b38227,False
400862814:139396397,130741307,130741307,trade,Buy,GOLD,0.01,,4351.17,,,0.0,0.0,,0.0,,0,,400862814,A_main_trade,USD,2026-03-23T07:14:28+02:00,2026-03-23T07:14:28+02:00,2026-03-23T12:14:28+07:00,2026-03-23T12:14:28+07:00,2026-03-23,2026-03-23,,,,,,,MT5,6e81ff47-fbb3-43f5-99f5-ae6d60f1e595,2026-03-24T02:00:02Z,9d1260264bfceaf1b1ff32635c78f716646e05c7b783558551bd1617076082ec,False
400862814:137114976,128645929,128644664,trade,Sell,GOLD,0.01,,4824.64,,,0.0,0.0,,-4.7,,0,,400862814,A_main_trade,USD,2026-03-19T10:17:20+02:00,2026-03-19T10:17:20+02:00,2026-03-19T15:17:20+07:00,2026-03-19T15:17:20+07:00,2026-03-19,2026-03-19,,,,,,,MT5,1d68396d-893e-48fb-a241-0e739981b2c6,2026-03-20T02:00:03Z,600b7043f3fc0af07fa27e7c72d3c141250c88d640adb766d71ead24889d0398,False
400862814:137114977,0,0,deposit,Deposit,,0.0,,0.0,,,0.0,0.0,,61.12,EXP06,0,,400862814,A_main_trade,USD,2026-03-19T10:17:20+02:00,2026-03-19T10:17:20+02:00,2026-03-19T15:17:20+07:00,2026-03-19T15:17:20+07:00,2026-03-19,2026-03-19,,,,,,,MT5,1d68396d-893e-48fb-a241-0e739981b2c6,2026-03-20T02:00:03Z,b950234ab211265e07f52f9c1f7be2e6cf5ef41bc30371439428bef9827c02a5,False
400862814:137114979,0,0,credit,Credit,,0.0,,0.0,,,0.0,0.0,,-61.12,Credit Out,0,,400862814,A_main_trade,USD,2026-03-19T10:17:20+02:00,2026-03-19T10:17:20+02:00,2026-03-19T15:17:20+07:00,2026-03-19T15:17:20+07:00,2026-03-19,2026-03-19,,,,,,,MT5,1d68396d-893e-48fb-a241-0e739981b2c6,2026-03-20T02:00:03Z,60bb70c1dd832df28a11f25f28f45b8a5ed0f16e16ba7f948cdace5604a4e493,False
400862814:137114932,128645892,128644069,trade,Sell,GOLD,0.01,,4824.74,,,0.0,0.0,,-7.13,,0,,400862814,A_main_trade,USD,2026-03-19T10:17:19+02:00,2026-03-19T10:17:19+02:00,2026-03-19T15:17:19+07:00,2026-03-19T15:17:19+07:00,2026-03-19,2026-03-19,,,,,,,MT5,1d68396d-893e-48fb-a241-0e739981b2c6,2026-03-20T02:00:03Z,f4927d41b5ea1ed2c7a1e020647138e41da345a7f66835af73f88e9619e0bc1e,False
400862814:137114869,128645836,128643688,trade,Sell,GOLD,0.01,,4824.89,,,0.0,0.0,,-8.95,,0,,400862814,A_main_trade,USD,2026-03-19T10:17:18+02:00,2026-03-19T10:17:18+02:00,2026-03-19T15:17:18+07:00,2026-03-19T15:17:18+07:00,2026-03-19,2026-03-19,,,,,,,MT5,1d68396d-893e-48fb-a241-0e739981b2c6,2026-03-20T02:00:03Z,2454291df7075718ad16310bd6f80656eeb4ff49eef7e274d65ea1e857b26716,False
400862814:137114780,128645756,128643742,trade,Sell,GOLD,0.01,,4825.67,,,0.0,0.0,,-8.16,,0,,400862814,A_main_trade,USD,2026-03-19T10:17:16+02:00,2026-03-19T10:17:16+02:00,2026-03-19T15:17:16+07:00,2026-03-19T15:17:16+07:00,2026-03-19,2026-03-19,,,,,,,MT5,1d68396d-893e-48fb-a241-0e739981b2c6,2026-03-20T02:00:03Z,c0222f5ff26c03a42b269cb48448751b34e17d3064a6267a66eeaf9f38c6f787,False
400862814:137114793,128645771,128643682,trade,Sell,GOLD,0.01,,4825.67,,,0.0,0.0,,-8.33,,0,,400862814,A_main_trade,USD,2026-03-19T10:17:16+02:00,2026-03-19T10:17:16+02:00,2026-03-19T15:17:16+07:00,2026-03-19T15:17:16+07:00,2026-03-19,2026-03-19,,,,,,,MT5,1d68396d-893e-48fb-a241-0e739981b2c6,2026-03-20T02:00:03Z,35f49053d6c47b563870b46a398cdb7f0019da00ff73f739f1ccec32e11c77c0,False
400862814:137114759,128645734,128643823,trade,Sell,GOLD,0.01,,4825.65,,,0.0,0.0,,-6.83,,0,,400862814,A_main_trade,USD,2026-03-19T10:17:15+02:00,2026-03-19T10:17:15+02:00,2026-03-19T15:17:15+07:00,2026-03-19T15:17:15+07:00,2026-03-19,2026-03-19,,,,,,,MT5,1d68396d-893e-48fb-a241-0e739981b2c6,2026-03-20T02:00:03Z,eccc08f82cbed092b4a237aee68eac7bb1794628a5bc1f6c98173a35f4d2d966,False
400862814:137113580,128644664,128644664,trade,Buy,GOLD,0.01,,4829.34,,,0.0,0.0,,0.0,,0,,400862814,A_main_trade,USD,2026-03-19T10:16:09+02:00,2026-03-19T10:16:09+02:00,2026-03-19T15:16:09+07:00,2026-03-19T15:16:09+07:00,2026-03-19,2026-03-19,,,,,,,MT5,1d68396d-893e-48fb-a241-0e739981b2c6,2026-03-20T02:00:03Z,a2a44dddda8a323e471a5061515d27f2641e2c3adda794450768dfb6e659dfa7,False
400862814:137112954,128644069,128644069,trade,Buy,GOLD,0.01,,4831.87,,,0.0,0.0,,0.0,,0,,400862814,A_main_trade,USD,2026-03-19T10:15:36+02:00,2026-03-19T10:15:36+02:00,2026-03-19T15:15:36+07:00,2026-03-19T15:15:36+07:00,2026-03-19,2026-03-19,,,,,,,MT5,1d68396d-893e-48fb-a241-0e739981b2c6,2026-03-20T02:00:03Z,68a492b4c5159866c5647fb6e3adb7b267b700520ae95ece9c42b703883059a2,False
400862814:137112681,128643823,128643823,trade,Buy,GOLD,0.01,,4832.48,,,0.0,0.0,,0.0,,0,,400862814,A_main_trade,USD,2026-03-19T10:15:15+02:00,2026-03-19T10:15:15+02:00,2026-03-19T15:15:15+07:00,2026-03-19T15:15:15+07:00,2026-03-19,2026-03-19,,,,,,,MT5,1d68396d-893e-48fb-a241-0e739981b2c6,2026-03-20T02:00:03Z,71f40a5d59da69603c12ff87ae6e4cb5834ce183e9f6974fe0d64c1b537bdc7d,False
400862814:137112600,128643742,128643742,trade,Buy,GOLD,0.01,,4833.83,,,0.0,0.0,,0.0,,0,,400862814,A_main_trade,USD,2026-03-19T10:15:06+02:00,2026-03-19T10:15:06+02:00,2026-03-19T15:15:06+07:00,2026-03-19T15:15:06+07:00,2026-03-19,2026-03-19,,,,,,,MT5,1d68396d-893e-48fb-a241-0e739981b2c6,2026-03-20T02:00:03Z,92ea0d6092f587a548aecf4e54889cd549c30c49e0c4d04a5daffb5a9e839d05,False
400862814:137112548,128643688,128643688,trade,Buy,GOLD,0.01,,4833.84,,,0.0,0.0,,0.0,,0,,400862814,A_main_trade,USD,2026-03-19T10:14:59+02:00,2026-03-19T10:14:59+02:00,2026-03-19T15:14:59+07:00,2026-03-19T15:14:59+07:00,2026-03-19,2026-03-19,,,,,,,MT5,1d68396d-893e-48fb-a241-0e739981b2c6,2026-03-20T02:00:03Z,3358a5afca5684916fb61c407385be9d2c64a016430f1f9571fbb930c11aa8d7,False
400862814:137112538,128643682,128643682,trade,Buy,GOLD,0.01,,4834.0,,,0.0,0.0,,0.0,,0,,400862814,A_main_trade,USD,2026-03-19T10:14:53+02:00,2026-03-19T10:14:53+02:00,2026-03-19T15:14:53+07:00,2026-03-19T15:14:53+07:00,2026-03-19,2026-03-19,,,,,,,MT5,1d68396d-893e-48fb-a241-0e739981b2c6,2026-03-20T02:00:03Z,0847c6e3f8296445233bbf33d4b627d40ae71efeef22207098b4c234d68cd441,False
400862814:137112067,128643222,128642093,trade,Sell,GOLD,0.01,,4835.47,,,0.0,0.0,,2.16,,0,,400862814,A_main_trade,USD,2026-03-19T10:12:45+02:00,2026-03-19T10:12:45+02:00,2026-03-19T15:12:45+07:00,2026-03-19T15:12:45+07:00,2026-03-19,2026-03-19,,,,,,,MT5,1d68396d-893e-48fb-a241-0e739981b2c6,2026-03-20T02:00:03Z,1cbf55190dde5afed99087561816b6623e5932453f44f689046565c59d44f93f,False
400862814:137112050,128643206,128642163,trade,Sell,GOLD,0.01,,4835.44,,,0.0,0.0,,2.06,,0,,400862814,A_main_trade,USD,2026-03-19T10:12:43+02:00,2026-03-19T10:12:43+02:00,2026-03-19T15:12:43+07:00,2026-03-19T15:12:43+07:00,2026-03-19,2026-03-19,,,,,,,MT5,1d68396d-893e-48fb-a241-0e739981b2c6,2026-03-20T02:00:03Z,b4996372d73379503fc6c625bd93618367572dc8348870ceda3cd8e3d0037e40,False
400862814:137112032,128643188,128642828,trade,Sell,GOLD,0.01,,4835.36,,,0.0,0.0,,1.92,,0,,400862814,A_main_trade,USD,2026-03-19T10:12:42+02:00,2026-03-19T10:12:42+02:00,2026-03-19T15:12:42+07:00,2026-03-19T15:12:42+07:00,2026-03-19,2026-03-19,,,,,,,MT5,1d68396d-893e-48fb-a241-0e739981b2c6,2026-03-20T02:00:03Z,a0fb7e6964b7ff567e3168a277ef0c55b99e904172d6ed5d501cc874787e50fc,False
400862814:137111854,128643012,128642084,trade,Sell,GOLD,0.01,,4834.75,,,0.0,0.0,,0.88,,0,,400862814,A_main_trade,USD,2026-03-19T10:12:06+02:00,2026-03-19T10:12:06+02:00,2026-03-19T15:12:06+07:00,2026-03-19T15:12:06+07:00,2026-03-19,2026-03-19,,,,,,,MT5,1d68396d-893e-48fb-a241-0e739981b2c6,2026-03-20T02:00:03Z,abb547711f7350421b7fb21d29a137f56dbfe900549427c8ab7cba4b0e206286,False
400862814:137111654,128642828,128642828,trade,Buy,GOLD,0.01,,4833.44,,,0.0,0.0,,0.0,,0,,400862814,A_main_trade,USD,2026-03-19T10:11:38+02:00,2026-03-19T10:11:38+02:00,2026-03-19T15:11:38+07:00,2026-03-19T15:11:38+07:00,2026-03-19,2026-03-19,,,,,,,MT5,1d68396d-893e-48fb-a241-0e739981b2c6,2026-03-20T02:00:03Z,f334c2b431d497c5013ad91a5c5e8d2ef6d9d12e99083aebc15f8ca80eedaceb,False
400862814:137110995,128642163,128642163,trade,Buy,GOLD,0.01,,4833.38,,,0.0,0.0,,0.0,,0,,400862814,A_main_trade,USD,2026-03-19T10:09:47+02:00,2026-03-19T10:09:47+02:00,2026-03-19T15:09:47+07:00,2026-03-19T15:09:47+07:00,2026-03-19,2026-03-19,,,,,,,MT5,1d68396d-893e-48fb-a241-0e739981b2c6,2026-03-20T02:00:03Z,de4f4ff2f59dd6197f48a62ef253461dd461d391e6c1fa1250a5a01b2473b974,False
400862814:137110925,128642093,128642093,trade,Buy,GOLD,0.01,,4833.31,,,0.0,0.0,,0.0,,0,,400862814,A_main_trade,USD,2026-03-19T10:09:37+02:00,2026-03-19T10:09:37+02:00,2026-03-19T15:09:37+07:00,2026-03-19T15:09:37+07:00,2026-03-19,2026-03-19,,,,,,,MT5,1d68396d-893e-48fb-a241-0e739981b2c6,2026-03-20T02:00:03Z,b86a9b10e8c7b808882b7a8a83bab26363ec7b34d1cc5e665c9011c8bda89a49,False
400862814:137110913,128642084,128642084,trade,Buy,GOLD,0.01,,4833.87,,,0.0,0.0,,0.0,,0,,400862814,A_main_trade,USD,2026-03-19T10:09:35+02:00,2026-03-19T10:09:35+02:00,2026-03-19T15:09:35+07:00,2026-03-19T15:09:35+07:00,2026-03-19,2026-03-19,,,,,,,MT5,1d68396d-893e-48fb-a241-0e739981b2c6,2026-03-20T02:00:03Z,510d9922bb472c29134ae64f49ec7c731585627b1aed57a2469a8c704db6945f,False
400862814:137060625,128594830,128593694,trade,Sell,GOLD,0.01,,4851.31,,,0.0,0.0,,0.7,,0,,400862814,A_main_trade,USD,2026-03-19T08:33:01+02:00,2026-03-19T08:33:01+02:00,2026-03-19T13:33:01+07:00,2026-03-19T13:33:01+07:00,2026-03-19,2026-03-19,,,,,,,MT5,1d68396d-893e-48fb-a241-0e739981b2c6,2026-03-20T02:00:03Z,cd73124f60d490a2ae73d5c8a1bbe81f673280b161023f820dcd977d98688cbd,False
400862814:137060591,128594794,128593721,trade,Sell,GOLD,0.01,,4851.0,,,0.0,0.0,,0.38,,0,,400862814,A_main_trade,USD,2026-03-19T08:32:58+02:00,2026-03-19T08:32:58+02:00,2026-03-19T13:32:58+07:00,2026-03-19T13:32:58+07:00,2026-03-19,2026-03-19,,,,,,,MT5,1d68396d-893e-48fb-a241-0e739981b2c6,2026-03-20T02:00:03Z,f5c74e90df3402d925cdc77809696f8538e641358748accdaf8fecd3f6d447cd,False
400862814:137060577,128594781,128593750,trade,Sell,GOLD,0.01,,4850.53,,,0.0,0.0,,-0.08,,0,,400862814,A_main_trade,USD,2026-03-19T08:32:57+02:00,2026-03-19T08:32:57+02:00,2026-03-19T13:32:57+07:00,2026-03-19T13:32:57+07:00,2026-03-19,2026-03-19,,,,,,,MT5,1d68396d-893e-48fb-a241-0e739981b2c6,2026-03-20T02:00:03Z,b5de2760af0529be04fc9bf2c84af59dcb089e42ef76cf12500eeccf671c5dbb,False
400862814:137059492,128593750,128593750,trade,Buy,GOLD,0.01,,4850.61,,,0.0,0.0,,0.0,,0,,400862814,A_main_trade,USD,2026-03-19T08:30:00+02:00,2026-03-19T08:30:00+02:00,2026-03-19T13:30:00+07:00,2026-03-19T13:30:00+07:00,2026-03-19,2026-03-19,,,,,,,MT5,1d68396d-893e-48fb-a241-0e739981b2c6,2026-03-20T02:00:03Z,017dd996a28e216ac561acf030cd14cba755f43a3e66a9c8d0120d304bd4cc0a,False
400862814:137059465,128593721,128593721,trade,Buy,GOLD,0.01,,4850.62,,,0.0,0.0,,0.0,,0,,400862814,A_main_trade,USD,2026-03-19T08:29:52+02:00,2026-03-19T08:29:52+02:00,2026-03-19T13:29:52+07:00,2026-03-19T13:29:52+07:00,2026-03-19,2026-03-19,,,,,,,MT5,1d68396d-893e-48fb-a241-0e739981b2c6,2026-03-20T02:00:03Z,db377a0e1ff9c1e9438fb28066ebaa2ab89a40244d21dc10c9bc2a5b52a2af19,False
400862814:137059435,128593694,128593694,trade,Buy,GOLD,0.01,,4850.61,,,0.0,0.0,,0.0,,0,,400862814,A_main_trade,USD,2026-03-19T08:29:50+02:00,2026-03-19T08:29:50+02:00,2026-03-19T13:29:50+07:00,2026-03-19T13:29:50+07:00,2026-03-19,2026-03-19,,,,,,,MT5,1d68396d-893e-48fb-a241-0e739981b2c6,2026-03-20T02:00:03Z,ce6cf54e4e2e8eaade87a5c90a412f12003ad31c2425481079d0fbbe412244a3,False
400862814:137058192,128592533,128591133,trade,Sell,GOLD,0.01,,4852.53,,,0.0,0.0,,1.65,,0,,400862814,A_main_trade,USD,2026-03-19T08:24:50+02:00,2026-03-19T08:24:50+02:00,2026-03-19T13:24:50+07:00,2026-03-19T13:24:50+07:00,2026-03-19,2026-03-19,,,,,,,MT5,1d68396d-893e-48fb-a241-0e739981b2c6,2026-03-20T02:00:03Z,10dc8e5fbdb6eaea196da07d7e87dfb400c140d46e5784c99d031903dc309052,False
400862814:137058188,128592528,128591160,trade,Sell,GOLD,0.01,,4852.52,,,0.0,0.0,,1.67,,0,,400862814,A_main_trade,USD,2026-03-19T08:24:49+02:00,2026-03-19T08:24:49+02:00,2026-03-19T13:24:49+07:00,2026-03-19T13:24:49+07:00,2026-03-19,2026-03-19,,,,,,,MT5,1d68396d-893e-48fb-a241-0e739981b2c6,2026-03-20T02:00:03Z,bf425f9a16b3c03f6513037d4014563bc0195f94f95dc4dc9352570c7192be68,False
400862814:137057805,128592167,128591030,trade,Sell,GOLD,0.01,,4851.36,,,0.0,0.0,,0.04,,0,,400862814,A_main_trade,USD,2026-03-19T08:23:47+02:00,2026-03-19T08:23:47+02:00,2026-03-19T13:23:47+07:00,2026-03-19T13:23:47+07:00,2026-03-19,2026-03-19,,,,,,,MT5,1d68396d-893e-48fb-a241-0e739981b2c6,2026-03-20T02:00:03Z,909a1f71b8d49d364fa5d55d07a4cb92e21e307f0dbc14b743714b4006b0f3cb,False
400862814:137057788,128592154,128591096,trade,Sell,GOLD,0.01,,4851.93,,,0.0,0.0,,0.48,,0,,400862814,A_main_trade,USD,2026-03-19T08:23:41+02:00,2026-03-19T08:23:41+02:00,2026-03-19T13:23:41+07:00,2026-03-19T13:23:41+07:00,2026-03-19,2026-03-19,,,,,,,MT5,1d68396d-893e-48fb-a241-0e739981b2c6,2026-03-20T02:00:03Z,3fb381bfea4e228f3cb49d729f593f62bb0afb40401aa0d695e0b7a53ee56527,False
400862814:137057769,128592139,128591098,trade,Sell,GOLD,0.01,,4851.91,,,0.0,0.0,,0.46,,0,,400862814,A_main_trade,USD,2026-03-19T08:23:38+02:00,2026-03-19T08:23:38+02:00,2026-03-19T13:23:38+07:00,2026-03-19T13:23:38+07:00,2026-03-19,2026-03-19,,,,,,,MT5,1d68396d-893e-48fb-a241-0e739981b2c6,2026-03-20T02:00:03Z,0fab87006e8a6c9f1493322c78e4ab79af81a0bb38a0350350c19e5e9b26596f,False
400862814:137056776,128591160,128591160,trade,Buy,GOLD,0.01,,4850.85,,,0.0,0.0,,0.0,,0,,400862814,A_main_trade,USD,2026-03-19T08:20:34+02:00,2026-03-19T08:20:34+02:00,2026-03-19T13:20:34+07:00,2026-03-19T13:20:34+07:00,2026-03-19,2026-03-19,,,,,,,MT5,1d68396d-893e-48fb-a241-0e739981b2c6,2026-03-20T02:00:03Z,e96b118a33d5f2dd9904b4fb4cad54fc511d383e6f2f2dd9cf5df109b71cc5eb,False
400862814:137056751,128591133,128591133,trade,Buy,GOLD,0.01,,4850.88,,,0.0,0.0,,0.0,,0,,400862814,A_main_trade,USD,2026-03-19T08:20:22+02:00,2026-03-19T08:20:22+02:00,2026-03-19T13:20:22+07:00,2026-03-19T13:20:22+07:00,2026-03-19,2026-03-19,,,,,,,MT5,1d68396d-893e-48fb-a241-0e739981b2c6,2026-03-20T02:00:03Z,33882a233a0597e528148fb38dd840f13e7ecb8486871ebcf3ff7fb99984c79f,False
400862814:137056713,128591096,128591096,trade,Buy,GOLD,0.01,,4851.45,,,0.0,0.0,,0.0,,0,,400862814,A_main_trade,USD,2026-03-19T08:20:02+02:00,2026-03-19T08:20:02+02:00,2026-03-19T13:20:02+07:00,2026-03-19T13:20:02+07:00,2026-03-19,2026-03-19,,,,,,,MT5,1d68396d-893e-48fb-a241-0e739981b2c6,2026-03-20T02:00:03Z,6a3dd6c34178e489d466bf7e025f1557382a09b251fb2fc874a67e2985477c72,False
400862814:137056714,128591098,128591098,trade,Buy,GOLD,0.01,,4851.45,,,0.0,0.0,,0.0,,0,,400862814,A_main_trade,USD,2026-03-19T08:20:02+02:00,2026-03-19T08:20:02+02:00,2026-03-19T13:20:02+07:00,2026-03-19T13:20:02+07:00,2026-03-19,2026-03-19,,,,,,,MT5,1d68396d-893e-48fb-a241-0e739981b2c6,2026-03-20T02:00:03Z,6a5a8ba2e2052f6ef36bdcfba53846a384ad754ee3d8efee30b59db97fd00c4b,False
400862814:137056645,128591030,128591030,trade,Buy,GOLD,0.01,,4851.32,,,0.0,0.0,,0.0,,0,,400862814,A_main_trade,USD,2026-03-19T08:19:31+02:00,2026-03-19T08:19:31+02:00,2026-03-19T13:19:31+07:00,2026-03-19T13:19:31+07:00,2026-03-19,2026-03-19,,,,,,,MT5,1d68396d-893e-48fb-a241-0e739981b2c6,2026-03-20T02:00:03Z,c9cf796a1f63e6824630dc9dcf3f04c0768f045c39019e0a08bc5d8baadf31ce,False
400862814:137056277,128590682,128589116,trade,Sell,GOLD,0.01,,4850.44,,,0.0,0.0,,1.73,,0,,400862814,A_main_trade,USD,2026-03-19T08:16:52+02:00,2026-03-19T08:16:52+02:00,2026-03-19T13:16:52+07:00,2026-03-19T13:16:52+07:00,2026-03-19,2026-03-19,,,,,,,MT5,1d68396d-893e-48fb-a241-0e739981b2c6,2026-03-20T02:00:03Z,b78556ac2ad4cf0f64d7ab23eb4e089185a631b644bc3caffbaa2bfb125fed03,False
400862814:137056267,128590670,128589244,trade,Sell,GOLD,0.01,,4850.56,,,0.0,0.0,,0.66,,0,,400862814,A_main_trade,USD,2026-03-19T08:16:47+02:00,2026-03-19T08:16:47+02:00,2026-03-19T13:16:47+07:00,2026-03-19T13:16:47+07:00,2026-03-19,2026-03-19,,,,,,,MT5,1d68396d-893e-48fb-a241-0e739981b2c6,2026-03-20T02:00:03Z,114b7ddeb75fc8339d9ffb17463c28f6a474a91825a25f7c1a4842b035c26969,False
400862814:137056263,128590666,128589429,trade,Sell,GOLD,0.01,,4850.56,,,0.0,0.0,,0.61,,0,,400862814,A_main_trade,USD,2026-03-19T08:16:46+02:00,2026-03-19T08:16:46+02:00,2026-03-19T13:16:46+07:00,2026-03-19T13:16:46+07:00,2026-03-19,2026-03-19,,,,,,,MT5,1d68396d-893e-48fb-a241-0e739981b2c6,2026-03-20T02:00:03Z,b24718525f52a79904466aaf60840d7cf500dc99c2afb9776bb4416604d84830,False
400862814:137056031,128590456,128588441,trade,Sell,GOLD,0.01,,4851.36,,,0.0,0.0,,0.94,,0,,400862814,A_main_trade,USD,2026-03-19T08:15:47+02:00,2026-03-19T08:15:47+02:00,2026-03-19T13:15:47+07:00,2026-03-19T13:15:47+07:00,2026-03-19,2026-03-19,,,,,,,MT5,1d68396d-893e-48fb-a241-0e739981b2c6,2026-03-20T02:00:03Z,f9e0658e1b2de58931d875a078a2965081d773e56fb2ef66beff33b537b3c175,False
400862814:137055163,128589592,128588449,trade,Sell,GOLD,0.01,,4850.51,,,0.0,0.0,,0.13,,0,,400862814,A_main_trade,USD,2026-03-19T08:12:44+02:00,2026-03-19T08:12:44+02:00,2026-03-19T13:12:44+07:00,2026-03-19T13:12:44+07:00,2026-03-19,2026-03-19,,,,,,,MT5,1d68396d-893e-48fb-a241-0e739981b2c6,2026-03-20T02:00:03Z,1046b1351b0fbd6907e18e721f71e81f46b2b6af3d2ecd33eb4b451022b69523,False
400862814:137055142,128589570,128588507,trade,Sell,GOLD,0.01,,4850.94,,,0.0,0.0,,0.41,,0,,400862814,A_main_trade,USD,2026-03-19T08:12:43+02:00,2026-03-19T08:12:43+02:00,2026-03-19T13:12:43+07:00,2026-03-19T13:12:43+07:00,2026-03-19,2026-03-19,,,,,,,MT5,1d68396d-893e-48fb-a241-0e739981b2c6,2026-03-20T02:00:03Z,d8b6c709d0cb6d2a064d8e93afe9abcd079e410d4cb7123a30e1be4367558d7b,False
400862814:137054998,128589429,128589429,trade,Buy,GOLD,0.01,,4849.95,,,0.0,0.0,,0.0,,0,,400862814,A_main_trade,USD,2026-03-19T08:12:16+02:00,2026-03-19T08:12:16+02:00,2026-03-19T13:12:16+07:00,2026-03-19T13:12:16+07:00,2026-03-19,2026-03-19,,,,,,,MT5,1d68396d-893e-48fb-a241-0e739981b2c6,2026-03-20T02:00:03Z,47fdf879d1ad758b7beb2620380c36251c26913a935f494c315fb2fffcbeea9d,False
400862814:137054789,128589244,128589244,trade,Buy,GOLD,0.01,,4849.9,,,0.0,0.0,,0.0,,0,,400862814,A_main_trade,USD,2026-03-19T08:11:07+02:00,2026-03-19T08:11:07+02:00,2026-03-19T13:11:07+07:00,2026-03-19T13:11:07+07:00,2026-03-19,2026-03-19,,,,,,,MT5,1d68396d-893e-48fb-a241-0e739981b2c6,2026-03-20T02:00:03Z,6a52a6b381efdc2f0d827d7feb5c48151147bd61f10339e46c4cd9bc1dceea53,False
400862814:137054668,128589116,128589116,trade,Buy,GOLD,0.01,,4848.71,,,0.0,0.0,,0.0,,0,,400862814,A_main_trade,USD,2026-03-19T08:10:34+02:00,2026-03-19T08:10:34+02:00,2026-03-19T13:10:34+07:00,2026-03-19T13:10:34+07:00,2026-03-19,2026-03-19,,,,,,,MT5,1d68396d-893e-48fb-a241-0e739981b2c6,2026-03-20T02:00:03Z,8d0603323f9aae29fa0636712772ad69be2f866d5c4fba42fb91645a14468a4a,False
400862814:137054018,128588507,128588507,trade,Buy,GOLD,0.01,,4850.53,,,0.0,0.0,,0.0,,0,,400862814,A_main_trade,USD,2026-03-19T08:09:42+02:00,2026-03-19T08:09:42+02:00,2026-03-19T13:09:42+07:00,2026-03-19T13:09:42+07:00,2026-03-19,2026-03-19,,,,,,,MT5,1d68396d-893e-48fb-a241-0e739981b2c6,2026-03-20T02:00:03Z,62b0edde6e0554a1deed313e2440bc0ffffa9fcaeacbd818ffbb16b9e2c7c742,False
400862814:137053955,128588449,128588449,trade,Buy,GOLD,0.01,,4850.38,,,0.0,0.0,,0.0,,0,,400862814,A_main_trade,USD,2026-03-19T08:09:33+02:00,2026-03-19T08:09:33+02:00,2026-03-19T13:09:33+07:00,2026-03-19T13:09:33+07:00,2026-03-19,2026-03-19,,,,,,,MT5,1d68396d-893e-48fb-a241-0e739981b2c6,2026-03-20T02:00:03Z,237c8217fd4d606bf26e90a6b74201ee7c38b6071f6c2fb4631a3a5038b81d2a,False
400862814:137053947,128588441,128588441,trade,Buy,GOLD,0.01,,4850.42,,,0.0,0.0,,0.0,,0,,400862814,A_main_trade,USD,2026-03-19T08:09:32+02:00,2026-03-19T08:09:32+02:00,2026-03-19T13:09:32+07:00,2026-03-19T13:09:32+07:00,2026-03-19,2026-03-19,,,,,,,MT5,1d68396d-893e-48fb-a241-0e739981b2c6,2026-03-20T02:00:03Z,3f1636800580047fe2416d6b8033bd1cb1485e8d0bd666447d58dc9b4fb89dd3,False
400862814:137053415,128587938,128587343,trade,Sell,GOLD,0.01,,4848.32,,,0.0,0.0,,0.16,,0,,400862814,A_main_trade,USD,2026-03-19T08:07:57+02:00,2026-03-19T08:07:57+02:00,2026-03-19T13:07:57+07:00,2026-03-19T13:07:57+07:00,2026-03-19,2026-03-19,,,,,,,MT5,1d68396d-893e-48fb-a241-0e739981b2c6,2026-03-20T02:00:03Z,14ad094c1aab4ab6712c8f405f577ff3c6be95f1462d0120216d9876fb7b1df6,False
400862814:137053401,128587925,128587470,trade,Sell,GOLD,0.01,,4848.43,,,0.0,0.0,,0.38,,0,,400862814,A_main_trade,USD,2026-03-19T08:07:55+02:00,2026-03-19T08:07:55+02:00,2026-03-19T13:07:55+07:00,2026-03-19T13:07:55+07:00,2026-03-19,2026-03-19,,,,,,,MT5,1d68396d-893e-48fb-a241-0e739981b2c6,2026-03-20T02:00:03Z,d7f734e543990c3841cec1580d816440f68db3b1a180ad1e194ea646d7339196,False
400862814:137052906,128587470,128587470,trade,Buy,GOLD,0.01,,4848.05,,,0.0,0.0,,0.0,,0,,400862814,A_main_trade,USD,2026-03-19T08:06:43+02:00,2026-03-19T08:06:43+02:00,2026-03-19T13:06:43+07:00,2026-03-19T13:06:43+07:00,2026-03-19,2026-03-19,,,,,,,MT5,1d68396d-893e-48fb-a241-0e739981b2c6,2026-03-20T02:00:03Z,220d0b14e76baf61f887625e4ded9f612ea419b225189be9687b30d20c135550,False
400862814:137052765,128587343,128587343,trade,Buy,GOLD,0.01,,4848.16,,,0.0,0.0,,0.0,,0,,400862814,A_main_trade,USD,2026-03-19T08:06:37+02:00,2026-03-19T08:06:37+02:00,2026-03-19T13:06:37+07:00,2026-03-19T13:06:37+07:00,2026-03-19,2026-03-19,,,,,,,MT5,1d68396d-893e-48fb-a241-0e739981b2c6,2026-03-20T02:00:03Z,12da0ad581fcec22a699e4c6640d380ac36192dbc810fbce1d592436aff5a783,False
400862814:135984677,127596532,127596201,trade,Sell,GOLD,0.01,,4989.55,,,0.0,0.0,,-1.9,,0,,400862814,A_main_trade,USD,2026-03-18T08:03:01+02:00,2026-03-18T08:03:01+02:00,2026-03-18T13:03:01+07:00,2026-03-18T13:03:01+07:00,2026-03-18,2026-03-18,,,,,,,MT5,b9dd39c1-2f48-485e-99d4-bccfec568a28,2026-03-19T02:00:02Z,a0793e13d2a733e81350343890d6c1289d09d6c61afb4a6e624bbc4aa79363f8,False
400862814:135984678,127596531,127596192,trade,Sell,GOLD,0.01,,4989.55,,,0.0,0.0,,-1.8599999999999999,,0,,400862814,A_main_trade,USD,2026-03-18T08:03:01+02:00,2026-03-18T08:03:01+02:00,2026-03-18T13:03:01+07:00,2026-03-18T13:03:01+07:00,2026-03-18,2026-03-18,,,,,,,MT5,b9dd39c1-2f48-485e-99d4-bccfec568a28,2026-03-19T02:00:02Z,0441a894ff98e3f8b1d43e9d2c03928b1bed99fe5f0887befa1e85af3963d9bf,False
400862814:135984347,127596201,127596201,trade,Buy,GOLD,0.01,,4991.45,,,0.0,0.0,,0.0,,0,,400862814,A_main_trade,USD,2026-03-18T08:01:52+02:00,2026-03-18T08:01:52+02:00,2026-03-18T13:01:52+07:00,2026-03-18T13:01:52+07:00,2026-03-18,2026-03-18,,,,,,,MT5,b9dd39c1-2f48-485e-99d4-bccfec568a28,2026-03-19T02:00:02Z,8db36446236a93f4b30bf065a02ab6e7ea7c2e0450f98a99abff9a489cebd42f,False
400862814:135984340,127596192,127596192,trade,Buy,GOLD,0.01,,4991.41,,,0.0,0.0,,0.0,,0,,400862814,A_main_trade,USD,2026-03-18T08:01:50+02:00,2026-03-18T08:01:50+02:00,2026-03-18T13:01:50+07:00,2026-03-18T13:01:50+07:00,2026-03-18,2026-03-18,,,,,,,MT5,b9dd39c1-2f48-485e-99d4-bccfec568a28,2026-03-19T02:00:02Z,ff1f947988e63e282bda76d2f229f56e5ef2e7626d431641e685dc8184a1e796,False
400862814:135982565,127594496,127592382,trade,Sell,GOLD,0.01,,4989.74,,,0.0,0.0,,-4.43,,0,,400862814,A_main_trade,USD,2026-03-18T07:56:50+02:00,2026-03-18T07:56:50+02:00,2026-03-18T12:56:50+07:00,2026-03-18T12:56:50+07:00,2026-03-18,2026-03-18,,,,,,,MT5,b9dd39c1-2f48-485e-99d4-bccfec568a28,2026-03-19T02:00:02Z,1100fe0033e300c03fe9544ac645c4e9b20fb5d5d8a9b7d2552e8afd93b34275,False
400862814:135982566,127594501,127593193,trade,Sell,GOLD,0.01,,4989.74,,,0.0,0.0,,-3.21,,0,,400862814,A_main_trade,USD,2026-03-18T07:56:50+02:00,2026-03-18T07:56:50+02:00,2026-03-18T12:56:50+07:00,2026-03-18T12:56:50+07:00,2026-03-18,2026-03-18,,,,,,,MT5,b9dd39c1-2f48-485e-99d4-bccfec568a28,2026-03-19T02:00:02Z,4baf9c665f8b48655ec115b59f0bccc4e9e92301fd008aa61a175242ed7fe5fd,False
400862814:135982567,127594502,127593948,trade,Sell,GOLD,0.01,,4989.74,,,0.0,0.0,,-1.53,,0,,400862814,A_main_trade,USD,2026-03-18T07:56:50+02:00,2026-03-18T07:56:50+02:00,2026-03-18T12:56:50+07:00,2026-03-18T12:56:50+07:00,2026-03-18,2026-03-18,,,,,,,MT5,b9dd39c1-2f48-485e-99d4-bccfec568a28,2026-03-19T02:00:02Z,9d67e120a4e03cdfb08353718c8a4a149fcf9bf4f36f7a1f2b48c40e87fab76c,False
400862814:135982568,127594498,127592770,trade,Sell,GOLD,0.01,,4989.74,,,0.0,0.0,,-4.6,,0,,400862814,A_main_trade,USD,2026-03-18T07:56:50+02:00,2026-03-18T07:56:50+02:00,2026-03-18T12:56:50+07:00,2026-03-18T12:56:50+07:00,2026-03-18,2026-03-18,,,,,,,MT5,b9dd39c1-2f48-485e-99d4-bccfec568a28,2026-03-19T02:00:02Z,5a4a9b5bfdaf36c02ceb166532edeb61780631a4818ed9c5cd2ae8775312ff55,False
400862814:135982569,127594497,127592360,trade,Sell,GOLD,0.01,,4989.74,,,0.0,0.0,,-4.13,,0,,400862814,A_main_trade,USD,2026-03-18T07:56:50+02:00,2026-03-18T07:56:50+02:00,2026-03-18T12:56:50+07:00,2026-03-18T12:56:50+07:00,2026-03-18,2026-03-18,,,,,,,MT5,b9dd39c1-2f48-485e-99d4-bccfec568a28,2026-03-19T02:00:02Z,8e3e9b66052f5e50d349a06bc2bab75d0f357907bf3b5af7ff8883e21ead8829,False
400862814:135982570,127594499,127593023,trade,Sell,GOLD,0.01,,4989.74,,,0.0,0.0,,-3.88,,0,,400862814,A_main_trade,USD,2026-03-18T07:56:50+02:00,2026-03-18T07:56:50+02:00,2026-03-18T12:56:50+07:00,2026-03-18T12:56:50+07:00,2026-03-18,2026-03-18,,,,,,,MT5,b9dd39c1-2f48-485e-99d4-bccfec568a28,2026-03-19T02:00:02Z,b538c3e72b07fab56709a151237df918d7d17ed5523ee49ada8979833d4fa854,False
400862814:135982571,127594500,127593123,trade,Sell,GOLD,0.01,,4989.74,,,0.0,0.0,,-3.43,,0,,400862814,A_main_trade,USD,2026-03-18T07:56:50+02:00,2026-03-18T07:56:50+02:00,2026-03-18T12:56:50+07:00,2026-03-18T12:56:50+07:00,2026-03-18,2026-03-18,,,,,,,MT5,b9dd39c1-2f48-485e-99d4-bccfec568a28,2026-03-19T02:00:02Z,cf351d2917c465adf16906562a2474d4d86c7b998e7c5dc393ab4bdc75b0d033,False
400862814:135981961,127593948,127593948,trade,Buy,GOLD,0.01,,4991.27,,,0.0,0.0,,0.0,,0,,400862814,A_main_trade,USD,2026-03-18T07:56:01+02:00,2026-03-18T07:56:01+02:00,2026-03-18T12:56:01+07:00,2026-03-18T12:56:01+07:00,2026-03-18,2026-03-18,,,,,,,MT5,b9dd39c1-2f48-485e-99d4-bccfec568a28,2026-03-19T02:00:02Z,a251d94f86ecdae8992ac98f7607db9e4961d174c2ef184efa2b07486161400c,False
400862814:135981130,127593193,127593193,trade,Buy,GOLD,0.01,,4992.95,,,0.0,0.0,,0.0,,0,,400862814,A_main_trade,USD,2026-03-18T07:54:50+02:00,2026-03-18T07:54:50+02:00,2026-03-18T12:54:50+07:00,2026-03-18T12:54:50+07:00,2026-03-18,2026-03-18,,,,,,,MT5,b9dd39c1-2f48-485e-99d4-bccfec568a28,2026-03-19T02:00:02Z,f9d27afd32e34bcfab3be55e8a34c7c605c4722b92cb5ac1d98cf55af13c9e89,False
400862814:135981061,127593123,127593123,trade,Buy,GOLD,0.01,,4993.17,,,0.0,0.0,,0.0,,0,,400862814,A_main_trade,USD,2026-03-18T07:54:39+02:00,2026-03-18T07:54:39+02:00,2026-03-18T12:54:39+07:00,2026-03-18T12:54:39+07:00,2026-03-18,2026-03-18,,,,,,,MT5,b9dd39c1-2f48-485e-99d4-bccfec568a28,2026-03-19T02:00:02Z,8491234310f7a7a3203d8d89a97c035a9bbd71c8b42c172acdb0cc1e9eb20a73,False
400862814:135980946,127593023,127593023,trade,Buy,GOLD,0.01,,4993.62,,,0.0,0.0,,0.0,,0,,400862814,A_main_trade,USD,2026-03-18T07:54:16+02:00,2026-03-18T07:54:16+02:00,2026-03-18T12:54:16+07:00,2026-03-18T12:54:16+07:00,2026-03-18,2026-03-18,,,,,,,MT5,b9dd39c1-2f48-485e-99d4-bccfec568a28,2026-03-19T02:00:02Z,dfdea65dc32321b8d300f6bf0961127a98e43cb993ca303db466fc2d865b35c7,False
400862814:135980681,127592770,127592770,trade,Buy,GOLD,0.01,,4994.34,,,0.0,0.0,,0.0,,0,,400862814,A_main_trade,USD,2026-03-18T07:52:59+02:00,2026-03-18T07:52:59+02:00,2026-03-18T12:52:59+07:00,2026-03-18T12:52:59+07:00,2026-03-18,2026-03-18,,,,,,,MT5,b9dd39c1-2f48-485e-99d4-bccfec568a28,2026-03-19T02:00:02Z,298ccd8e55d80c2f2424d490fe92f56347db11fac1f8866c34cd305ef6412c50,False
400862814:135980278,127592382,127592382,trade,Buy,GOLD,0.01,,4994.17,,,0.0,0.0,,0.0,,0,,400862814,A_main_trade,USD,2026-03-18T07:50:25+02:00,2026-03-18T07:50:25+02:00,2026-03-18T12:50:25+07:00,2026-03-18T12:50:25+07:00,2026-03-18,2026-03-18,,,,,,,MT5,b9dd39c1-2f48-485e-99d4-bccfec568a28,2026-03-19T02:00:02Z,fd4b75746a407a1b9cf3f3114a959513e6d752ee50dd91d41aa8637faad4f6a6,False
400862814:135980259,127592360,127592360,trade,Buy,GOLD,0.01,,4993.87,,,0.0,0.0,,0.0,,0,,400862814,A_main_trade,USD,2026-03-18T07:50:19+02:00,2026-03-18T07:50:19+02:00,2026-03-18T12:50:19+07:00,2026-03-18T12:50:19+07:00,2026-03-18,2026-03-18,,,,,,,MT5,b9dd39c1-2f48-485e-99d4-bccfec568a28,2026-03-19T02:00:02Z,e6452a5a8e5459c1614d3a699c53b40501e8cf776498f0824861fd1019e37060,False
400862814:135979483,127591624,127584274,trade,Sell,GOLD,0.01,,4994.54,,,0.0,0.0,,0.01,,0,,400862814,A_main_trade,USD,2026-03-18T07:47:07+02:00,2026-03-18T07:47:07+02:00,2026-03-18T12:47:07+07:00,2026-03-18T12:47:07+07:00,2026-03-18,2026-03-18,,,,,,,MT5,b9dd39c1-2f48-485e-99d4-bccfec568a28,2026-03-19T02:00:02Z,798fec070396a5392ee33327bfd5ac8901e9ae6ebe740afb979f70f3c36e0f38,False
400862814:135979484,127591621,127586653,trade,Sell,GOLD,0.01,,4994.54,,,0.0,0.0,,-0.43,,0,,400862814,A_main_trade,USD,2026-03-18T07:47:07+02:00,2026-03-18T07:47:07+02:00,2026-03-18T12:47:07+07:00,2026-03-18T12:47:07+07:00,2026-03-18,2026-03-18,,,,,,,MT5,b9dd39c1-2f48-485e-99d4-bccfec568a28,2026-03-19T02:00:02Z,ca04eed8f3516ef8844cfa10e448bbb9aaf1993a5ccb426d48e09c90d27b929c,False
400862814:135979485,127591625,127584153,trade,Sell,GOLD,0.01,,4994.54,,,0.0,0.0,,-1.13,,0,,400862814,A_main_trade,USD,2026-03-18T07:47:07+02:00,2026-03-18T07:47:07+02:00,2026-03-18T12:47:07+07:00,2026-03-18T12:47:07+07:00,2026-03-18,2026-03-18,,,,,,,MT5,b9dd39c1-2f48-485e-99d4-bccfec568a28,2026-03-19T02:00:02Z,bbf588c02eb0151aeae53b77b0d870d5090e5a4af46843c0b17ea642dc524d19,False
400862814:135979486,127591623,127584670,trade,Sell,GOLD,0.01,,4994.54,,,0.0,0.0,,-1.02,,0,,400862814,A_main_trade,USD,2026-03-18T07:47:07+02:00,2026-03-18T07:47:07+02:00,2026-03-18T12:47:07+07:00,2026-03-18T12:47:07+07:00,2026-03-18,2026-03-18,,,,,,,MT5,b9dd39c1-2f48-485e-99d4-bccfec568a28,2026-03-19T02:00:02Z,f2244bdf726ba1d20a79c6e81e838d1d79a7be43861b14afe07ac3f790aab106,False
400862814:135979487,127591622,127586534,trade,Sell,GOLD,0.01,,4994.54,,,0.0,0.0,,-1.88,,0,,400862814,A_main_trade,USD,2026-03-18T07:47:07+02:00,2026-03-18T07:47:07+02:00,2026-03-18T12:47:07+07:00,2026-03-18T12:47:07+07:00,2026-03-18,2026-03-18,,,,,,,MT5,b9dd39c1-2f48-485e-99d4-bccfec568a28,2026-03-19T02:00:02Z,75c3e51972db0bc5c29277cfe38725d0af89e2cc0501c8c5d136dc6aa6699087,False
400862814:135974368,127586653,127586653,trade,Buy,GOLD,0.01,,4994.97,,,0.0,0.0,,0.0,,0,,400862814,A_main_trade,USD,2026-03-18T07:26:52+02:00,2026-03-18T07:26:52+02:00,2026-03-18T12:26:52+07:00,2026-03-18T12:26:52+07:00,2026-03-18,2026-03-18,,,,,,,MT5,b9dd39c1-2f48-485e-99d4-bccfec568a28,2026-03-19T02:00:02Z,49333cffaa111938b3913605c7a25d2a3c8e4b5a14b4d841504b56636e31cab9,False
400862814:135974242,127586534,127586534,trade,Buy,GOLD,0.01,,4996.42,,,0.0,0.0,,0.0,,0,,400862814,A_main_trade,USD,2026-03-18T07:26:20+02:00,2026-03-18T07:26:20+02:00,2026-03-18T12:26:20+07:00,2026-03-18T12:26:20+07:00,2026-03-18,2026-03-18,,,,,,,MT5,b9dd39c1-2f48-485e-99d4-bccfec568a28,2026-03-19T02:00:02Z,3e297a75381ecd67bf160149e55ab0c09ad4e830c16aeac2ccbf6f397c6433dd,False
400862814:135972352,127584670,127584670,trade,Buy,GOLD,0.01,,4995.56,,,0.0,0.0,,0.0,,0,,400862814,A_main_trade,USD,2026-03-18T07:19:03+02:00,2026-03-18T07:19:03+02:00,2026-03-18T12:19:03+07:00,2026-03-18T12:19:03+07:00,2026-03-18,2026-03-18,,,,,,,MT5,b9dd39c1-2f48-485e-99d4-bccfec568a28,2026-03-19T02:00:02Z,5c651806a1a24a01037b58dd61ff7991329a12c1b8811a5d1ab64ac00ec379d5,False
400862814:135972294,127584607,127584533,trade,Buy,GOLD,0.01,,4995.55,,,0.0,0.0,,-1.2,,0,,400862814,A_main_trade,USD,2026-03-18T07:18:42+02:00,2026-03-18T07:18:42+02:00,2026-03-18T12:18:42+07:00,2026-03-18T12:18:42+07:00,2026-03-18,2026-03-18,,,,,,,MT5,b9dd39c1-2f48-485e-99d4-bccfec568a28,2026-03-19T02:00:02Z,dcb450302b96dbe1f6d23b3f6ddc99c148b5bf33b47061c600b901b976dc03cf,False
400862814:135972219,127584533,127584533,trade,Sell,GOLD,0.01,,4994.35,,,0.0,0.0,,0.0,,0,,400862814,A_main_trade,USD,2026-03-18T07:18:30+02:00,2026-03-18T07:18:30+02:00,2026-03-18T12:18:30+07:00,2026-03-18T12:18:30+07:00,2026-03-18,2026-03-18,,,,,,,MT5,b9dd39c1-2f48-485e-99d4-bccfec568a28,2026-03-19T02:00:02Z,31f3b28dab5b1f03a518bd0e6e97ad84893fdf1bbbb21accb74b1c0cf498fb91,False
400862814:135971958,127584274,127584274,trade,Buy,GOLD,0.01,,4994.53,,,0.0,0.0,,0.0,,0,,400862814,A_main_trade,USD,2026-03-18T07:17:33+02:00,2026-03-18T07:17:33+02:00,2026-03-18T12:17:33+07:00,2026-03-18T12:17:33+07:00,2026-03-18,2026-03-18,,,,,,,MT5,b9dd39c1-2f48-485e-99d4-bccfec568a28,2026-03-19T02:00:02Z,60028138b5a16ad73ac8d768dc1766d00c05d0d62fed955c53dc19bfe985bcdc,False
400862814:135971837,127584153,127584153,trade,Buy,GOLD,0.01,,4995.67,,,0.0,0.0,,0.0,,0,,400862814,A_main_trade,USD,2026-03-18T07:16:59+02:00,2026-03-18T07:16:59+02:00,2026-03-18T12:16:59+07:00,2026-03-18T12:16:59+07:00,2026-03-18,2026-03-18,,,,,,,MT5,b9dd39c1-2f48-485e-99d4-bccfec568a28,2026-03-19T02:00:02Z,9814806bf23543552cc970b071d2230de989cdc117e6dcfecb1c5f065d9e993f,False
400862814:135970740,127583057,127582266,trade,Sell,GOLD,0.01,,4995.13,,,0.0,0.0,,2.4699999999999998,,0,,400862814,A_main_trade,USD,2026-03-18T07:14:11+02:00,2026-03-18T07:14:11+02:00,2026-03-18T12:14:11+07:00,2026-03-18T12:14:11+07:00,2026-03-18,2026-03-18,,,,,,,MT5,b9dd39c1-2f48-485e-99d4-bccfec568a28,2026-03-19T02:00:02Z,05ceae9b790e8c21061819eefc7e7800f6599a45fb5eb75b2f343f72e4eae1fc,False
400862814:135970741,127583055,127582167,trade,Sell,GOLD,0.01,,4995.13,,,0.0,0.0,,2.15,,0,,400862814,A_main_trade,USD,2026-03-18T07:14:11+02:00,2026-03-18T07:14:11+02:00,2026-03-18T12:14:11+07:00,2026-03-18T12:14:11+07:00,2026-03-18,2026-03-18,,,,,,,MT5,b9dd39c1-2f48-485e-99d4-bccfec568a28,2026-03-19T02:00:02Z,4913ec1bcdca55c2afea59a53d303bc81358c639569bf8bb8eef8b41132ebaa4,False
400862814:135970742,127583056,127582200,trade,Sell,GOLD,0.01,,4995.13,,,0.0,0.0,,2.39,,0,,400862814,A_main_trade,USD,2026-03-18T07:14:11+02:00,2026-03-18T07:14:11+02:00,2026-03-18T12:14:11+07:00,2026-03-18T12:14:11+07:00,2026-03-18,2026-03-18,,,,,,,MT5,b9dd39c1-2f48-485e-99d4-bccfec568a28,2026-03-19T02:00:02Z,a02534753bfed132c3fba6f5d53d9e6022093ea9fc41b748e1f5e714df10da01,False
400862814:135969929,127582266,127582266,trade,Buy,GOLD,0.01,,4992.66,,,0.0,0.0,,0.0,,0,,400862814,A_main_trade,USD,2026-03-18T07:11:52+02:00,2026-03-18T07:11:52+02:00,2026-03-18T12:11:52+07:00,2026-03-18T12:11:52+07:00,2026-03-18,2026-03-18,,,,,,,MT5,b9dd39c1-2f48-485e-99d4-bccfec568a28,2026-03-19T02:00:02Z,9837c92542166036490749e69cef844127c63af8051b085a6cf19cb59bdbebce,False
400862814:135969846,127582200,127582200,trade,Buy,GOLD,0.01,,4992.74,,,0.0,0.0,,0.0,,0,,400862814,A_main_trade,USD,2026-03-18T07:11:29+02:00,2026-03-18T07:11:29+02:00,2026-03-18T12:11:29+07:00,2026-03-18T12:11:29+07:00,2026-03-18,2026-03-18,,,,,,,MT5,b9dd39c1-2f48-485e-99d4-bccfec568a28,2026-03-19T02:00:02Z,d84e423f8efb496c7273e25afb9c7d6cc0dcfa65618b12eb4c082a871ddf1efe,False
400862814:135969812,127582167,127582167,trade,Buy,GOLD,0.01,,4992.98,,,0.0,0.0,,0.0,,0,,400862814,A_main_trade,USD,2026-03-18T07:11:20+02:00,2026-03-18T07:11:20+02:00,2026-03-18T12:11:20+07:00,2026-03-18T12:11:20+07:00,2026-03-18,2026-03-18,,,,,,,MT5,b9dd39c1-2f48-485e-99d4-bccfec568a28,2026-03-19T02:00:02Z,36a69b06e2c3424b9f521ff26a44f52d006077bc942f20363cc45960f3956987,False
400862814:127144993,119258462,119257095,trade,Buy,GOLD,0.01,,5153.39,,,0.0,0.0,,-1.97,,0,,400862814,A_main_trade,USD,2026-03-05T12:32:26+02:00,2026-03-05T12:32:26+02:00,2026-03-05T17:32:26+07:00,2026-03-05T17:32:26+07:00,2026-03-05,2026-03-05,,,,,,,MT5,1d4561b7-ba1f-49b7-a8f4-3d4bb5009e42,2026-03-06T02:00:02Z,f0f04bef454c48e4838534924fbf75931534d54f877e5ac1dd0ea6a25268d392,False
400862814:127144994,119258463,119257186,trade,Buy,GOLD,0.01,,5153.39,,,0.0,0.0,,-1.8399999999999999,,0,,400862814,A_main_trade,USD,2026-03-05T12:32:26+02:00,2026-03-05T12:32:26+02:00,2026-03-05T17:32:26+07:00,2026-03-05T17:32:26+07:00,2026-03-05,2026-03-05,,,,,,,MT5,1d4561b7-ba1f-49b7-a8f4-3d4bb5009e42,2026-03-06T02:00:02Z,47b43097aef7eb1f2ac324b45cacae0853082d719a5f14e437e095fe4ebe9798,False
400862814:127144995,119258465,119257800,trade,Buy,GOLD,0.01,,5153.39,,,0.0,0.0,,-0.74,,0,,400862814,A_main_trade,USD,2026-03-05T12:32:26+02:00,2026-03-05T12:32:26+02:00,2026-03-05T17:32:26+07:00,2026-03-05T17:32:26+07:00,2026-03-05,2026-03-05,,,,,,,MT5,1d4561b7-ba1f-49b7-a8f4-3d4bb5009e42,2026-03-06T02:00:02Z,67e317f7dbf3ac48b47553a6bd2239336936df4afb3eee9a1fa994ac629735da,False
400862814:127144996,119258464,119257450,trade,Buy,GOLD,0.01,,5153.39,,,0.0,0.0,,-2.2,,0,,400862814,A_main_trade,USD,2026-03-05T12:32:26+02:00,2026-03-05T12:32:26+02:00,2026-03-05T17:32:26+07:00,2026-03-05T17:32:26+07:00,2026-03-05,2026-03-05,,,,,,,MT5,1d4561b7-ba1f-49b7-a8f4-3d4bb5009e42,2026-03-06T02:00:02Z,38153ed464d10c11605a28ebe8a3424b0e1570970f1cc78e2daeeca8ce40760a,False
400862814:127144305,119257800,119257800,trade,Sell,GOLD,0.01,,5152.65,,,0.0,0.0,,0.0,,0,,400862814,A_main_trade,USD,2026-03-05T12:31:55+02:00,2026-03-05T12:31:55+02:00,2026-03-05T17:31:55+07:00,2026-03-05T17:31:55+07:00,2026-03-05,2026-03-05,,,,,,,MT5,1d4561b7-ba1f-49b7-a8f4-3d4bb5009e42,2026-03-06T02:00:02Z,aea7dba5dac3723bfe4ce142a11b591cec43d8cdf1def1281d191b6ac7dab339,False
400862814:127143925,119257450,119257450,trade,Sell,GOLD,0.01,,5151.19,,,0.0,0.0,,0.0,,0,,400862814,A_main_trade,USD,2026-03-05T12:31:40+02:00,2026-03-05T12:31:40+02:00,2026-03-05T17:31:40+07:00,2026-03-05T17:31:40+07:00,2026-03-05,2026-03-05,,,,,,,MT5,1d4561b7-ba1f-49b7-a8f4-3d4bb5009e42,2026-03-06T02:00:02Z,cd86629f23f4b5bef463bb67f89e40f4519642648843d006abc747d22fff934b,False
400862814:127143657,119257186,119257186,trade,Sell,GOLD,0.01,,5151.55,,,0.0,0.0,,0.0,,0,,400862814,A_main_trade,USD,2026-03-05T12:31:26+02:00,2026-03-05T12:31:26+02:00,2026-03-05T17:31:26+07:00,2026-03-05T17:31:26+07:00,2026-03-05,2026-03-05,,,,,,,MT5,1d4561b7-ba1f-49b7-a8f4-3d4bb5009e42,2026-03-06T02:00:02Z,2520345607191680fda2073c083619c01c582aca42878cdc650d1d2b7379740d,False
400862814:127143563,119257095,119257095,trade,Sell,GOLD,0.01,,5151.42,,,0.0,0.0,,0.0,,0,,400862814,A_main_trade,USD,2026-03-05T12:31:24+02:00,2026-03-05T12:31:24+02:00,2026-03-05T17:31:24+07:00,2026-03-05T17:31:24+07:00,2026-03-05,2026-03-05,,,,,,,MT5,1d4561b7-ba1f-49b7-a8f4-3d4bb5009e42,2026-03-06T02:00:02Z,2bc3aa81cbdf3302c313bd7412cf00e0d92be481e8e8a62803ad14d13d5e6519,False
400862814:127142979,119256544,119245653,trade,Buy,GOLD,0.01,,5150.82,,,0.0,0.0,,-8.53,,0,,400862814,A_main_trade,USD,2026-03-05T12:31:03+02:00,2026-03-05T12:31:03+02:00,2026-03-05T17:31:03+07:00,2026-03-05T17:31:03+07:00,2026-03-05,2026-03-05,,,,,,,MT5,1d4561b7-ba1f-49b7-a8f4-3d4bb5009e42,2026-03-06T02:00:02Z,7620bc6111583368e89531fc668a8354f075581b756d34536db216d95986d7b9,False
400862814:127142980,119256542,119245254,trade,Buy,GOLD,0.01,,5150.82,,,0.0,0.0,,-8.04,,0,,400862814,A_main_trade,USD,2026-03-05T12:31:03+02:00,2026-03-05T12:31:03+02:00,2026-03-05T17:31:03+07:00,2026-03-05T17:31:03+07:00,2026-03-05,2026-03-05,,,,,,,MT5,1d4561b7-ba1f-49b7-a8f4-3d4bb5009e42,2026-03-06T02:00:02Z,c8ad635d61e86aa69c1dfc097fb6d0c10ed5e4c07ccbd906be223059e2cdc813,False
400862814:127142981,119256540,119247056,trade,Buy,GOLD,0.01,,5150.82,,,0.0,0.0,,-7.55,,0,,400862814,A_main_trade,USD,2026-03-05T12:31:03+02:00,2026-03-05T12:31:03+02:00,2026-03-05T17:31:03+07:00,2026-03-05T17:31:03+07:00,2026-03-05,2026-03-05,,,,,,,MT5,1d4561b7-ba1f-49b7-a8f4-3d4bb5009e42,2026-03-06T02:00:02Z,64bdc56444cf408d1c63c0c0f62137a86a6119de7a3b7899f50adb8140c55825,False
400862814:127142982,119256541,119245643,trade,Buy,GOLD,0.01,,5150.82,,,0.0,0.0,,-8.44,,0,,400862814,A_main_trade,USD,2026-03-05T12:31:03+02:00,2026-03-05T12:31:03+02:00,2026-03-05T17:31:03+07:00,2026-03-05T17:31:03+07:00,2026-03-05,2026-03-05,,,,,,,MT5,1d4561b7-ba1f-49b7-a8f4-3d4bb5009e42,2026-03-06T02:00:02Z,248ad7d00b3f35f6dc89c68643e8a484d0f7dd962240a65c31edc91669f17e3e,False
400862814:127142983,119256538,119253389,trade,Buy,GOLD,0.01,,5150.82,,,0.0,0.0,,-5.9,,0,,400862814,A_main_trade,USD,2026-03-05T12:31:03+02:00,2026-03-05T12:31:03+02:00,2026-03-05T17:31:03+07:00,2026-03-05T17:31:03+07:00,2026-03-05,2026-03-05,,,,,,,MT5,1d4561b7-ba1f-49b7-a8f4-3d4bb5009e42,2026-03-06T02:00:02Z,99ca8c59b1013c91e03f888962f53e0c5aff541ec91b1bbc45ca199e6e1ab22c,False
400862814:127142984,119256545,119245002,trade,Buy,GOLD,0.01,,5150.82,,,0.0,0.0,,-8.55,,0,,400862814,A_main_trade,USD,2026-03-05T12:31:03+02:00,2026-03-05T12:31:03+02:00,2026-03-05T17:31:03+07:00,2026-03-05T17:31:03+07:00,2026-03-05,2026-03-05,,,,,,,MT5,1d4561b7-ba1f-49b7-a8f4-3d4bb5009e42,2026-03-06T02:00:02Z,f58d6ccb23d6a23d2df7193669a02042dccd3c8bbe87257213be5f64f56c009a,False
400862814:127142985,119256550,119255859,trade,Buy,GOLD,0.01,,5150.82,,,0.0,0.0,,-2.49,,0,,400862814,A_main_trade,USD,2026-03-05T12:31:03+02:00,2026-03-05T12:31:03+02:00,2026-03-05T17:31:03+07:00,2026-03-05T17:31:03+07:00,2026-03-05,2026-03-05,,,,,,,MT5,1d4561b7-ba1f-49b7-a8f4-3d4bb5009e42,2026-03-06T02:00:02Z,bc9d8a11425b2dca1476edb568f7978e4496f38fc07774c219884bd00ed1ebe5,False
400862814:127142986,119256549,119255873,trade,Buy,GOLD,0.01,,5150.82,,,0.0,0.0,,-2.3,,0,,400862814,A_main_trade,USD,2026-03-05T12:31:03+02:00,2026-03-05T12:31:03+02:00,2026-03-05T17:31:03+07:00,2026-03-05T17:31:03+07:00,2026-03-05,2026-03-05,,,,,,,MT5,1d4561b7-ba1f-49b7-a8f4-3d4bb5009e42,2026-03-06T02:00:02Z,edb7f86c69c2b24ceac10fdf340e3e42b92e5f7c6cc4f66c68aa523bda92810a,False
400862814:127142987,119256546,119244972,trade,Buy,GOLD,0.01,,5150.82,,,0.0,0.0,,-7.79,,0,,400862814,A_main_trade,USD,2026-03-05T12:31:03+02:00,2026-03-05T12:31:03+02:00,2026-03-05T17:31:03+07:00,2026-03-05T17:31:03+07:00,2026-03-05,2026-03-05,,,,,,,MT5,1d4561b7-ba1f-49b7-a8f4-3d4bb5009e42,2026-03-06T02:00:02Z,8dc0e09b2445086b00f10fafedf5d80528da536a3b68070bfc51bfc3b31c7e17,False
400862814:127142988,119256539,119252649,trade,Buy,GOLD,0.01,,5150.82,,,0.0,0.0,,-4.82,,0,,400862814,A_main_trade,USD,2026-03-05T12:31:03+02:00,2026-03-05T12:31:03+02:00,2026-03-05T17:31:03+07:00,2026-03-05T17:31:03+07:00,2026-03-05,2026-03-05,,,,,,,MT5,1d4561b7-ba1f-49b7-a8f4-3d4bb5009e42,2026-03-06T02:00:02Z,6a18ca868059d405b9cdb6fe8aa0469c3163e87b337afdf94b07259eb4c9fe3a,False
400862814:127142989,119256543,119245026,trade,Buy,GOLD,0.01,,5150.82,,,0.0,0.0,,-7.82,,0,,400862814,A_main_trade,USD,2026-03-05T12:31:03+02:00,2026-03-05T12:31:03+02:00,2026-03-05T17:31:03+07:00,2026-03-05T17:31:03+07:00,2026-03-05,2026-03-05,,,,,,,MT5,1d4561b7-ba1f-49b7-a8f4-3d4bb5009e42,2026-03-06T02:00:02Z,8d8ff298c959f995d32f0f86eb7e1481f0291ad2aaebba0b8f7aca861cab0691,False
400862814:127142990,119256547,119254443,trade,Buy,GOLD,0.01,,5150.82,,,0.0,0.0,,-6.6899999999999995,,0,,400862814,A_main_trade,USD,2026-03-05T12:31:03+02:00,2026-03-05T12:31:03+02:00,2026-03-05T17:31:03+07:00,2026-03-05T17:31:03+07:00,2026-03-05,2026-03-05,,,,,,,MT5,1d4561b7-ba1f-49b7-a8f4-3d4bb5009e42,2026-03-06T02:00:02Z,69a7561faf7ef870164fe8fbd7219e7e408e668c81bead428542c4ad8e41e342,False
400862814:127142991,119256548,119255176,trade,Buy,GOLD,0.01,,5150.82,,,0.0,0.0,,-7.23,,0,,400862814,A_main_trade,USD,2026-03-05T12:31:03+02:00,2026-03-05T12:31:03+02:00,2026-03-05T17:31:03+07:00,2026-03-05T17:31:03+07:00,2026-03-05,2026-03-05,,,,,,,MT5,1d4561b7-ba1f-49b7-a8f4-3d4bb5009e42,2026-03-06T02:00:02Z,df2434d69365a5f2ccb60ff1509901913373bb254e9931ef031af2225f7a338d,False
400862814:127142994,0,0,deposit,Deposit,,0.0,,0.0,,,0.0,0.0,,295.17,EXP06,0,,400862814,A_main_trade,USD,2026-03-05T12:31:03+02:00,2026-03-05T12:31:03+02:00,2026-03-05T17:31:03+07:00,2026-03-05T17:31:03+07:00,2026-03-05,2026-03-05,,,,,,,MT5,1d4561b7-ba1f-49b7-a8f4-3d4bb5009e42,2026-03-06T02:00:02Z,d6c94d89af4f3cb883e7db4d6ec0e5194fb1cfb2fdb9e0882457dc2de7aa029e,False
400862814:127142996,0,0,credit,Credit,,0.0,,0.0,,,0.0,0.0,,-295.17,Credit Out,0,,400862814,A_main_trade,USD,2026-03-05T12:31:03+02:00,2026-03-05T12:31:03+02:00,2026-03-05T17:31:03+07:00,2026-03-05T17:31:03+07:00,2026-03-05,2026-03-05,,,,,,,MT5,1d4561b7-ba1f-49b7-a8f4-3d4bb5009e42,2026-03-06T02:00:02Z,7dbcc8138239289ef301ac115315b3dde5b56f9f3dac0c8d3361e54ae0d63160,False
400862814:127142263,119255859,119255859,trade,Sell,GOLD,0.01,,5148.33,,,0.0,0.0,,0.0,,0,,400862814,A_main_trade,USD,2026-03-05T12:30:44+02:00,2026-03-05T12:30:44+02:00,2026-03-05T17:30:44+07:00,2026-03-05T17:30:44+07:00,2026-03-05,2026-03-05,,,,,,,MT5,1d4561b7-ba1f-49b7-a8f4-3d4bb5009e42,2026-03-06T02:00:02Z,096e02ab102a443563e280cb72fce127dc83aea8bf1441ea938e7b4ba70fee35,False
400862814:127142278,119255873,119255873,trade,Sell,GOLD,0.01,,5148.52,,,0.0,0.0,,0.0,,0,,400862814,A_main_trade,USD,2026-03-05T12:30:44+02:00,2026-03-05T12:30:44+02:00,2026-03-05T17:30:44+07:00,2026-03-05T17:30:44+07:00,2026-03-05,2026-03-05,,,,,,,MT5,1d4561b7-ba1f-49b7-a8f4-3d4bb5009e42,2026-03-06T02:00:02Z,43d0cf9d5fa9e0015201d750f9f4ba95b72c9f9ad49f325f31d0e281665bbc68,False
400862814:127142062,119255665,119255533,trade,Sell,GOLD,0.01,,5147.31,,,0.0,0.0,,0.32,,0,,400862814,A_main_trade,USD,2026-03-05T12:30:40+02:00,2026-03-05T12:30:40+02:00,2026-03-05T17:30:40+07:00,2026-03-05T17:30:40+07:00,2026-03-05,2026-03-05,,,,,,,MT5,1d4561b7-ba1f-49b7-a8f4-3d4bb5009e42,2026-03-06T02:00:02Z,992569120a75bd3a09c5f28285e550cd120d87ac828db2ff4cac16eb985aa58d,False
400862814:127141922,119255533,119255533,trade,Buy,GOLD,0.01,,5146.99,,,0.0,0.0,,0.0,,0,,400862814,A_main_trade,USD,2026-03-05T12:30:36+02:00,2026-03-05T12:30:36+02:00,2026-03-05T17:30:36+07:00,2026-03-05T17:30:36+07:00,2026-03-05,2026-03-05,,,,,,,MT5,1d4561b7-ba1f-49b7-a8f4-3d4bb5009e42,2026-03-06T02:00:02Z,5c05d21837d74cd0bcf5101a30412e0e819f559fb2ca9c69979fd9c8048251f0,False
400862814:127141548,119255176,119255176,trade,Sell,GOLD,0.01,,5143.59,,,0.0,0.0,,0.0,,0,,400862814,A_main_trade,USD,2026-03-05T12:30:08+02:00,2026-03-05T12:30:08+02:00,2026-03-05T17:30:08+07:00,2026-03-05T17:30:08+07:00,2026-03-05,2026-03-05,,,,,,,MT5,1d4561b7-ba1f-49b7-a8f4-3d4bb5009e42,2026-03-06T02:00:02Z,3f08e75773866e2af8c1db5d138db56d5b9ed2105c32d489d61e53c48fb7d6e4,False
400862814:127141432,119255070,119245166,trade,Buy,GOLD,0.01,,5143.96,,,0.0,0.0,,-0.48,,0,,400862814,A_main_trade,USD,2026-03-05T12:29:55+02:00,2026-03-05T12:29:55+02:00,2026-03-05T17:29:55+07:00,2026-03-05T17:29:55+07:00,2026-03-05,2026-03-05,,,,,,,MT5,1d4561b7-ba1f-49b7-a8f4-3d4bb5009e42,2026-03-06T02:00:02Z,1035f42cfb1c53dd005f766d22d229d220a8bc1a9a2e842f2c3df9a78f25894d,False
400862814:127140760,119254443,119254443,trade,Sell,GOLD,0.01,,5144.13,,,0.0,0.0,,0.0,,0,,400862814,A_main_trade,USD,2026-03-05T12:28:21+02:00,2026-03-05T12:28:21+02:00,2026-03-05T17:28:21+07:00,2026-03-05T17:28:21+07:00,2026-03-05,2026-03-05,,,,,,,MT5,1d4561b7-ba1f-49b7-a8f4-3d4bb5009e42,2026-03-06T02:00:02Z,26380ef1fae7e4ecce089da73f7b1abfd249724d968c1c0be6690c663493db97,False
400862814:127139649,119253389,119253389,trade,Sell,GOLD,0.01,,5144.92,,,0.0,0.0,,0.0,,0,,400862814,A_main_trade,USD,2026-03-05T12:26:22+02:00,2026-03-05T12:26:22+02:00,2026-03-05T17:26:22+07:00,2026-03-05T17:26:22+07:00,2026-03-05,2026-03-05,,,,,,,MT5,1d4561b7-ba1f-49b7-a8f4-3d4bb5009e42,2026-03-06T02:00:02Z,b8caa40b4ddcfc14d01231e758ef220690c510a1e5c7da41771e8e8ad41156fb,False
400862814:127138893,119252649,119252649,trade,Sell,GOLD,0.01,,5146.0,,,0.0,0.0,,0.0,,0,,400862814,A_main_trade,USD,2026-03-05T12:25:34+02:00,2026-03-05T12:25:34+02:00,2026-03-05T17:25:34+07:00,2026-03-05T17:25:34+07:00,2026-03-05,2026-03-05,,,,,,,MT5,1d4561b7-ba1f-49b7-a8f4-3d4bb5009e42,2026-03-06T02:00:02Z,aa15edf0db13bf7a3f9905dd221f9a7f44a5840815cc2f0f603a26e79f408382,False
400862814:127138388,119252177,119251541,trade,Sell,GOLD,0.01,,5145.38,,,0.0,0.0,,-2.67,,0,,400862814,A_main_trade,USD,2026-03-05T12:24:43+02:00,2026-03-05T12:24:43+02:00,2026-03-05T17:24:43+07:00,2026-03-05T17:24:43+07:00,2026-03-05,2026-03-05,,,,,,,MT5,1d4561b7-ba1f-49b7-a8f4-3d4bb5009e42,2026-03-06T02:00:02Z,d67bff187aa6f65bf1ddf52cf3051173f3062571ac4f95743378f91dba77c75d,False
400862814:127137744,119251541,119251541,trade,Buy,GOLD,0.01,,5148.05,,,0.0,0.0,,0.0,,0,,400862814,A_main_trade,USD,2026-03-05T12:23:59+02:00,2026-03-05T12:23:59+02:00,2026-03-05T17:23:59+07:00,2026-03-05T17:23:59+07:00,2026-03-05,2026-03-05,,,,,,,MT5,1d4561b7-ba1f-49b7-a8f4-3d4bb5009e42,2026-03-06T02:00:02Z,5883824405603d54773e2227953ca1e2f43646e3e8bffca45e42288c95cad383,False
400862814:127132989,119247056,119247056,trade,Sell,GOLD,0.01,,5143.27,,,0.0,0.0,,0.0,,0,,400862814,A_main_trade,USD,2026-03-05T12:19:09+02:00,2026-03-05T12:19:09+02:00,2026-03-05T17:19:09+07:00,2026-03-05T17:19:09+07:00,2026-03-05,2026-03-05,,,,,,,MT5,1d4561b7-ba1f-49b7-a8f4-3d4bb5009e42,2026-03-06T02:00:02Z,c54c2867aa132d4030b95dad46e5056111443ea36cb4fa0f8ec592c28613ae50,False
400862814:127131534,119245653,119245653,trade,Sell,GOLD,0.01,,5142.29,,,0.0,0.0,,0.0,,0,,400862814,A_main_trade,USD,2026-03-05T12:16:58+02:00,2026-03-05T12:16:58+02:00,2026-03-05T17:16:58+07:00,2026-03-05T17:16:58+07:00,2026-03-05,2026-03-05,,,,,,,MT5,1d4561b7-ba1f-49b7-a8f4-3d4bb5009e42,2026-03-06T02:00:02Z,afead1b0df970a65c4d07daf99372014dfc8d313e552af6dc4efa84131e3919f,False
400862814:127131516,119245643,119245643,trade,Sell,GOLD,0.01,,5142.38,,,0.0,0.0,,0.0,,0,,400862814,A_main_trade,USD,2026-03-05T12:16:56+02:00,2026-03-05T12:16:56+02:00,2026-03-05T17:16:56+07:00,2026-03-05T17:16:56+07:00,2026-03-05,2026-03-05,,,,,,,MT5,1d4561b7-ba1f-49b7-a8f4-3d4bb5009e42,2026-03-06T02:00:02Z,bd5f3000bcba7a50fc4aa7c6c40cbcb0d4835a090f0e0394d17c6b40ee9c9131,False
400862814:127131091,119245254,119245254,trade,Sell,GOLD,0.01,,5142.78,,,0.0,0.0,,0.0,,0,,400862814,A_main_trade,USD,2026-03-05T12:16:28+02:00,2026-03-05T12:16:28+02:00,2026-03-05T17:16:28+07:00,2026-03-05T17:16:28+07:00,2026-03-05,2026-03-05,,,,,,,MT5,1d4561b7-ba1f-49b7-a8f4-3d4bb5009e42,2026-03-06T02:00:02Z,677b4d36d52bd5c6fca215ca1b21f817f26eb85e322fb9ea4799bd6507607d32,False
400862814:127131001,119245166,119245166,trade,Sell,GOLD,0.01,,5143.48,,,0.0,0.0,,0.0,,0,,400862814,A_main_trade,USD,2026-03-05T12:16:22+02:00,2026-03-05T12:16:22+02:00,2026-03-05T17:16:22+07:00,2026-03-05T17:16:22+07:00,2026-03-05,2026-03-05,,,,,,,MT5,1d4561b7-ba1f-49b7-a8f4-3d4bb5009e42,2026-03-06T02:00:02Z,c56f72f360b41de7ab61874994133b4d3b46af890eb805d5d8579f0ad13f9284,False
400862814:127130855,119245026,119245026,trade,Sell,GOLD,0.01,,5143.0,,,0.0,0.0,,0.0,,0,,400862814,A_main_trade,USD,2026-03-05T12:16:14+02:00,2026-03-05T12:16:14+02:00,2026-03-05T17:16:14+07:00,2026-03-05T17:16:14+07:00,2026-03-05,2026-03-05,,,,,,,MT5,1d4561b7-ba1f-49b7-a8f4-3d4bb5009e42,2026-03-06T02:00:02Z,cdc42e7a9f972e68efd9cabd6adca6e763079be1904d2c1d62ad0e7c02d9cc08,False
400862814:127130831,119245002,119245002,trade,Sell,GOLD,0.01,,5142.27,,,0.0,0.0,,0.0,,0,,400862814,A_main_trade,USD,2026-03-05T12:16:13+02:00,2026-03-05T12:16:13+02:00,2026-03-05T17:16:13+07:00,2026-03-05T17:16:13+07:00,2026-03-05,2026-03-05,,,,,,,MT5,1d4561b7-ba1f-49b7-a8f4-3d4bb5009e42,2026-03-06T02:00:02Z,8cb487f14b3f35c35f29302f8c832110a589598592e8ea418655edf05217245c,False
400862814:127130798,119244972,119244972,trade,Sell,GOLD,0.01,,5143.03,,,0.0,0.0,,0.0,,0,,400862814,A_main_trade,USD,2026-03-05T12:16:12+02:00,2026-03-05T12:16:12+02:00,2026-03-05T17:16:12+07:00,2026-03-05T17:16:12+07:00,2026-03-05,2026-03-05,,,,,,,MT5,1d4561b7-ba1f-49b7-a8f4-3d4bb5009e42,2026-03-06T02:00:02Z,0bbcc21eab93507c529d0e693ad46109fc1e2152bc05b914515775eff8b50492,False
400862814:127115477,119230609,119223332,trade,Sell,GOLD,0.01,,5156.02,,,0.0,0.0,,-9.3,,0,,400862814,A_main_trade,USD,2026-03-05T12:03:24+02:00,2026-03-05T12:03:24+02:00,2026-03-05T17:03:24+07:00,2026-03-05T17:03:24+07:00,2026-03-05,2026-03-05,,,,,,,MT5,1d4561b7-ba1f-49b7-a8f4-3d4bb5009e42,2026-03-06T02:00:02Z,c6ace76aeed7578d49c24e1c57976b8f8f7b0c842e65b60011fb3aa51d4ea0b4,False
400862814:127115478,119230610,119223336,trade,Sell,GOLD,0.01,,5156.02,,,0.0,0.0,,-9.35,,0,,400862814,A_main_trade,USD,2026-03-05T12:03:24+02:00,2026-03-05T12:03:24+02:00,2026-03-05T17:03:24+07:00,2026-03-05T17:03:24+07:00,2026-03-05,2026-03-05,,,,,,,MT5,1d4561b7-ba1f-49b7-a8f4-3d4bb5009e42,2026-03-06T02:00:02Z,3b2cbcc69233fbfa4cc75ccb3d7ec0a7fc7240cd3af28baa2fe6d46a78729696,False
400862814:127115479,119230608,119223355,trade,Sell,GOLD,0.01,,5156.02,,,0.0,0.0,,-9.08,,0,,400862814,A_main_trade,USD,2026-03-05T12:03:24+02:00,2026-03-05T12:03:24+02:00,2026-03-05T17:03:24+07:00,2026-03-05T17:03:24+07:00,2026-03-05,2026-03-05,,,,,,,MT5,1d4561b7-ba1f-49b7-a8f4-3d4bb5009e42,2026-03-06T02:00:02Z,fbcf9fa3ad71d4b4a728e57b60bc3a273e345997d31d14f6c3a319da0b0a922c,False
400862814:127115480,119230607,119223401,trade,Sell,GOLD,0.01,,5156.02,,,0.0,0.0,,-8.26,,0,,400862814,A_main_trade,USD,2026-03-05T12:03:24+02:00,2026-03-05T12:03:24+02:00,2026-03-05T17:03:24+07:00,2026-03-05T17:03:24+07:00,2026-03-05,2026-03-05,,,,,,,MT5,1d4561b7-ba1f-49b7-a8f4-3d4bb5009e42,2026-03-06T02:00:02Z,0f92ca18e10f279c8895337acaaa58a93aef216275a03cf4365b89f26f038783,False
400862814:127115481,119230605,119223765,trade,Sell,GOLD,0.01,,5156.02,,,0.0,0.0,,-6.91,,0,,400862814,A_main_trade,USD,2026-03-05T12:03:24+02:00,2026-03-05T12:03:24+02:00,2026-03-05T17:03:24+07:00,2026-03-05T17:03:24+07:00,2026-03-05,2026-03-05,,,,,,,MT5,1d4561b7-ba1f-49b7-a8f4-3d4bb5009e42,2026-03-06T02:00:02Z,675c0e8241bfb06feedac0a97ba7e3640a2a41419ca86d9ea2e01b83ed858358,False
400862814:127115482,119230606,119223478,trade,Sell,GOLD,0.01,,5156.02,,,0.0,0.0,,-8.52,,0,,400862814,A_main_trade,USD,2026-03-05T12:03:24+02:00,2026-03-05T12:03:24+02:00,2026-03-05T17:03:24+07:00,2026-03-05T17:03:24+07:00,2026-03-05,2026-03-05,,,,,,,MT5,1d4561b7-ba1f-49b7-a8f4-3d4bb5009e42,2026-03-06T02:00:02Z,7a56cf3c2ded70029c21462f4d1ca9b2c19f6373f2e7f83d2470f65cfb190d31,False
400862814:127108267,119223765,119223765,trade,Buy,GOLD,0.01,,5162.93,,,0.0,0.0,,0.0,,0,,400862814,A_main_trade,USD,2026-03-05T11:50:08+02:00,2026-03-05T11:50:08+02:00,2026-03-05T16:50:08+07:00,2026-03-05T16:50:08+07:00,2026-03-05,2026-03-05,,,,,,,MT5,1d4561b7-ba1f-49b7-a8f4-3d4bb5009e42,2026-03-06T02:00:02Z,38582ccc0fe7a53e52111fe823014ee5e6e135b8fcd722435e670c1bd4dab9ba,False
400862814:127107956,119223478,119223478,trade,Buy,GOLD,0.01,,5164.54,,,0.0,0.0,,0.0,,0,,400862814,A_main_trade,USD,2026-03-05T11:48:57+02:00,2026-03-05T11:48:57+02:00,2026-03-05T16:48:57+07:00,2026-03-05T16:48:57+07:00,2026-03-05,2026-03-05,,,,,,,MT5,1d4561b7-ba1f-49b7-a8f4-3d4bb5009e42,2026-03-06T02:00:02Z,774cbea67dab2bb37efd3f6368f173af51bd77cdea33a88322727a38a5019cae,False
400862814:127107880,119223401,119223401,trade,Buy,GOLD,0.01,,5164.28,,,0.0,0.0,,0.0,,0,,400862814,A_main_trade,USD,2026-03-05T11:48:42+02:00,2026-03-05T11:48:42+02:00,2026-03-05T16:48:42+07:00,2026-03-05T16:48:42+07:00,2026-03-05,2026-03-05,,,,,,,MT5,1d4561b7-ba1f-49b7-a8f4-3d4bb5009e42,2026-03-06T02:00:02Z,b1cde1dbee39b6511354b4a44ee9b43550914f2dbd4d012800bab559bb176cb9,False
400862814:127107835,119223355,119223355,trade,Buy,GOLD,0.01,,5165.1,,,0.0,0.0,,0.0,,0,,400862814,A_main_trade,USD,2026-03-05T11:48:35+02:00,2026-03-05T11:48:35+02:00,2026-03-05T16:48:35+07:00,2026-03-05T16:48:35+07:00,2026-03-05,2026-03-05,,,,,,,MT5,1d4561b7-ba1f-49b7-a8f4-3d4bb5009e42,2026-03-06T02:00:02Z,b581180346381d2a6cd1ac9f5f09b1d88585d1401ef2c4df62784e97f670fb0a,False
400862814:127107817,119223336,119223336,trade,Buy,GOLD,0.01,,5165.37,,,0.0,0.0,,0.0,,0,,400862814,A_main_trade,USD,2026-03-05T11:48:33+02:00,2026-03-05T11:48:33+02:00,2026-03-05T16:48:33+07:00,2026-03-05T16:48:33+07:00,2026-03-05,2026-03-05,,,,,,,MT5,1d4561b7-ba1f-49b7-a8f4-3d4bb5009e42,2026-03-06T02:00:02Z,c9eb44587b746505c14f9b2667a07598ec6c5c824abfd897aac20206a659e26e,False
400862814:127107814,119223332,119223332,trade,Buy,GOLD,0.01,,5165.32,,,0.0,0.0,,0.0,,0,,400862814,A_main_trade,USD,2026-03-05T11:48:32+02:00,2026-03-05T11:48:32+02:00,2026-03-05T16:48:32+07:00,2026-03-05T16:48:32+07:00,2026-03-05,2026-03-05,,,,,,,MT5,1d4561b7-ba1f-49b7-a8f4-3d4bb5009e42,2026-03-06T02:00:02Z,dbcc448a509bd24974f8e0aea3e403d7b18430586be9236884a894fd67fdf331,False
400862814:127107708,119223229,119222927,trade,Sell,GOLD,0.01,,5165.45,,,0.0,0.0,,0.51,,0,,400862814,A_main_trade,USD,2026-03-05T11:48:13+02:00,2026-03-05T11:48:13+02:00,2026-03-05T16:48:13+07:00,2026-03-05T16:48:13+07:00,2026-03-05,2026-03-05,,,,,,,MT5,1d4561b7-ba1f-49b7-a8f4-3d4bb5009e42,2026-03-06T02:00:02Z,eeb8aace3e59a0016e479ee3c78af054e07fec41ec3594e75ae220fa4e0eeaec,False
400862814:127107709,119223228,119222912,trade,Sell,GOLD,0.01,,5165.45,,,0.0,0.0,,0.46,,0,,400862814,A_main_trade,USD,2026-03-05T11:48:13+02:00,2026-03-05T11:48:13+02:00,2026-03-05T16:48:13+07:00,2026-03-05T16:48:13+07:00,2026-03-05,2026-03-05,,,,,,,MT5,1d4561b7-ba1f-49b7-a8f4-3d4bb5009e42,2026-03-06T02:00:02Z,ee0bba1d99435af855ee8d404df7b52f4d0cf5d3f300a673257310c23a08eda0,False
400862814:127107710,119223231,119223021,trade,Sell,GOLD,0.01,,5165.45,,,0.0,0.0,,-0.01,,0,,400862814,A_main_trade,USD,2026-03-05T11:48:13+02:00,2026-03-05T11:48:13+02:00,2026-03-05T16:48:13+07:00,2026-03-05T16:48:13+07:00,2026-03-05,2026-03-05,,,,,,,MT5,1d4561b7-ba1f-49b7-a8f4-3d4bb5009e42,2026-03-06T02:00:02Z,989de830162ba6cbd03e56a6ca97512a384c8bf99edb33a22cf53e44aa4a2014,False
400862814:127107711,119223232,119223005,trade,Sell,GOLD,0.01,,5165.45,,,0.0,0.0,,-0.64,,0,,400862814,A_main_trade,USD,2026-03-05T11:48:13+02:00,2026-03-05T11:48:13+02:00,2026-03-05T16:48:13+07:00,2026-03-05T16:48:13+07:00,2026-03-05,2026-03-05,,,,,,,MT5,1d4561b7-ba1f-49b7-a8f4-3d4bb5009e42,2026-03-06T02:00:02Z,61fb6ec3f284a01d46fcb7ee9936a3c1ad167fa842097bc5ccc42b4ab5901fbe,False
400862814:127107712,119223230,119222971,trade,Sell,GOLD,0.01,,5165.45,,,0.0,0.0,,-0.15,,0,,400862814,A_main_trade,USD,2026-03-05T11:48:13+02:00,2026-03-05T11:48:13+02:00,2026-03-05T16:48:13+07:00,2026-03-05T16:48:13+07:00,2026-03-05,2026-03-05,,,,,,,MT5,1d4561b7-ba1f-49b7-a8f4-3d4bb5009e42,2026-03-06T02:00:02Z,eb50c89f58c9204a4ed9b7ee62b0934024a196b06fbd7c8ac0792513c9e0a415,False
400862814:127107713,119223233,119223037,trade,Sell,GOLD,0.01,,5165.45,,,0.0,0.0,,0.0,,0,,400862814,A_main_trade,USD,2026-03-05T11:48:13+02:00,2026-03-05T11:48:13+02:00,2026-03-05T16:48:13+07:00,2026-03-05T16:48:13+07:00,2026-03-05,2026-03-05,,,,,,,MT5,1d4561b7-ba1f-49b7-a8f4-3d4bb5009e42,2026-03-06T02:00:02Z,1f101e1d3f1c06b9f376c77d116004d23d0600fdcb9bf8259b69898e4856676f,False
400862814:127107521,119223037,119223037,trade,Buy,GOLD,0.01,,5165.45,,,0.0,0.0,,0.0,,0,,400862814,A_main_trade,USD,2026-03-05T11:47:48+02:00,2026-03-05T11:47:48+02:00,2026-03-05T16:47:48+07:00,2026-03-05T16:47:48+07:00,2026-03-05,2026-03-05,,,,,,,MT5,1d4561b7-ba1f-49b7-a8f4-3d4bb5009e42,2026-03-06T02:00:02Z,1c8f2f45026d7ea137e66aa080aee7c9bd8e98800e2804e963d94fb48d9e0bb5,False
400862814:127107501,119223021,119223021,trade,Buy,GOLD,0.01,,5165.46,,,0.0,0.0,,0.0,,0,,400862814,A_main_trade,USD,2026-03-05T11:47:44+02:00,2026-03-05T11:47:44+02:00,2026-03-05T16:47:44+07:00,2026-03-05T16:47:44+07:00,2026-03-05,2026-03-05,,,,,,,MT5,1d4561b7-ba1f-49b7-a8f4-3d4bb5009e42,2026-03-06T02:00:02Z,4dda77b91cba77ffd7a1257574fae0833abd00d39e4a58631fce855c58ad9943,False
400862814:127107483,119223005,119223005,trade,Buy,GOLD,0.01,,5166.09,,,0.0,0.0,,0.0,,0,,400862814,A_main_trade,USD,2026-03-05T11:47:43+02:00,2026-03-05T11:47:43+02:00,2026-03-05T16:47:43+07:00,2026-03-05T16:47:43+07:00,2026-03-05,2026-03-05,,,,,,,MT5,1d4561b7-ba1f-49b7-a8f4-3d4bb5009e42,2026-03-06T02:00:02Z,f336531ffb80aa1bba28fec51301927f04847d3ed87ea867eb907b77fc4767b7,False
400862814:127107452,119222971,119222971,trade,Buy,GOLD,0.01,,5165.6,,,0.0,0.0,,0.0,,0,,400862814,A_main_trade,USD,2026-03-05T11:47:41+02:00,2026-03-05T11:47:41+02:00,2026-03-05T16:47:41+07:00,2026-03-05T16:47:41+07:00,2026-03-05,2026-03-05,,,,,,,MT5,1d4561b7-ba1f-49b7-a8f4-3d4bb5009e42,2026-03-06T02:00:02Z,99cd148d3041adb5944935e47149357765498e236c5d09e26778adb5a8aa4cba,False
400862814:127107405,119222927,119222927,trade,Buy,GOLD,0.01,,5164.94,,,0.0,0.0,,0.0,,0,,400862814,A_main_trade,USD,2026-03-05T11:47:35+02:00,2026-03-05T11:47:35+02:00,2026-03-05T16:47:35+07:00,2026-03-05T16:47:35+07:00,2026-03-05,2026-03-05,,,,,,,MT5,1d4561b7-ba1f-49b7-a8f4-3d4bb5009e42,2026-03-06T02:00:02Z,f793a39f8f3a912aee290aa3e16388403c99b78118d2e5d46b8a0d192c2a3208,False
400862814:127107389,119222912,119222912,trade,Buy,GOLD,0.01,,5164.99,,,0.0,0.0,,0.0,,0,,400862814,A_main_trade,USD,2026-03-05T11:47:33+02:00,2026-03-05T11:47:33+02:00,2026-03-05T16:47:33+07:00,2026-03-05T16:47:33+07:00,2026-03-05,2026-03-05,,,,,,,MT5,1d4561b7-ba1f-49b7-a8f4-3d4bb5009e42,2026-03-06T02:00:02Z,f2054f7bf92a1d8775194b978c70790d2719ce8d1352108c1276f80d091e729d,False
400862814:127099585,119215434,119214912,trade,Sell,GOLD,0.01,,5164.76,,,0.0,0.0,,0.27,,0,,400862814,A_main_trade,USD,2026-03-05T11:33:40+02:00,2026-03-05T11:33:40+02:00,2026-03-05T16:33:40+07:00,2026-03-05T16:33:40+07:00,2026-03-05,2026-03-05,,,,,,,MT5,1d4561b7-ba1f-49b7-a8f4-3d4bb5009e42,2026-03-06T02:00:02Z,9ff0da9bf671d2675ae0cca52ea08d82e7d30afbc4ccbc2d6ded299f177fa9f7,False
400862814:127099586,119215436,119215153,trade,Sell,GOLD,0.01,,5164.76,,,0.0,0.0,,0.03,,0,,400862814,A_main_trade,USD,2026-03-05T11:33:40+02:00,2026-03-05T11:33:40+02:00,2026-03-05T16:33:40+07:00,2026-03-05T16:33:40+07:00,2026-03-05,2026-03-05,,,,,,,MT5,1d4561b7-ba1f-49b7-a8f4-3d4bb5009e42,2026-03-06T02:00:02Z,4fb274001df6929df1165b13f595f5da6eff12a85160aefe248157989dd916dc,False
400862814:127099587,119215435,119214993,trade,Sell,GOLD,0.01,,5164.76,,,0.0,0.0,,0.73,,0,,400862814,A_main_trade,USD,2026-03-05T11:33:40+02:00,2026-03-05T11:33:40+02:00,2026-03-05T16:33:40+07:00,2026-03-05T16:33:40+07:00,2026-03-05,2026-03-05,,,,,,,MT5,1d4561b7-ba1f-49b7-a8f4-3d4bb5009e42,2026-03-06T02:00:02Z,513be8936c8e08f4ba7e867f361c1c60a639cef619bf8cc66143c0aa7182ea6f,False
400862814:127099588,119215433,119214890,trade,Sell,GOLD,0.01,,5164.76,,,0.0,0.0,,-0.53,,0,,400862814,A_main_trade,USD,2026-03-05T11:33:40+02:00,2026-03-05T11:33:40+02:00,2026-03-05T16:33:40+07:00,2026-03-05T16:33:40+07:00,2026-03-05,2026-03-05,,,,,,,MT5,1d4561b7-ba1f-49b7-a8f4-3d4bb5009e42,2026-03-06T02:00:02Z,8f6643cc32ac348646683939cd1ae2a798f7d4e41f5e4bdcce8a0a13bc1b9343,False
400862814:127099281,119215153,119215153,trade,Buy,GOLD,0.01,,5164.73,,,0.0,0.0,,0.0,,0,,400862814,A_main_trade,USD,2026-03-05T11:32:45+02:00,2026-03-05T11:32:45+02:00,2026-03-05T16:32:45+07:00,2026-03-05T16:32:45+07:00,2026-03-05,2026-03-05,,,,,,,MT5,1d4561b7-ba1f-49b7-a8f4-3d4bb5009e42,2026-03-06T02:00:02Z,77f06eb143cbcf321b47c9c1f6179e5a4b0dbafcc4ee775e9c3c3c39998dd848,False
400862814:127099101,119214993,119214993,trade,Buy,GOLD,0.01,,5164.03,,,0.0,0.0,,0.0,,0,,400862814,A_main_trade,USD,2026-03-05T11:32:17+02:00,2026-03-05T11:32:17+02:00,2026-03-05T16:32:17+07:00,2026-03-05T16:32:17+07:00,2026-03-05,2026-03-05,,,,,,,MT5,1d4561b7-ba1f-49b7-a8f4-3d4bb5009e42,2026-03-06T02:00:02Z,41626845125b1dc300e9d5011447c68ec40202e6edb41e95c39a30a14819d90d,False
400862814:127099012,119214912,119214912,trade,Buy,GOLD,0.01,,5164.49,,,0.0,0.0,,0.0,,0,,400862814,A_main_trade,USD,2026-03-05T11:32:05+02:00,2026-03-05T11:32:05+02:00,2026-03-05T16:32:05+07:00,2026-03-05T16:32:05+07:00,2026-03-05,2026-03-05,,,,,,,MT5,1d4561b7-ba1f-49b7-a8f4-3d4bb5009e42,2026-03-06T02:00:02Z,c36f4a224a4946f9e9410701f951899905a92f8926af0cd40e566185dbdbdb1a,False
400862814:127098990,119214890,119214890,trade,Buy,GOLD,0.01,,5165.29,,,0.0,0.0,,0.0,,0,,400862814,A_main_trade,USD,2026-03-05T11:31:59+02:00,2026-03-05T11:31:59+02:00,2026-03-05T16:31:59+07:00,2026-03-05T16:31:59+07:00,2026-03-05,2026-03-05,,,,,,,MT5,1d4561b7-ba1f-49b7-a8f4-3d4bb5009e42,2026-03-06T02:00:02Z,0d6b78e61c923324dbc04e7c6b6b7e3f6d8acde8dec118c001aa3c93814a21ec,False
400862814:127093919,119210057,119209667,trade,Sell,GOLD,0.01,,5166.64,,,0.0,0.0,,1.8599999999999999,,0,,400862814,A_main_trade,USD,2026-03-05T11:18:23+02:00,2026-03-05T11:18:23+02:00,2026-03-05T16:18:23+07:00,2026-03-05T16:18:23+07:00,2026-03-05,2026-03-05,,,,,,,MT5,1d4561b7-ba1f-49b7-a8f4-3d4bb5009e42,2026-03-06T02:00:02Z,d4cb4ac4ac811e09e5210368dee36e9b4a729a974a6bf1ccdef61dd944f5dd8c,False
400862814:127093920,119210058,119209691,trade,Sell,GOLD,0.01,,5166.64,,,0.0,0.0,,2.04,,0,,400862814,A_main_trade,USD,2026-03-05T11:18:23+02:00,2026-03-05T11:18:23+02:00,2026-03-05T16:18:23+07:00,2026-03-05T16:18:23+07:00,2026-03-05,2026-03-05,,,,,,,MT5,1d4561b7-ba1f-49b7-a8f4-3d4bb5009e42,2026-03-06T02:00:02Z,57b3e1ca53b5ff7f2be2e917d450a57b3773e81e66227b129ea6cd2195b9636a,False
400862814:127093921,119210055,119209537,trade,Sell,GOLD,0.01,,5166.64,,,0.0,0.0,,2.99,,0,,400862814,A_main_trade,USD,2026-03-05T11:18:23+02:00,2026-03-05T11:18:23+02:00,2026-03-05T16:18:23+07:00,2026-03-05T16:18:23+07:00,2026-03-05,2026-03-05,,,,,,,MT5,1d4561b7-ba1f-49b7-a8f4-3d4bb5009e42,2026-03-06T02:00:02Z,579947392f43f8caef3cfae9a63321a6f0a4c8ae1f3d120e26b21805dd17ee7a,False
400862814:127093922,119210056,119209570,trade,Sell,GOLD,0.01,,5166.64,,,0.0,0.0,,3.03,,0,,400862814,A_main_trade,USD,2026-03-05T11:18:23+02:00,2026-03-05T11:18:23+02:00,2026-03-05T16:18:23+07:00,2026-03-05T16:18:23+07:00,2026-03-05,2026-03-05,,,,,,,MT5,1d4561b7-ba1f-49b7-a8f4-3d4bb5009e42,2026-03-06T02:00:02Z,612bf9b185d504bf927f320d8ef00fa36d9d20b7672426f63e1b57dae476128a,False
400862814:127093535,119209691,119209691,trade,Buy,GOLD,0.01,,5164.6,,,0.0,0.0,,0.0,,0,,400862814,A_main_trade,USD,2026-03-05T11:18:04+02:00,2026-03-05T11:18:04+02:00,2026-03-05T16:18:04+07:00,2026-03-05T16:18:04+07:00,2026-03-05,2026-03-05,,,,,,,MT5,1d4561b7-ba1f-49b7-a8f4-3d4bb5009e42,2026-03-06T02:00:02Z,0e0c5a7453df8cff320206ed397eb9d9171d2f1df2ed3052d746504f0d3c08b7,False
400862814:127093511,119209667,119209667,trade,Buy,GOLD,0.01,,5164.78,,,0.0,0.0,,0.0,,0,,400862814,A_main_trade,USD,2026-03-05T11:18:03+02:00,2026-03-05T11:18:03+02:00,2026-03-05T16:18:03+07:00,2026-03-05T16:18:03+07:00,2026-03-05,2026-03-05,,,,,,,MT5,1d4561b7-ba1f-49b7-a8f4-3d4bb5009e42,2026-03-06T02:00:02Z,85f1b5d003278b4ec210dc10146fc915c87995d45368954193302b924b2544e4,False
400862814:127093407,119209570,119209570,trade,Buy,GOLD,0.01,,5163.61,,,0.0,0.0,,0.0,,0,,400862814,A_main_trade,USD,2026-03-05T11:17:48+02:00,2026-03-05T11:17:48+02:00,2026-03-05T16:17:48+07:00,2026-03-05T16:17:48+07:00,2026-03-05,2026-03-05,,,,,,,MT5,1d4561b7-ba1f-49b7-a8f4-3d4bb5009e42,2026-03-06T02:00:02Z,9691241252dec4de58df80309ee8e0a12190033e6f448e2e35af759a84c3a83a,False
400862814:127093370,119209537,119209537,trade,Buy,GOLD,0.01,,5163.65,,,0.0,0.0,,0.0,,0,,400862814,A_main_trade,USD,2026-03-05T11:17:45+02:00,2026-03-05T11:17:45+02:00,2026-03-05T16:17:45+07:00,2026-03-05T16:17:45+07:00,2026-03-05,2026-03-05,,,,,,,MT5,1d4561b7-ba1f-49b7-a8f4-3d4bb5009e42,2026-03-06T02:00:02Z,8cfaf28cf3a5a46ecdf61ee43072be43300b91b427152a705ca6535ed5b1c7d2,False
400862814:127089264,119205583,119204444,trade,Buy,GOLD,0.01,,5166.47,,,0.0,0.0,,-1.51,,0,,400862814,A_main_trade,USD,2026-03-05T11:11:50+02:00,2026-03-05T11:11:50+02:00,2026-03-05T16:11:50+07:00,2026-03-05T16:11:50+07:00,2026-03-05,2026-03-05,,,,,,,MT5,1d4561b7-ba1f-49b7-a8f4-3d4bb5009e42,2026-03-06T02:00:02Z,9c41d763fd3a3f330b7b0b4c05fcca322e4361131213f5fa3bff148f2bc89199,False
400862814:127089265,119205585,119204611,trade,Buy,GOLD,0.01,,5166.47,,,0.0,0.0,,-1.76,,0,,400862814,A_main_trade,USD,2026-03-05T11:11:50+02:00,2026-03-05T11:11:50+02:00,2026-03-05T16:11:50+07:00,2026-03-05T16:11:50+07:00,2026-03-05,2026-03-05,,,,,,,MT5,1d4561b7-ba1f-49b7-a8f4-3d4bb5009e42,2026-03-06T02:00:02Z,b52e68164f57e2e65891f38e729270702191887443d86af6dc7551cc35e73b5d,False
400862814:127089266,119205586,119204692,trade,Buy,GOLD,0.01,,5166.47,,,0.0,0.0,,-1.78,,0,,400862814,A_main_trade,USD,2026-03-05T11:11:50+02:00,2026-03-05T11:11:50+02:00,2026-03-05T16:11:50+07:00,2026-03-05T16:11:50+07:00,2026-03-05,2026-03-05,,,,,,,MT5,1d4561b7-ba1f-49b7-a8f4-3d4bb5009e42,2026-03-06T02:00:02Z,f8c7dfcdac3df3945d27d427c4a50822be57aa0cd8b60b97a3c98bd1ebf86472,False
400862814:127089267,119205584,119204506,trade,Buy,GOLD,0.01,,5166.47,,,0.0,0.0,,-1.51,,0,,400862814,A_main_trade,USD,2026-03-05T11:11:50+02:00,2026-03-05T11:11:50+02:00,2026-03-05T16:11:50+07:00,2026-03-05T16:11:50+07:00,2026-03-05,2026-03-05,,,,,,,MT5,1d4561b7-ba1f-49b7-a8f4-3d4bb5009e42,2026-03-06T02:00:02Z,4972e9b4a3f9e6058fd9a5c18af1fde7401679dda2cb31611c3f3ed83d2d08e9,False
400862814:127088325,119204692,119204692,trade,Sell,GOLD,0.01,,5164.69,,,0.0,0.0,,0.0,,0,,400862814,A_main_trade,USD,2026-03-05T11:10:10+02:00,2026-03-05T11:10:10+02:00,2026-03-05T16:10:10+07:00,2026-03-05T16:10:10+07:00,2026-03-05,2026-03-05,,,,,,,MT5,1d4561b7-ba1f-49b7-a8f4-3d4bb5009e42,2026-03-06T02:00:02Z,bd9a24bc4405d9ef54ea04551ad1c46bfd885ee4d7513e1f54a96921572da5f0,False
400862814:127088235,119204611,119204611,trade,Sell,GOLD,0.01,,5164.71,,,0.0,0.0,,0.0,,0,,400862814,A_main_trade,USD,2026-03-05T11:09:53+02:00,2026-03-05T11:09:53+02:00,2026-03-05T16:09:53+07:00,2026-03-05T16:09:53+07:00,2026-03-05,2026-03-05,,,,,,,MT5,1d4561b7-ba1f-49b7-a8f4-3d4bb5009e42,2026-03-06T02:00:02Z,246c07d0f6633c08a62f7e249d6c8bb3b9e1c453a7c77446ef747ab7b6278b4b,False
400862814:127088124,119204506,119204506,trade,Sell,GOLD,0.01,,5164.96,,,0.0,0.0,,0.0,,0,,400862814,A_main_trade,USD,2026-03-05T11:09:30+02:00,2026-03-05T11:09:30+02:00,2026-03-05T16:09:30+07:00,2026-03-05T16:09:30+07:00,2026-03-05,2026-03-05,,,,,,,MT5,1d4561b7-ba1f-49b7-a8f4-3d4bb5009e42,2026-03-06T02:00:02Z,1a2952fdd7fb45f6032be9562671a50ea62943406db1eba0f624d47dcda1976f,False
400862814:127088061,119204444,119204444,trade,Sell,GOLD,0.01,,5164.96,,,0.0,0.0,,0.0,,0,,400862814,A_main_trade,USD,2026-03-05T11:09:25+02:00,2026-03-05T11:09:25+02:00,2026-03-05T16:09:25+07:00,2026-03-05T16:09:25+07:00,2026-03-05,2026-03-05,,,,,,,MT5,1d4561b7-ba1f-49b7-a8f4-3d4bb5009e42,2026-03-06T02:00:02Z,1638b58dfe79156ee0bf70d2015bfa47efefe7f910c19d5a73ad58aeedd15e06,False
400862814:127087216,119203609,119202599,trade,Buy,GOLD,0.01,,5165.22,,,0.0,0.0,,0.62,,0,,400862814,A_main_trade,USD,2026-03-05T11:08:13+02:00,2026-03-05T11:08:13+02:00,2026-03-05T16:08:13+07:00,2026-03-05T16:08:13+07:00,2026-03-05,2026-03-05,,,,,,,MT5,1d4561b7-ba1f-49b7-a8f4-3d4bb5009e42,2026-03-06T02:00:02Z,2aaa768551f502b011405f5517c41a510cb6c881666c67db7a59e2ca68714c45,False
400862814:127087217,119203611,119202862,trade,Buy,GOLD,0.01,,5165.22,,,0.0,0.0,,-0.36,,0,,400862814,A_main_trade,USD,2026-03-05T11:08:13+02:00,2026-03-05T11:08:13+02:00,2026-03-05T16:08:13+07:00,2026-03-05T16:08:13+07:00,2026-03-05,2026-03-05,,,,,,,MT5,1d4561b7-ba1f-49b7-a8f4-3d4bb5009e42,2026-03-06T02:00:02Z,1bb5d0ea4bc4134ddedd36b0b774c5bda848c3dc611a7191f0400f5b2951a7bb,False
400862814:127087218,119203610,119202957,trade,Buy,GOLD,0.01,,5165.22,,,0.0,0.0,,1.3,,0,,400862814,A_main_trade,USD,2026-03-05T11:08:13+02:00,2026-03-05T11:08:13+02:00,2026-03-05T16:08:13+07:00,2026-03-05T16:08:13+07:00,2026-03-05,2026-03-05,,,,,,,MT5,1d4561b7-ba1f-49b7-a8f4-3d4bb5009e42,2026-03-06T02:00:02Z,4e21ea9a031efda4ba49b7f9a84d057a9e596cb7ab04d83682c1568a7605b6d6,False
400862814:127086561,119202957,119202957,trade,Sell,GOLD,0.01,,5166.52,,,0.0,0.0,,0.0,,0,,400862814,A_main_trade,USD,2026-03-05T11:07:16+02:00,2026-03-05T11:07:16+02:00,2026-03-05T16:07:16+07:00,2026-03-05T16:07:16+07:00,2026-03-05,2026-03-05,,,,,,,MT5,1d4561b7-ba1f-49b7-a8f4-3d4bb5009e42,2026-03-06T02:00:02Z,57c647f6c2cc6177e6e8e6855ee820e57363879328088b6274d6814260756b71,False
400862814:127086472,119202862,119202862,trade,Sell,GOLD,0.01,,5164.86,,,0.0,0.0,,0.0,,0,,400862814,A_main_trade,USD,2026-03-05T11:07:08+02:00,2026-03-05T11:07:08+02:00,2026-03-05T16:07:08+07:00,2026-03-05T16:07:08+07:00,2026-03-05,2026-03-05,,,,,,,MT5,1d4561b7-ba1f-49b7-a8f4-3d4bb5009e42,2026-03-06T02:00:02Z,3592b704213015e2fb7328521bbc6c12bb8d096ae45de810e7111496b3c8ed9a,False
400862814:127086195,119202599,119202599,trade,Sell,GOLD,0.01,,5165.84,,,0.0,0.0,,0.0,,0,,400862814,A_main_trade,USD,2026-03-05T11:06:43+02:00,2026-03-05T11:06:43+02:00,2026-03-05T16:06:43+07:00,2026-03-05T16:06:43+07:00,2026-03-05,2026-03-05,,,,,,,MT5,1d4561b7-ba1f-49b7-a8f4-3d4bb5009e42,2026-03-06T02:00:02Z,e4f26bebf1fb7bc3c1cf34d7f4c05fea687f2a61ebade64d8d7db05a42766d1d,False
400862814:127084921,119201374,119200466,trade,Buy,GOLD,0.01,,5167.6,,,0.0,0.0,,3.27,,0,,400862814,A_main_trade,USD,2026-03-05T11:05:41+02:00,2026-03-05T11:05:41+02:00,2026-03-05T16:05:41+07:00,2026-03-05T16:05:41+07:00,2026-03-05,2026-03-05,,,,,,,MT5,1d4561b7-ba1f-49b7-a8f4-3d4bb5009e42,2026-03-06T02:00:02Z,703cb86267b537ee3a196d4033f26cb6618744f8827ecdc75f83a10364fc0dcf,False
400862814:127084922,119201376,119200945,trade,Buy,GOLD,0.01,,5167.6,,,0.0,0.0,,2.95,,0,,400862814,A_main_trade,USD,2026-03-05T11:05:41+02:00,2026-03-05T11:05:41+02:00,2026-03-05T16:05:41+07:00,2026-03-05T16:05:41+07:00,2026-03-05,2026-03-05,,,,,,,MT5,1d4561b7-ba1f-49b7-a8f4-3d4bb5009e42,2026-03-06T02:00:02Z,a51c04b4f52dcb22c01726babab7c730a8b17f8edfea23e553463d7c49bb7f53,False
400862814:127084923,119201375,119200450,trade,Buy,GOLD,0.01,,5167.6,,,0.0,0.0,,2.92,,0,,400862814,A_main_trade,USD,2026-03-05T11:05:41+02:00,2026-03-05T11:05:41+02:00,2026-03-05T16:05:41+07:00,2026-03-05T16:05:41+07:00,2026-03-05,2026-03-05,,,,,,,MT5,1d4561b7-ba1f-49b7-a8f4-3d4bb5009e42,2026-03-06T02:00:02Z,b6271f4083c0e770978e2e7d3834ccc45b778e73b655c7c9e0dac80525f4d41c,False
400862814:127084472,119200945,119200945,trade,Sell,GOLD,0.01,,5170.55,,,0.0,0.0,,0.0,,0,,400862814,A_main_trade,USD,2026-03-05T11:05:23+02:00,2026-03-05T11:05:23+02:00,2026-03-05T16:05:23+07:00,2026-03-05T16:05:23+07:00,2026-03-05,2026-03-05,,,,,,,MT5,1d4561b7-ba1f-49b7-a8f4-3d4bb5009e42,2026-03-06T02:00:02Z,4203607daa8ce72fcdc9f96c2650d9422e7750a5816438baa9266c4b8d5ad0d0,False
400862814:127083970,119200466,119200466,trade,Sell,GOLD,0.01,,5170.87,,,0.0,0.0,,0.0,,0,,400862814,A_main_trade,USD,2026-03-05T11:04:54+02:00,2026-03-05T11:04:54+02:00,2026-03-05T16:04:54+07:00,2026-03-05T16:04:54+07:00,2026-03-05,2026-03-05,,,,,,,MT5,1d4561b7-ba1f-49b7-a8f4-3d4bb5009e42,2026-03-06T02:00:02Z,218db88273fc474bcee363f50878e7a63b9cde47cea3377fbc3ecc1382d6b6e7,False
400862814:127083945,119200450,119200450,trade,Sell,GOLD,0.01,,5170.52,,,0.0,0.0,,0.0,,0,,400862814,A_main_trade,USD,2026-03-05T11:04:49+02:00,2026-03-05T11:04:49+02:00,2026-03-05T16:04:49+07:00,2026-03-05T16:04:49+07:00,2026-03-05,2026-03-05,,,,,,,MT5,1d4561b7-ba1f-49b7-a8f4-3d4bb5009e42,2026-03-06T02:00:02Z,d00e174b079bc0bed1fbe362623ae68b6a35d681bfba9c32690e02d95e90f14a,False
400862814:126947554,119072534,119071412,trade,Sell,GOLD,0.01,,5181.94,,,0.0,0.0,,2.8,,0,,400862814,A_main_trade,USD,2026-03-05T08:03:50+02:00,2026-03-05T08:03:50+02:00,2026-03-05T13:03:50+07:00,2026-03-05T13:03:50+07:00,2026-03-05,2026-03-05,,,,,,,MT5,1d4561b7-ba1f-49b7-a8f4-3d4bb5009e42,2026-03-06T02:00:02Z,399811b397118c56af9512c6f4378fba7c4db3bdc8cb8e44740b5ba824d05ebd,False
400862814:126947555,119072532,119071218,trade,Sell,GOLD,0.01,,5181.94,,,0.0,0.0,,3.98,,0,,400862814,A_main_trade,USD,2026-03-05T08:03:50+02:00,2026-03-05T08:03:50+02:00,2026-03-05T13:03:50+07:00,2026-03-05T13:03:50+07:00,2026-03-05,2026-03-05,,,,,,,MT5,1d4561b7-ba1f-49b7-a8f4-3d4bb5009e42,2026-03-06T02:00:02Z,16061a653b25dcd6d280972204aae146e9f59e1d472233c1bb8f92707dd6ccfa,False
400862814:126947556,119072535,119071429,trade,Sell,GOLD,0.01,,5181.94,,,0.0,0.0,,2.98,,0,,400862814,A_main_trade,USD,2026-03-05T08:03:50+02:00,2026-03-05T08:03:50+02:00,2026-03-05T13:03:50+07:00,2026-03-05T13:03:50+07:00,2026-03-05,2026-03-05,,,,,,,MT5,1d4561b7-ba1f-49b7-a8f4-3d4bb5009e42,2026-03-06T02:00:02Z,dc054c143dc9cd9caf965cd0ae0ee19fad0ae7f4cf3bfd9051caa9c9386a6f72,False
400862814:126947557,119072533,119071308,trade,Sell,GOLD,0.01,,5181.94,,,0.0,0.0,,3.61,,0,,400862814,A_main_trade,USD,2026-03-05T08:03:50+02:00,2026-03-05T08:03:50+02:00,2026-03-05T13:03:50+07:00,2026-03-05T13:03:50+07:00,2026-03-05,2026-03-05,,,,,,,MT5,1d4561b7-ba1f-49b7-a8f4-3d4bb5009e42,2026-03-06T02:00:02Z,63d76df982d16baec95041a6bcaf96b85f0252970e2736ce819ffc2534eb8bae,False
400862814:126946450,119071429,119071429,trade,Buy,GOLD,0.01,,5178.96,,,0.0,0.0,,0.0,,0,,400862814,A_main_trade,USD,2026-03-05T08:02:40+02:00,2026-03-05T08:02:40+02:00,2026-03-05T13:02:40+07:00,2026-03-05T13:02:40+07:00,2026-03-05,2026-03-05,,,,,,,MT5,1d4561b7-ba1f-49b7-a8f4-3d4bb5009e42,2026-03-06T02:00:02Z,167eac2b5e1ed0d54f084ccba257b564e985484b296aa1d8d127ccd53bca4950,False
400862814:126946435,119071412,119071412,trade,Buy,GOLD,0.01,,5179.14,,,0.0,0.0,,0.0,,0,,400862814,A_main_trade,USD,2026-03-05T08:02:37+02:00,2026-03-05T08:02:37+02:00,2026-03-05T13:02:37+07:00,2026-03-05T13:02:37+07:00,2026-03-05,2026-03-05,,,,,,,MT5,1d4561b7-ba1f-49b7-a8f4-3d4bb5009e42,2026-03-06T02:00:02Z,97e04ac5ffd1a8c580135364b2dc4ec3e4e79144dca8c21cf529b630ec0804d6,False
400862814:126946330,119071308,119071308,trade,Buy,GOLD,0.01,,5178.33,,,0.0,0.0,,0.0,,0,,400862814,A_main_trade,USD,2026-03-05T08:02:25+02:00,2026-03-05T08:02:25+02:00,2026-03-05T13:02:25+07:00,2026-03-05T13:02:25+07:00,2026-03-05,2026-03-05,,,,,,,MT5,1d4561b7-ba1f-49b7-a8f4-3d4bb5009e42,2026-03-06T02:00:02Z,e6674f31a4d71c00a8f75f0510419cd0e6882ad73cc7077dde87c2b1e3558cb5,False
400862814:126946220,119071218,119071218,trade,Buy,GOLD,0.01,,5177.96,,,0.0,0.0,,0.0,,0,,400862814,A_main_trade,USD,2026-03-05T08:02:13+02:00,2026-03-05T08:02:13+02:00,2026-03-05T13:02:13+07:00,2026-03-05T13:02:13+07:00,2026-03-05,2026-03-05,,,,,,,MT5,1d4561b7-ba1f-49b7-a8f4-3d4bb5009e42,2026-03-06T02:00:02Z,149c745d9fa89478e20e9fd9691f679186e4233e7ac1e1e56c7b9cc6742ab92d,False
400862814:126939225,119064513,119063887,trade,Sell,GOLD,0.01,,5190.38,,,0.0,0.0,,1.28,,0,,400862814,A_main_trade,USD,2026-03-05T07:46:12+02:00,2026-03-05T07:46:12+02:00,2026-03-05T12:46:12+07:00,2026-03-05T12:46:12+07:00,2026-03-05,2026-03-05,,,,,,,MT5,1d4561b7-ba1f-49b7-a8f4-3d4bb5009e42,2026-03-06T02:00:02Z,983f4810f2ecd2841182380a6096fa66ae1f54045af262765aa7ac9c691ceb69,False
400862814:126939226,119064514,119063792,trade,Sell,GOLD,0.01,,5190.38,,,0.0,0.0,,1.67,,0,,400862814,A_main_trade,USD,2026-03-05T07:46:12+02:00,2026-03-05T07:46:12+02:00,2026-03-05T12:46:12+07:00,2026-03-05T12:46:12+07:00,2026-03-05,2026-03-05,,,,,,,MT5,1d4561b7-ba1f-49b7-a8f4-3d4bb5009e42,2026-03-06T02:00:02Z,de36ba7ef21c7dc8868da0644a47827fffcbd1b96dbe82609d7e777332f71d51,False
400862814:126939227,119064515,119063751,trade,Sell,GOLD,0.01,,5190.38,,,0.0,0.0,,1.65,,0,,400862814,A_main_trade,USD,2026-03-05T07:46:12+02:00,2026-03-05T07:46:12+02:00,2026-03-05T12:46:12+07:00,2026-03-05T12:46:12+07:00,2026-03-05,2026-03-05,,,,,,,MT5,1d4561b7-ba1f-49b7-a8f4-3d4bb5009e42,2026-03-06T02:00:02Z,68572d78eb0eda637622d7b6e98d44254b748b084a22d75bd4b1a19f5f71ac51,False
400862814:126939228,119064512,119063971,trade,Sell,GOLD,0.01,,5190.38,,,0.0,0.0,,2.29,,0,,400862814,A_main_trade,USD,2026-03-05T07:46:12+02:00,2026-03-05T07:46:12+02:00,2026-03-05T12:46:12+07:00,2026-03-05T12:46:12+07:00,2026-03-05,2026-03-05,,,,,,,MT5,1d4561b7-ba1f-49b7-a8f4-3d4bb5009e42,2026-03-06T02:00:02Z,908ccf7036eeae768f723e859b1cccca55b0f1788cb8edb63d5d7616b407d06d,False
400862814:126939229,119064516,119063775,trade,Sell,GOLD,0.01,,5190.38,,,0.0,0.0,,1.18,,0,,400862814,A_main_trade,USD,2026-03-05T07:46:12+02:00,2026-03-05T07:46:12+02:00,2026-03-05T12:46:12+07:00,2026-03-05T12:46:12+07:00,2026-03-05,2026-03-05,,,,,,,MT5,1d4561b7-ba1f-49b7-a8f4-3d4bb5009e42,2026-03-06T02:00:02Z,f8d39ce1b2434faac4f5c63afe8cd8b8877873a67ea90c7ab840e92b1a3af63b,False
400862814:126938680,119063971,119063971,trade,Buy,GOLD,0.01,,5188.09,,,0.0,0.0,,0.0,,0,,400862814,A_main_trade,USD,2026-03-05T07:43:16+02:00,2026-03-05T07:43:16+02:00,2026-03-05T12:43:16+07:00,2026-03-05T12:43:16+07:00,2026-03-05,2026-03-05,,,,,,,MT5,1d4561b7-ba1f-49b7-a8f4-3d4bb5009e42,2026-03-06T02:00:02Z,a798dc2198ffa75a982ed7dfe2e0853bfbb2115d11668bcc069cbcab3f7b055c,False
400862814:126938595,119063887,119063887,trade,Buy,GOLD,0.01,,5189.1,,,0.0,0.0,,0.0,,0,,400862814,A_main_trade,USD,2026-03-05T07:42:35+02:00,2026-03-05T07:42:35+02:00,2026-03-05T12:42:35+07:00,2026-03-05T12:42:35+07:00,2026-03-05,2026-03-05,,,,,,,MT5,1d4561b7-ba1f-49b7-a8f4-3d4bb5009e42,2026-03-06T02:00:02Z,e926ff72468d2688bb11e76fcab279bfebba080f6bd712474c312b17f403a575,False
400862814:126938491,119063792,119063792,trade,Buy,GOLD,0.01,,5188.71,,,0.0,0.0,,0.0,,0,,400862814,A_main_trade,USD,2026-03-05T07:42:05+02:00,2026-03-05T07:42:05+02:00,2026-03-05T12:42:05+07:00,2026-03-05T12:42:05+07:00,2026-03-05,2026-03-05,,,,,,,MT5,1d4561b7-ba1f-49b7-a8f4-3d4bb5009e42,2026-03-06T02:00:02Z,7a6374721038a5c56d9ff5b7eec49be45143238248dfd32fc66a2c9344e99845,False
400862814:126938478,119063775,119063775,trade,Buy,GOLD,0.01,,5189.2,,,0.0,0.0,,0.0,,0,,400862814,A_main_trade,USD,2026-03-05T07:41:58+02:00,2026-03-05T07:41:58+02:00,2026-03-05T12:41:58+07:00,2026-03-05T12:41:58+07:00,2026-03-05,2026-03-05,,,,,,,MT5,1d4561b7-ba1f-49b7-a8f4-3d4bb5009e42,2026-03-06T02:00:02Z,058550a86ec2e5b2265ea7ddb2efa17c20265d1d9bf88d36f99c65e2bab770f2,False
400862814:126938454,119063751,119063751,trade,Buy,GOLD,0.01,,5188.73,,,0.0,0.0,,0.0,,0,,400862814,A_main_trade,USD,2026-03-05T07:41:46+02:00,2026-03-05T07:41:46+02:00,2026-03-05T12:41:46+07:00,2026-03-05T12:41:46+07:00,2026-03-05,2026-03-05,,,,,,,MT5,1d4561b7-ba1f-49b7-a8f4-3d4bb5009e42,2026-03-06T02:00:02Z,5b4e8f3a5175495aa27545b831599828836307019c456e93ac4ad6e6f9642529,False
400862814:126938189,119063478,119063366,trade,Sell,GOLD,0.01,,5188.82,,,0.0,0.0,,-0.24,,0,,400862814,A_main_trade,USD,2026-03-05T07:40:23+02:00,2026-03-05T07:40:23+02:00,2026-03-05T12:40:23+07:00,2026-03-05T12:40:23+07:00,2026-03-05,2026-03-05,,,,,,,MT5,1d4561b7-ba1f-49b7-a8f4-3d4bb5009e42,2026-03-06T02:00:02Z,42729eba915a8097b4f6cc3bafedbb720a9ace94867b934a66556a222ea005bd,False
400862814:126938073,119063366,119063366,trade,Buy,GOLD,0.01,,5189.06,,,0.0,0.0,,0.0,,0,,400862814,A_main_trade,USD,2026-03-05T07:40:09+02:00,2026-03-05T07:40:09+02:00,2026-03-05T12:40:09+07:00,2026-03-05T12:40:09+07:00,2026-03-05,2026-03-05,,,,,,,MT5,1d4561b7-ba1f-49b7-a8f4-3d4bb5009e42,2026-03-06T02:00:02Z,a863c5e315cd414de38b94e327b2fc37ceaa08b1a8325f7d81da266654879728,False
400862814:126936593,119061921,119061579,trade,Sell,GOLD,0.01,,5190.43,,,0.0,0.0,,3.17,,0,,400862814,A_main_trade,USD,2026-03-05T07:36:31+02:00,2026-03-05T07:36:31+02:00,2026-03-05T12:36:31+07:00,2026-03-05T12:36:31+07:00,2026-03-05,2026-03-05,,,,,,,MT5,1d4561b7-ba1f-49b7-a8f4-3d4bb5009e42,2026-03-06T02:00:02Z,d89771124bf10691f4c2a401dc9db229b9a0dfcd6d2096cbd8799361ad7653ff,False
400862814:126936594,119061919,119061564,trade,Sell,GOLD,0.01,,5190.43,,,0.0,0.0,,3.13,,0,,400862814,A_main_trade,USD,2026-03-05T07:36:31+02:00,2026-03-05T07:36:31+02:00,2026-03-05T12:36:31+07:00,2026-03-05T12:36:31+07:00,2026-03-05,2026-03-05,,,,,,,MT5,1d4561b7-ba1f-49b7-a8f4-3d4bb5009e42,2026-03-06T02:00:02Z,8f32267f49aae33b25dfc9778112ad078b8fea9f9685b6e455b63650c411e2b3,False
400862814:126936595,119061920,119061394,trade,Sell,GOLD,0.01,,5190.43,,,0.0,0.0,,2.14,,0,,400862814,A_main_trade,USD,2026-03-05T07:36:31+02:00,2026-03-05T07:36:31+02:00,2026-03-05T12:36:31+07:00,2026-03-05T12:36:31+07:00,2026-03-05,2026-03-05,,,,,,,MT5,1d4561b7-ba1f-49b7-a8f4-3d4bb5009e42,2026-03-06T02:00:02Z,1d873afe44b52046db2bad2ae33ca0e18dd91f0dce7f8ede6db0cb2b45324b92,False
400862814:126936596,119061914,119061129,trade,Sell,GOLD,0.01,,5190.43,,,0.0,0.0,,4.36,,0,,400862814,A_main_trade,USD,2026-03-05T07:36:31+02:00,2026-03-05T07:36:31+02:00,2026-03-05T12:36:31+07:00,2026-03-05T12:36:31+07:00,2026-03-05,2026-03-05,,,,,,,MT5,1d4561b7-ba1f-49b7-a8f4-3d4bb5009e42,2026-03-06T02:00:02Z,515f340396ac10dc87286c6fe7dd263907e6920368564f2be7ae802f707db4f6,False
400862814:126936597,119061916,119061154,trade,Sell,GOLD,0.01,,5190.43,,,0.0,0.0,,2.67,,0,,400862814,A_main_trade,USD,2026-03-05T07:36:31+02:00,2026-03-05T07:36:31+02:00,2026-03-05T12:36:31+07:00,2026-03-05T12:36:31+07:00,2026-03-05,2026-03-05,,,,,,,MT5,1d4561b7-ba1f-49b7-a8f4-3d4bb5009e42,2026-03-06T02:00:02Z,ff80be4810ede8bdf1782414aa24a6505b4f39757703769d6bbaeba1261fa404,False
400862814:126936598,119061915,119061132,trade,Sell,GOLD,0.01,,5190.43,,,0.0,0.0,,4.36,,0,,400862814,A_main_trade,USD,2026-03-05T07:36:31+02:00,2026-03-05T07:36:31+02:00,2026-03-05T12:36:31+07:00,2026-03-05T12:36:31+07:00,2026-03-05,2026-03-05,,,,,,,MT5,1d4561b7-ba1f-49b7-a8f4-3d4bb5009e42,2026-03-06T02:00:02Z,ac447b7398a676e97cdeeb7ad6a73ac9950148d7bbc3a781c72909a51a9ab040,False
400862814:126936599,119061918,119061377,trade,Sell,GOLD,0.01,,5190.43,,,0.0,0.0,,2.15,,0,,400862814,A_main_trade,USD,2026-03-05T07:36:31+02:00,2026-03-05T07:36:31+02:00,2026-03-05T12:36:31+07:00,2026-03-05T12:36:31+07:00,2026-03-05,2026-03-05,,,,,,,MT5,1d4561b7-ba1f-49b7-a8f4-3d4bb5009e42,2026-03-06T02:00:02Z,5f0cacb91ebb1b2987f26b6e3df9ea1dea38d1c5cd7ae7d1f415a964332d94c5,False
400862814:126936600,119061917,119061169,trade,Sell,GOLD,0.01,,5190.43,,,0.0,0.0,,1.28,,0,,400862814,A_main_trade,USD,2026-03-05T07:36:31+02:00,2026-03-05T07:36:31+02:00,2026-03-05T12:36:31+07:00,2026-03-05T12:36:31+07:00,2026-03-05,2026-03-05,,,,,,,MT5,1d4561b7-ba1f-49b7-a8f4-3d4bb5009e42,2026-03-06T02:00:02Z,c7a5b8039d9c5efac0f11edb83f6359f00f98c294ec955505ee80a12f7002c28,False
400862814:126936249,119061579,119061579,trade,Buy,GOLD,0.01,,5187.26,,,0.0,0.0,,0.0,,0,,400862814,A_main_trade,USD,2026-03-05T07:35:57+02:00,2026-03-05T07:35:57+02:00,2026-03-05T12:35:57+07:00,2026-03-05T12:35:57+07:00,2026-03-05,2026-03-05,,,,,,,MT5,1d4561b7-ba1f-49b7-a8f4-3d4bb5009e42,2026-03-06T02:00:02Z,f4f0e70bc13f6305659d28f9aa535c87a0ee09a849a99b0e951023cc19a39044,False
400862814:126936232,119061564,119061564,trade,Buy,GOLD,0.01,,5187.3,,,0.0,0.0,,0.0,,0,,400862814,A_main_trade,USD,2026-03-05T07:35:54+02:00,2026-03-05T07:35:54+02:00,2026-03-05T12:35:54+07:00,2026-03-05T12:35:54+07:00,2026-03-05,2026-03-05,,,,,,,MT5,1d4561b7-ba1f-49b7-a8f4-3d4bb5009e42,2026-03-06T02:00:02Z,bfe93aff3b8ccedaef8b7b649bce3a98600bd0be62ad5ecb37d9040d5c083f91,False
400862814:126936179,119061516,119061260,trade,Sell,GOLD,0.01,,5186.79,,,0.0,0.0,,-3.33,,0,,400862814,A_main_trade,USD,2026-03-05T07:35:48+02:00,2026-03-05T07:35:48+02:00,2026-03-05T12:35:48+07:00,2026-03-05T12:35:48+07:00,2026-03-05,2026-03-05,,,,,,,MT5,1d4561b7-ba1f-49b7-a8f4-3d4bb5009e42,2026-03-06T02:00:02Z,b760984523c5d1276e71d3a6fe4b40e57984eec8cb794616669e174ae94ba34e,False
400862814:126936058,119061394,119061394,trade,Buy,GOLD,0.01,,5188.29,,,0.0,0.0,,0.0,,0,,400862814,A_main_trade,USD,2026-03-05T07:35:29+02:00,2026-03-05T07:35:29+02:00,2026-03-05T12:35:29+07:00,2026-03-05T12:35:29+07:00,2026-03-05,2026-03-05,,,,,,,MT5,1d4561b7-ba1f-49b7-a8f4-3d4bb5009e42,2026-03-06T02:00:02Z,3bce9f9b57f6d8d1c74344bae1ce145d4981b92592ff7e612f9b9a9d45e8c911,False
400862814:126936042,119061377,119061377,trade,Buy,GOLD,0.01,,5188.28,,,0.0,0.0,,0.0,,0,,400862814,A_main_trade,USD,2026-03-05T07:35:28+02:00,2026-03-05T07:35:28+02:00,2026-03-05T12:35:28+07:00,2026-03-05T12:35:28+07:00,2026-03-05,2026-03-05,,,,,,,MT5,1d4561b7-ba1f-49b7-a8f4-3d4bb5009e42,2026-03-06T02:00:02Z,cf2dd363f62d4aa9f0e4573e5dd37c3d87c172f503bb5782651f658b83edb206,False
400862814:126935921,119061260,119061260,trade,Buy,GOLD,0.01,,5190.12,,,0.0,0.0,,0.0,,0,,400862814,A_main_trade,USD,2026-03-05T07:35:25+02:00,2026-03-05T07:35:25+02:00,2026-03-05T12:35:25+07:00,2026-03-05T12:35:25+07:00,2026-03-05,2026-03-05,,,,,,,MT5,1d4561b7-ba1f-49b7-a8f4-3d4bb5009e42,2026-03-06T02:00:02Z,5e5fb41321b29dd0dee61363d0506321dc7335c02b0cca68c04529c8ea4f5c9d,False
400862814:126935828,119061169,119061169,trade,Buy,GOLD,0.01,,5189.15,,,0.0,0.0,,0.0,,0,,400862814,A_main_trade,USD,2026-03-05T07:35:23+02:00,2026-03-05T07:35:23+02:00,2026-03-05T12:35:23+07:00,2026-03-05T12:35:23+07:00,2026-03-05,2026-03-05,,,,,,,MT5,1d4561b7-ba1f-49b7-a8f4-3d4bb5009e42,2026-03-06T02:00:02Z,1b3c7f31af5497bacc099f465d8cb0083ea748ec945ae3b674ac57a47beb348a,False
400862814:126935809,119061154,119061154,trade,Buy,GOLD,0.01,,5187.76,,,0.0,0.0,,0.0,,0,,400862814,A_main_trade,USD,2026-03-05T07:35:21+02:00,2026-03-05T07:35:21+02:00,2026-03-05T12:35:21+07:00,2026-03-05T12:35:21+07:00,2026-03-05,2026-03-05,,,,,,,MT5,1d4561b7-ba1f-49b7-a8f4-3d4bb5009e42,2026-03-06T02:00:02Z,2682eef940d7780f81762d2517c0b3de96a7677a36d8e5ff308872da11fd14ed,False
400862814:126935788,119061132,119061132,trade,Buy,GOLD,0.01,,5186.07,,,0.0,0.0,,0.0,,0,,400862814,A_main_trade,USD,2026-03-05T07:35:19+02:00,2026-03-05T07:35:19+02:00,2026-03-05T12:35:19+07:00,2026-03-05T12:35:19+07:00,2026-03-05,2026-03-05,,,,,,,MT5,1d4561b7-ba1f-49b7-a8f4-3d4bb5009e42,2026-03-06T02:00:02Z,5d3c22844292c7551826d1b3400784e7dd93e5c93f40701fc8221663dd41eb8f,False
400862814:126935785,119061129,119061129,trade,Buy,GOLD,0.01,,5186.07,,,0.0,0.0,,0.0,,0,,400862814,A_main_trade,USD,2026-03-05T07:35:18+02:00,2026-03-05T07:35:18+02:00,2026-03-05T12:35:18+07:00,2026-03-05T12:35:18+07:00,2026-03-05,2026-03-05,,,,,,,MT5,1d4561b7-ba1f-49b7-a8f4-3d4bb5009e42,2026-03-06T02:00:02Z,42903b9097d6da2c810b800310c9671220bd351a62a9ac82935576c3e568ac7d,False
400862814:126935762,119061106,119060291,trade,Sell,GOLD,0.01,,5185.82,,,0.0,0.0,,-1.52,,0,,400862814,A_main_trade,USD,2026-03-05T07:35:16+02:00,2026-03-05T07:35:16+02:00,2026-03-05T12:35:16+07:00,2026-03-05T12:35:16+07:00,2026-03-05,2026-03-05,,,,,,,MT5,1d4561b7-ba1f-49b7-a8f4-3d4bb5009e42,2026-03-06T02:00:02Z,a359b2a0cef43f74bfaf8d3ecea2b747ba5115b4159b817739a9f5e2cd1ec8ad,False
400862814:126935763,119061110,119060801,trade,Sell,GOLD,0.01,,5185.82,,,0.0,0.0,,-1.75,,0,,400862814,A_main_trade,USD,2026-03-05T07:35:16+02:00,2026-03-05T07:35:16+02:00,2026-03-05T12:35:16+07:00,2026-03-05T12:35:16+07:00,2026-03-05,2026-03-05,,,,,,,MT5,1d4561b7-ba1f-49b7-a8f4-3d4bb5009e42,2026-03-06T02:00:02Z,0e4d27d075f051e8f234e1a1ac55cb8869c7ebb856585e960e98f169518e086f,False
400862814:126935764,119061111,119060786,trade,Sell,GOLD,0.01,,5185.82,,,0.0,0.0,,-2.23,,0,,400862814,A_main_trade,USD,2026-03-05T07:35:16+02:00,2026-03-05T07:35:16+02:00,2026-03-05T12:35:16+07:00,2026-03-05T12:35:16+07:00,2026-03-05,2026-03-05,,,,,,,MT5,1d4561b7-ba1f-49b7-a8f4-3d4bb5009e42,2026-03-06T02:00:02Z,4923405203ac84dea0dfc55829884c2bd8c88555a492f11d0a94c8f6bbc494c3,False
400862814:126935765,119061108,119060403,trade,Sell,GOLD,0.01,,5185.88,,,0.0,0.0,,-2.0,,0,,400862814,A_main_trade,USD,2026-03-05T07:35:16+02:00,2026-03-05T07:35:16+02:00,2026-03-05T12:35:16+07:00,2026-03-05T12:35:16+07:00,2026-03-05,2026-03-05,,,,,,,MT5,1d4561b7-ba1f-49b7-a8f4-3d4bb5009e42,2026-03-06T02:00:02Z,99f461ae9e7a108ca89838c581d9a9eefc440718dc013cba1ca12f761d640ac9,False
400862814:126935766,119061109,119060751,trade,Sell,GOLD,0.01,,5185.88,,,0.0,0.0,,-2.9,,0,,400862814,A_main_trade,USD,2026-03-05T07:35:16+02:00,2026-03-05T07:35:16+02:00,2026-03-05T12:35:16+07:00,2026-03-05T12:35:16+07:00,2026-03-05,2026-03-05,,,,,,,MT5,1d4561b7-ba1f-49b7-a8f4-3d4bb5009e42,2026-03-06T02:00:02Z,4a21671f55c4f3b2797cccf50c877f0a9eb5c9acb611194ea12a85900cc4b7f9,False
400862814:126935767,119061107,119060348,trade,Sell,GOLD,0.01,,5185.88,,,0.0,0.0,,-1.45,,0,,400862814,A_main_trade,USD,2026-03-05T07:35:16+02:00,2026-03-05T07:35:16+02:00,2026-03-05T12:35:16+07:00,2026-03-05T12:35:16+07:00,2026-03-05,2026-03-05,,,,,,,MT5,1d4561b7-ba1f-49b7-a8f4-3d4bb5009e42,2026-03-06T02:00:02Z,1ffd1c8847f337577d33d32c3ab68c5cfc2b660bc3e9cfd6de1f372c5da3ecea,False
400862814:126935456,119060801,119060801,trade,Buy,GOLD,0.01,,5187.57,,,0.0,0.0,,0.0,,0,,400862814,A_main_trade,USD,2026-03-05T07:34:41+02:00,2026-03-05T07:34:41+02:00,2026-03-05T12:34:41+07:00,2026-03-05T12:34:41+07:00,2026-03-05,2026-03-05,,,,,,,MT5,1d4561b7-ba1f-49b7-a8f4-3d4bb5009e42,2026-03-06T02:00:02Z,4f34fcda4bdd7327b77b18b023fd12996261aa900eb937a5dbeb8988b1564cd9,False
400862814:126935436,119060786,119060786,trade,Buy,GOLD,0.01,,5188.05,,,0.0,0.0,,0.0,,0,,400862814,A_main_trade,USD,2026-03-05T07:34:39+02:00,2026-03-05T07:34:39+02:00,2026-03-05T12:34:39+07:00,2026-03-05T12:34:39+07:00,2026-03-05,2026-03-05,,,,,,,MT5,1d4561b7-ba1f-49b7-a8f4-3d4bb5009e42,2026-03-06T02:00:02Z,62abb913420db23f5d7047d9099d89ab5527b37101e53bf483cd167a6e54fcfb,False
400862814:126935397,119060751,119060751,trade,Buy,GOLD,0.01,,5188.78,,,0.0,0.0,,0.0,,0,,400862814,A_main_trade,USD,2026-03-05T07:34:29+02:00,2026-03-05T07:34:29+02:00,2026-03-05T12:34:29+07:00,2026-03-05T12:34:29+07:00,2026-03-05,2026-03-05,,,,,,,MT5,1d4561b7-ba1f-49b7-a8f4-3d4bb5009e42,2026-03-06T02:00:02Z,3ba62f562ff661f715509bc76a172c730fa6d4c826cd1ba279014fcf12aa589a,False
400862814:126935040,119060403,119060403,trade,Buy,GOLD,0.01,,5187.88,,,0.0,0.0,,0.0,,0,,400862814,A_main_trade,USD,2026-03-05T07:33:48+02:00,2026-03-05T07:33:48+02:00,2026-03-05T12:33:48+07:00,2026-03-05T12:33:48+07:00,2026-03-05,2026-03-05,,,,,,,MT5,1d4561b7-ba1f-49b7-a8f4-3d4bb5009e42,2026-03-06T02:00:02Z,99ea39e1ac4587a3199d8cb3563676a86ae0a94e08d29c5d8daeb5e3c2e56442,False
400862814:126934982,119060348,119060348,trade,Buy,GOLD,0.01,,5187.33,,,0.0,0.0,,0.0,,0,,400862814,A_main_trade,USD,2026-03-05T07:33:41+02:00,2026-03-05T07:33:41+02:00,2026-03-05T12:33:41+07:00,2026-03-05T12:33:41+07:00,2026-03-05,2026-03-05,,,,,,,MT5,1d4561b7-ba1f-49b7-a8f4-3d4bb5009e42,2026-03-06T02:00:02Z,816f9e2a6b367b90a46a882f5c950ad846e0c3881b33f44d5f194de37b87b344,False
400862814:126934913,119060291,119060291,trade,Buy,GOLD,0.01,,5187.34,,,0.0,0.0,,0.0,,0,,400862814,A_main_trade,USD,2026-03-05T07:33:25+02:00,2026-03-05T07:33:25+02:00,2026-03-05T12:33:25+07:00,2026-03-05T12:33:25+07:00,2026-03-05,2026-03-05,,,,,,,MT5,1d4561b7-ba1f-49b7-a8f4-3d4bb5009e42,2026-03-06T02:00:02Z,02108ef1f6adc2fb37033b3cced9a0cc0ebc831b9fc9cbead12d8593ff4bc10a,False
400862814:126699772,118839483,118836535,trade,Sell,GOLD,0.01,,5138.6,,,0.0,0.0,,-9.35,,0,,400862814,A_main_trade,USD,2026-03-04T21:22:27+02:00,2026-03-04T21:22:27+02:00,2026-03-05T02:22:27+07:00,2026-03-05T02:22:27+07:00,2026-03-04,2026-03-05,,,,,,,MT5,9d864068-d1b1-4015-9897-cdce8cb7ce7b,2026-03-05T06:20:19Z,2cf6d9a5d7556a8708c95aa6d5b4ec9578d416e4238f41260a4d7f38492a8df0,False
400862814:126699773,118839484,118836550,trade,Sell,GOLD,0.01,,5138.6,,,0.0,0.0,,-9.69,,0,,400862814,A_main_trade,USD,2026-03-04T21:22:27+02:00,2026-03-04T21:22:27+02:00,2026-03-05T02:22:27+07:00,2026-03-05T02:22:27+07:00,2026-03-04,2026-03-05,,,,,,,MT5,9d864068-d1b1-4015-9897-cdce8cb7ce7b,2026-03-05T06:20:19Z,dc5262895123652266fdc8547fc3265f8de4151e796b4af33101d5d2d0e86eae,False
400862814:126699774,118839482,118836586,trade,Sell,GOLD,0.01,,5138.6,,,0.0,0.0,,-9.73,,0,,400862814,A_main_trade,USD,2026-03-04T21:22:27+02:00,2026-03-04T21:22:27+02:00,2026-03-05T02:22:27+07:00,2026-03-05T02:22:27+07:00,2026-03-04,2026-03-05,,,,,,,MT5,9d864068-d1b1-4015-9897-cdce8cb7ce7b,2026-03-05T06:20:19Z,76c7b66b321f9ac1ac3370e5c6f2acfbe96d93a17d8880e17babb6d868ea58e6,False
400862814:126699775,118839480,118836658,trade,Sell,GOLD,0.01,,5138.6,,,0.0,0.0,,-8.9,,0,,400862814,A_main_trade,USD,2026-03-04T21:22:27+02:00,2026-03-04T21:22:27+02:00,2026-03-05T02:22:27+07:00,2026-03-05T02:22:27+07:00,2026-03-04,2026-03-05,,,,,,,MT5,9d864068-d1b1-4015-9897-cdce8cb7ce7b,2026-03-05T06:20:19Z,ce477247e3025dd138b2201b18caf9a4ee07acf4b7d81f4a7ffdbe0c26567a4e,False
400862814:126699776,118839478,118837693,trade,Sell,GOLD,0.01,,5138.6,,,0.0,0.0,,-5.54,,0,,400862814,A_main_trade,USD,2026-03-04T21:22:27+02:00,2026-03-04T21:22:27+02:00,2026-03-05T02:22:27+07:00,2026-03-05T02:22:27+07:00,2026-03-04,2026-03-05,,,,,,,MT5,9d864068-d1b1-4015-9897-cdce8cb7ce7b,2026-03-05T06:20:19Z,69ef72b0188e62567fc5553040d3ba217863ea94ed5322520dae115c87977960,False
400862814:126699777,118839481,118836609,trade,Sell,GOLD,0.01,,5138.6,,,0.0,0.0,,-9.21,,0,,400862814,A_main_trade,USD,2026-03-04T21:22:27+02:00,2026-03-04T21:22:27+02:00,2026-03-05T02:22:27+07:00,2026-03-05T02:22:27+07:00,2026-03-04,2026-03-05,,,,,,,MT5,9d864068-d1b1-4015-9897-cdce8cb7ce7b,2026-03-05T06:20:19Z,78ec38d3595a5df6c2753bf1f6ab63681e63ea988ab38d0f336e978f1717c6e6,False
400862814:126699778,118839479,118836774,trade,Sell,GOLD,0.01,,5138.6,,,0.0,0.0,,-7.82,,0,,400862814,A_main_trade,USD,2026-03-04T21:22:27+02:00,2026-03-04T21:22:27+02:00,2026-03-05T02:22:27+07:00,2026-03-05T02:22:27+07:00,2026-03-04,2026-03-05,,,,,,,MT5,9d864068-d1b1-4015-9897-cdce8cb7ce7b,2026-03-05T06:20:19Z,b4a1517dac846b8f9f4d59ddc81a82967dc38990ae210e29f02e765af9a81694,False
400862814:126697834,118837693,118837693,trade,Buy,GOLD,0.01,,5144.14,,,0.0,0.0,,0.0,,0,,400862814,A_main_trade,USD,2026-03-04T21:20:37+02:00,2026-03-04T21:20:37+02:00,2026-03-05T02:20:37+07:00,2026-03-05T02:20:37+07:00,2026-03-04,2026-03-05,,,,,,,MT5,9d864068-d1b1-4015-9897-cdce8cb7ce7b,2026-03-05T06:20:19Z,0a0a90804e3e3d763e479d4ea91311e83944029a4216a4b7844467f86b86304b,False
400862814:126696860,118836774,118836774,trade,Buy,GOLD,0.01,,5146.42,,,0.0,0.0,,0.0,,0,,400862814,A_main_trade,USD,2026-03-04T21:18:25+02:00,2026-03-04T21:18:25+02:00,2026-03-05T02:18:25+07:00,2026-03-05T02:18:25+07:00,2026-03-04,2026-03-05,,,,,,,MT5,9d864068-d1b1-4015-9897-cdce8cb7ce7b,2026-03-05T06:20:19Z,50e2debef7ee16879c1c28facf1dbfd17cf9c70a744220bc04117fd72f470880,False
400862814:126696740,118836658,118836658,trade,Buy,GOLD,0.01,,5147.5,,,0.0,0.0,,0.0,,0,,400862814,A_main_trade,USD,2026-03-04T21:18:09+02:00,2026-03-04T21:18:09+02:00,2026-03-05T02:18:09+07:00,2026-03-05T02:18:09+07:00,2026-03-04,2026-03-05,,,,,,,MT5,9d864068-d1b1-4015-9897-cdce8cb7ce7b,2026-03-05T06:20:19Z,a4fcac162e78b692785809737a651edb2646f1daabd8b89bde80fea9c50f8dd5,False
400862814:126696692,118836609,118836609,trade,Buy,GOLD,0.01,,5147.81,,,0.0,0.0,,0.0,,0,,400862814,A_main_trade,USD,2026-03-04T21:18:00+02:00,2026-03-04T21:18:00+02:00,2026-03-05T02:18:00+07:00,2026-03-05T02:18:00+07:00,2026-03-04,2026-03-05,,,,,,,MT5,9d864068-d1b1-4015-9897-cdce8cb7ce7b,2026-03-05T06:20:19Z,3e6ba3bfac914a9ccbd8d1100a23d4960ac81dfc6212097c02c877ab65efaf50,False
400862814:126696665,118836586,118836586,trade,Buy,GOLD,0.01,,5148.33,,,0.0,0.0,,0.0,,0,,400862814,A_main_trade,USD,2026-03-04T21:17:50+02:00,2026-03-04T21:17:50+02:00,2026-03-05T02:17:50+07:00,2026-03-05T02:17:50+07:00,2026-03-04,2026-03-05,,,,,,,MT5,9d864068-d1b1-4015-9897-cdce8cb7ce7b,2026-03-05T06:20:19Z,34952595ba82b71f091291f20ced11ab7ab1c348e2615b6e5c537426d9fd3987,False
400862814:126696624,118836550,118836550,trade,Buy,GOLD,0.01,,5148.29,,,0.0,0.0,,0.0,,0,,400862814,A_main_trade,USD,2026-03-04T21:17:43+02:00,2026-03-04T21:17:43+02:00,2026-03-05T02:17:43+07:00,2026-03-05T02:17:43+07:00,2026-03-04,2026-03-05,,,,,,,MT5,9d864068-d1b1-4015-9897-cdce8cb7ce7b,2026-03-05T06:20:19Z,e669e92afe3b11e44a31d6cd93f5a01eeb6cfab973ceaf659312f4a6ae6651ef,False
400862814:126696604,118836535,118836535,trade,Buy,GOLD,0.01,,5147.95,,,0.0,0.0,,0.0,,0,,400862814,A_main_trade,USD,2026-03-04T21:17:40+02:00,2026-03-04T21:17:40+02:00,2026-03-05T02:17:40+07:00,2026-03-05T02:17:40+07:00,2026-03-04,2026-03-05,,,,,,,MT5,9d864068-d1b1-4015-9897-cdce8cb7ce7b,2026-03-05T06:20:19Z,2f38fb0b585e449576236d4d393e170f277a7722f0929aa9a7dfd81ca46e723d,False
400862814:126676381,118817307,118817216,trade,Sell,GOLD,0.01,,5155.41,,,0.0,0.0,,0.94,,0,,400862814,A_main_trade,USD,2026-03-04T20:41:38+02:00,2026-03-04T20:41:38+02:00,2026-03-05T01:41:38+07:00,2026-03-05T01:41:38+07:00,2026-03-04,2026-03-05,,,,,,,MT5,9d864068-d1b1-4015-9897-cdce8cb7ce7b,2026-03-05T06:20:19Z,dd386ed32a263875fab32a6b9b49bd180c46c161d09b769bfd912c1a7b0ca246,False
400862814:126676382,118817304,118817184,trade,Sell,GOLD,0.01,,5155.41,,,0.0,0.0,,1.16,,0,,400862814,A_main_trade,USD,2026-03-04T20:41:38+02:00,2026-03-04T20:41:38+02:00,2026-03-05T01:41:38+07:00,2026-03-05T01:41:38+07:00,2026-03-04,2026-03-05,,,,,,,MT5,9d864068-d1b1-4015-9897-cdce8cb7ce7b,2026-03-05T06:20:19Z,8e829d734dd6fe928974fdcbc406480e260b5a32c446fb9133a9f7fe5978cc86,False
400862814:126676383,118817303,118817157,trade,Sell,GOLD,0.01,,5155.41,,,0.0,0.0,,0.58,,0,,400862814,A_main_trade,USD,2026-03-04T20:41:38+02:00,2026-03-04T20:41:38+02:00,2026-03-05T01:41:38+07:00,2026-03-05T01:41:38+07:00,2026-03-04,2026-03-05,,,,,,,MT5,9d864068-d1b1-4015-9897-cdce8cb7ce7b,2026-03-05T06:20:19Z,99acfe8c82596a9ae6f79b14678e4f6c98651e6c95fb71cca6ad517dd0b4f86c,False
400862814:126676384,118817308,118817229,trade,Sell,GOLD,0.01,,5155.41,,,0.0,0.0,,0.73,,0,,400862814,A_main_trade,USD,2026-03-04T20:41:38+02:00,2026-03-04T20:41:38+02:00,2026-03-05T01:41:38+07:00,2026-03-05T01:41:38+07:00,2026-03-04,2026-03-05,,,,,,,MT5,9d864068-d1b1-4015-9897-cdce8cb7ce7b,2026-03-05T06:20:19Z,5ebdcdf98fc1b31de763a5fb0d0707592767e2fee7ff1aa6c1dca34fe936de73,False
400862814:126676385,118817306,118817220,trade,Sell,GOLD,0.01,,5155.41,,,0.0,0.0,,0.7,,0,,400862814,A_main_trade,USD,2026-03-04T20:41:38+02:00,2026-03-04T20:41:38+02:00,2026-03-05T01:41:38+07:00,2026-03-05T01:41:38+07:00,2026-03-04,2026-03-05,,,,,,,MT5,9d864068-d1b1-4015-9897-cdce8cb7ce7b,2026-03-05T06:20:19Z,135d354ce8387788f7c2a00bcfbda6516552653318208cec981a744726b22344,False
400862814:126676386,118817305,118817200,trade,Sell,GOLD,0.01,,5155.41,,,0.0,0.0,,0.64,,0,,400862814,A_main_trade,USD,2026-03-04T20:41:38+02:00,2026-03-04T20:41:38+02:00,2026-03-05T01:41:38+07:00,2026-03-05T01:41:38+07:00,2026-03-04,2026-03-05,,,,,,,MT5,9d864068-d1b1-4015-9897-cdce8cb7ce7b,2026-03-05T06:20:19Z,cbcd6cad3522adf3857074d3300f9068bfb4f50d6ea8735c1d2a29e886df1989,False
400862814:126676296,118817229,118817229,trade,Buy,GOLD,0.01,,5154.68,,,0.0,0.0,,0.0,,0,,400862814,A_main_trade,USD,2026-03-04T20:41:33+02:00,2026-03-04T20:41:33+02:00,2026-03-05T01:41:33+07:00,2026-03-05T01:41:33+07:00,2026-03-04,2026-03-05,,,,,,,MT5,9d864068-d1b1-4015-9897-cdce8cb7ce7b,2026-03-05T06:20:19Z,5be638ac33b3b2908cfedbdf5d797f1d2d49af4bf6c2bca07e8f2b2f16435a68,False
400862814:126676286,118817220,118817220,trade,Buy,GOLD,0.01,,5154.71,,,0.0,0.0,,0.0,,0,,400862814,A_main_trade,USD,2026-03-04T20:41:28+02:00,2026-03-04T20:41:28+02:00,2026-03-05T01:41:28+07:00,2026-03-05T01:41:28+07:00,2026-03-04,2026-03-05,,,,,,,MT5,9d864068-d1b1-4015-9897-cdce8cb7ce7b,2026-03-05T06:20:19Z,09fc0ca1e4575a55f192a6a568767054885be5e6930fddd353d9d54463bb89fa,False
400862814:126676282,118817216,118817216,trade,Buy,GOLD,0.01,,5154.47,,,0.0,0.0,,0.0,,0,,400862814,A_main_trade,USD,2026-03-04T20:41:26+02:00,2026-03-04T20:41:26+02:00,2026-03-05T01:41:26+07:00,2026-03-05T01:41:26+07:00,2026-03-04,2026-03-05,,,,,,,MT5,9d864068-d1b1-4015-9897-cdce8cb7ce7b,2026-03-05T06:20:19Z,fb2c1ecc7560f26557d294f6e4bfe61fbbca4f932bde40c6f8623792e6b3e450,False
400862814:126676267,118817200,118817200,trade,Buy,GOLD,0.01,,5154.77,,,0.0,0.0,,0.0,,0,,400862814,A_main_trade,USD,2026-03-04T20:41:24+02:00,2026-03-04T20:41:24+02:00,2026-03-05T01:41:24+07:00,2026-03-05T01:41:24+07:00,2026-03-04,2026-03-05,,,,,,,MT5,9d864068-d1b1-4015-9897-cdce8cb7ce7b,2026-03-05T06:20:19Z,8c102e02956ca70f1bc13355025303f93b3208b4e47be97259b95d6688d3971c,False
400862814:126676248,118817184,118817184,trade,Buy,GOLD,0.01,,5154.25,,,0.0,0.0,,0.0,,0,,400862814,A_main_trade,USD,2026-03-04T20:41:22+02:00,2026-03-04T20:41:22+02:00,2026-03-05T01:41:22+07:00,2026-03-05T01:41:22+07:00,2026-03-04,2026-03-05,,,,,,,MT5,9d864068-d1b1-4015-9897-cdce8cb7ce7b,2026-03-05T06:20:19Z,c0012b6afc49f22d5d535a44095f8bf825d3038622bf6458ee559658aa59bd88,False
400862814:126676222,118817157,118817157,trade,Buy,GOLD,0.01,,5154.83,,,0.0,0.0,,0.0,,0,,400862814,A_main_trade,USD,2026-03-04T20:41:18+02:00,2026-03-04T20:41:18+02:00,2026-03-05T01:41:18+07:00,2026-03-05T01:41:18+07:00,2026-03-04,2026-03-05,,,,,,,MT5,9d864068-d1b1-4015-9897-cdce8cb7ce7b,2026-03-05T06:20:19Z,9d3c63ebd39f102a32e0d549fcf24aa03ae8be22570995645c0e7312d27c4f79,False
400862814:126670691,118811864,118811561,trade,Sell,GOLD,0.01,,5148.93,,,0.0,0.0,,1.96,,0,,400862814,A_main_trade,USD,2026-03-04T20:33:17+02:00,2026-03-04T20:33:17+02:00,2026-03-05T01:33:17+07:00,2026-03-05T01:33:17+07:00,2026-03-04,2026-03-05,,,,,,,MT5,9d864068-d1b1-4015-9897-cdce8cb7ce7b,2026-03-05T06:20:19Z,0902c0169564a0bbb161cd92ff9cf9e73901c44fb9ea7b3a15dbeb5516e87df3,False
400862814:126670692,118811862,118811546,trade,Sell,GOLD,0.01,,5148.93,,,0.0,0.0,,1.99,,0,,400862814,A_main_trade,USD,2026-03-04T20:33:17+02:00,2026-03-04T20:33:17+02:00,2026-03-05T01:33:17+07:00,2026-03-05T01:33:17+07:00,2026-03-04,2026-03-05,,,,,,,MT5,9d864068-d1b1-4015-9897-cdce8cb7ce7b,2026-03-05T06:20:19Z,1ee1ae397d8e273c9eec999a6c8519f51224c99a9f106fd600b45c05fcec69ce,False
400862814:126670693,118811860,118811163,trade,Sell,GOLD,0.01,,5148.93,,,0.0,0.0,,0.12,,0,,400862814,A_main_trade,USD,2026-03-04T20:33:17+02:00,2026-03-04T20:33:17+02:00,2026-03-05T01:33:17+07:00,2026-03-05T01:33:17+07:00,2026-03-04,2026-03-05,,,,,,,MT5,9d864068-d1b1-4015-9897-cdce8cb7ce7b,2026-03-05T06:20:19Z,f5fd67d78dbd13499d939584644f4dfa3b0529302c02ecc8678c645442d9dc0b,False
400862814:126670694,118811861,118811135,trade,Sell,GOLD,0.01,,5148.93,,,0.0,0.0,,-0.13,,0,,400862814,A_main_trade,USD,2026-03-04T20:33:17+02:00,2026-03-04T20:33:17+02:00,2026-03-05T01:33:17+07:00,2026-03-05T01:33:17+07:00,2026-03-04,2026-03-05,,,,,,,MT5,9d864068-d1b1-4015-9897-cdce8cb7ce7b,2026-03-05T06:20:19Z,946fde09602d32bca59c9e24ffb3ce3cf10e72d3dbf4cbd39fe0ad3e0a5bd07c,False
400862814:126670695,118811859,118811160,trade,Sell,GOLD,0.01,,5148.93,,,0.0,0.0,,-0.42,,0,,400862814,A_main_trade,USD,2026-03-04T20:33:17+02:00,2026-03-04T20:33:17+02:00,2026-03-05T01:33:17+07:00,2026-03-05T01:33:17+07:00,2026-03-04,2026-03-05,,,,,,,MT5,9d864068-d1b1-4015-9897-cdce8cb7ce7b,2026-03-05T06:20:19Z,619f855c93fc49c1e012c31a61fdf5cd0e361deec99575cd4e84de58c04732b4,False
400862814:126670697,118811863,118811642,trade,Sell,GOLD,0.01,,5148.93,,,0.0,0.0,,1.34,,0,,400862814,A_main_trade,USD,2026-03-04T20:33:17+02:00,2026-03-04T20:33:17+02:00,2026-03-05T01:33:17+07:00,2026-03-05T01:33:17+07:00,2026-03-04,2026-03-05,,,,,,,MT5,9d864068-d1b1-4015-9897-cdce8cb7ce7b,2026-03-05T06:20:19Z,296a29ba78461a0b94ca41d04d18055f60e84ae023ad4d1741b03d49383ed6b8,False
400862814:126670456,118811642,118811642,trade,Buy,GOLD,0.01,,5147.59,,,0.0,0.0,,0.0,,0,,400862814,A_main_trade,USD,2026-03-04T20:32:53+02:00,2026-03-04T20:32:53+02:00,2026-03-05T01:32:53+07:00,2026-03-05T01:32:53+07:00,2026-03-04,2026-03-05,,,,,,,MT5,9d864068-d1b1-4015-9897-cdce8cb7ce7b,2026-03-05T06:20:19Z,7be3884f9be84d68d477e59cf36de3aba83df587664fd5a41351c4141f9bb329,False
400862814:126670375,118811561,118811561,trade,Buy,GOLD,0.01,,5146.97,,,0.0,0.0,,0.0,,0,,400862814,A_main_trade,USD,2026-03-04T20:32:46+02:00,2026-03-04T20:32:46+02:00,2026-03-05T01:32:46+07:00,2026-03-05T01:32:46+07:00,2026-03-04,2026-03-05,,,,,,,MT5,9d864068-d1b1-4015-9897-cdce8cb7ce7b,2026-03-05T06:20:19Z,be79496bcc1917ece177df205dc8a112f8ae0c5ac50a99d4e0e8774a6a37ab39,False
400862814:126670358,118811546,118811546,trade,Buy,GOLD,0.01,,5146.94,,,0.0,0.0,,0.0,,0,,400862814,A_main_trade,USD,2026-03-04T20:32:45+02:00,2026-03-04T20:32:45+02:00,2026-03-05T01:32:45+07:00,2026-03-05T01:32:45+07:00,2026-03-04,2026-03-05,,,,,,,MT5,9d864068-d1b1-4015-9897-cdce8cb7ce7b,2026-03-05T06:20:19Z,cf7cb0d4742ad58eee559afec3358ebf7defe86da11435631051732ad694a0a8,False
400862814:126669953,118811160,118811160,trade,Buy,GOLD,0.01,,5149.35,,,0.0,0.0,,0.0,,0,,400862814,A_main_trade,USD,2026-03-04T20:32:13+02:00,2026-03-04T20:32:13+02:00,2026-03-05T01:32:13+07:00,2026-03-05T01:32:13+07:00,2026-03-04,2026-03-05,,,,,,,MT5,9d864068-d1b1-4015-9897-cdce8cb7ce7b,2026-03-05T06:20:19Z,c7c2ac154d4f9734d01b4b727d4c091a4ea363ed0e1e83502fbe419c433f15ac,False
400862814:126669958,118811163,118811163,trade,Buy,GOLD,0.01,,5148.81,,,0.0,0.0,,0.0,,0,,400862814,A_main_trade,USD,2026-03-04T20:32:13+02:00,2026-03-04T20:32:13+02:00,2026-03-05T01:32:13+07:00,2026-03-05T01:32:13+07:00,2026-03-04,2026-03-05,,,,,,,MT5,9d864068-d1b1-4015-9897-cdce8cb7ce7b,2026-03-05T06:20:19Z,34139100ea7e9c66cfa3ff81b304bc74f571d8c0d47208a8738097fdd2ff8817,False
400862814:126669931,118811135,118811135,trade,Buy,GOLD,0.01,,5149.06,,,0.0,0.0,,0.0,,0,,400862814,A_main_trade,USD,2026-03-04T20:32:11+02:00,2026-03-04T20:32:11+02:00,2026-03-05T01:32:11+07:00,2026-03-05T01:32:11+07:00,2026-03-04,2026-03-05,,,,,,,MT5,9d864068-d1b1-4015-9897-cdce8cb7ce7b,2026-03-05T06:20:19Z,a5c7d743125230c23d54de1e51384ac51e4ba95789468badd5becfa0b77da0bb,False
400862814:126669631,118810838,118810242,trade,Sell,GOLD,0.01,,5150.83,,,0.0,0.0,,2.6,,0,,400862814,A_main_trade,USD,2026-03-04T20:31:49+02:00,2026-03-04T20:31:49+02:00,2026-03-05T01:31:49+07:00,2026-03-05T01:31:49+07:00,2026-03-04,2026-03-05,,,,,,,MT5,9d864068-d1b1-4015-9897-cdce8cb7ce7b,2026-03-05T06:20:19Z,48aa1f8939f3f5c7171544bea825278ec2b393ab6b244a0ebcfae225fe3e2927,False
400862814:126669632,118810836,118810253,trade,Sell,GOLD,0.01,,5150.83,,,0.0,0.0,,2.7800000000000002,,0,,400862814,A_main_trade,USD,2026-03-04T20:31:49+02:00,2026-03-04T20:31:49+02:00,2026-03-05T01:31:49+07:00,2026-03-05T01:31:49+07:00,2026-03-04,2026-03-05,,,,,,,MT5,9d864068-d1b1-4015-9897-cdce8cb7ce7b,2026-03-05T06:20:19Z,69dc09f8971a4c8b2c8fe4c080308135e8bca2a9aa88d1e4226b1de9746ecc55,False
400862814:126669633,118810839,118810226,trade,Sell,GOLD,0.01,,5150.83,,,0.0,0.0,,2.95,,0,,400862814,A_main_trade,USD,2026-03-04T20:31:49+02:00,2026-03-04T20:31:49+02:00,2026-03-05T01:31:49+07:00,2026-03-05T01:31:49+07:00,2026-03-04,2026-03-05,,,,,,,MT5,9d864068-d1b1-4015-9897-cdce8cb7ce7b,2026-03-05T06:20:19Z,397337715250eb6f55f0e66641fe50dd1b75fdc284ae994d9c3920f9e1895a48,False
400862814:126669634,118810837,118810246,trade,Sell,GOLD,0.01,,5150.83,,,0.0,0.0,,3.04,,0,,400862814,A_main_trade,USD,2026-03-04T20:31:49+02:00,2026-03-04T20:31:49+02:00,2026-03-05T01:31:49+07:00,2026-03-05T01:31:49+07:00,2026-03-04,2026-03-05,,,,,,,MT5,9d864068-d1b1-4015-9897-cdce8cb7ce7b,2026-03-05T06:20:19Z,989fb07637b56c53132dd39bbc5bf74b3a9eb7b3d23b29a58710e38ae6cf507a,False
400862814:126669025,118810253,118810253,trade,Buy,GOLD,0.01,,5148.05,,,0.0,0.0,,0.0,,0,,400862814,A_main_trade,USD,2026-03-04T20:31:02+02:00,2026-03-04T20:31:02+02:00,2026-03-05T01:31:02+07:00,2026-03-05T01:31:02+07:00,2026-03-04,2026-03-05,,,,,,,MT5,9d864068-d1b1-4015-9897-cdce8cb7ce7b,2026-03-05T06:20:19Z,d673a3683087d6d4a63abd0546050e75c9499ce1effb8897e1156ba0f3727009,False
400862814:126669018,118810246,118810246,trade,Buy,GOLD,0.01,,5147.79,,,0.0,0.0,,0.0,,0,,400862814,A_main_trade,USD,2026-03-04T20:31:01+02:00,2026-03-04T20:31:01+02:00,2026-03-05T01:31:01+07:00,2026-03-05T01:31:01+07:00,2026-03-04,2026-03-05,,,,,,,MT5,9d864068-d1b1-4015-9897-cdce8cb7ce7b,2026-03-05T06:20:19Z,bb57b02b3436a1f355be52378d38835681a23160505632423ff34826931b3818,False
400862814:126669014,118810242,118810242,trade,Buy,GOLD,0.01,,5148.23,,,0.0,0.0,,0.0,,0,,400862814,A_main_trade,USD,2026-03-04T20:31:00+02:00,2026-03-04T20:31:00+02:00,2026-03-05T01:31:00+07:00,2026-03-05T01:31:00+07:00,2026-03-04,2026-03-05,,,,,,,MT5,9d864068-d1b1-4015-9897-cdce8cb7ce7b,2026-03-05T06:20:19Z,e63568c9af620c470a4478f666eb1e7d2f4c337f117c7e1ce2e0575e36b7d6b3,False
400862814:126668999,118810226,118810226,trade,Buy,GOLD,0.01,,5147.88,,,0.0,0.0,,0.0,,0,,400862814,A_main_trade,USD,2026-03-04T20:30:59+02:00,2026-03-04T20:30:59+02:00,2026-03-05T01:30:59+07:00,2026-03-05T01:30:59+07:00,2026-03-04,2026-03-05,,,,,,,MT5,9d864068-d1b1-4015-9897-cdce8cb7ce7b,2026-03-05T06:20:19Z,a3b1fc0618b3c1bf4055665da55b8e5ca896c808586fc559d9ce9a6f612d590d,False
400862814:126523828,118674750,118673634,trade,Sell,GOLD,0.01,,5171.55,,,0.0,0.0,,7.42,,0,,400862814,A_main_trade,USD,2026-03-04T18:30:33+02:00,2026-03-04T18:30:33+02:00,2026-03-04T23:30:33+07:00,2026-03-04T23:30:33+07:00,2026-03-04,2026-03-04,,,,,,,MT5,9d864068-d1b1-4015-9897-cdce8cb7ce7b,2026-03-05T06:20:19Z,6435bde56bbbf39677f96809cb12ecdc0f8935a2c8e28486cdaf80d403e1313d,False
400862814:126523829,118674752,118673764,trade,Sell,GOLD,0.01,,5171.55,,,0.0,0.0,,8.01,,0,,400862814,A_main_trade,USD,2026-03-04T18:30:33+02:00,2026-03-04T18:30:33+02:00,2026-03-04T23:30:33+07:00,2026-03-04T23:30:33+07:00,2026-03-04,2026-03-04,,,,,,,MT5,9d864068-d1b1-4015-9897-cdce8cb7ce7b,2026-03-05T06:20:19Z,79b793f82e6a78e456ef2a817214c26b6d3a161d7213d20aaaf6398cda6f19e7,False
400862814:126523830,118674751,118673676,trade,Sell,GOLD,0.01,,5171.55,,,0.0,0.0,,6.54,,0,,400862814,A_main_trade,USD,2026-03-04T18:30:33+02:00,2026-03-04T18:30:33+02:00,2026-03-04T23:30:33+07:00,2026-03-04T23:30:33+07:00,2026-03-04,2026-03-04,,,,,,,MT5,9d864068-d1b1-4015-9897-cdce8cb7ce7b,2026-03-05T06:20:19Z,95a75dc7f74f3842442e9c8a058305e575866afa925df06a2efafd2081c79776,False
400862814:126523420,118674382,118673612,trade,Sell,GOLD,0.01,,5168.59,,,0.0,0.0,,1.6600000000000001,,0,,400862814,A_main_trade,USD,2026-03-04T18:30:28+02:00,2026-03-04T18:30:28+02:00,2026-03-04T23:30:28+07:00,2026-03-04T23:30:28+07:00,2026-03-04,2026-03-04,,,,,,,MT5,9d864068-d1b1-4015-9897-cdce8cb7ce7b,2026-03-05T06:20:19Z,e982a471f084ba00d449ca6a1d541f0b80129f2674e9a57368c0b779d7fe5fdc,False
400862814:126523136,118674119,118673542,trade,Sell,GOLD,0.01,,5169.2,,,0.0,0.0,,1.6,,0,,400862814,A_main_trade,USD,2026-03-04T18:30:25+02:00,2026-03-04T18:30:25+02:00,2026-03-04T23:30:25+07:00,2026-03-04T23:30:25+07:00,2026-03-04,2026-03-04,,,,,,,MT5,9d864068-d1b1-4015-9897-cdce8cb7ce7b,2026-03-05T06:20:19Z,1c2c4b342f4d3cd3d1d67a7806094810635fb4b6dcf75ba2bb0128aa783b373d,False
400862814:126522770,118673764,118673764,trade,Buy,GOLD,0.01,,5163.54,,,0.0,0.0,,0.0,,0,,400862814,A_main_trade,USD,2026-03-04T18:30:17+02:00,2026-03-04T18:30:17+02:00,2026-03-04T23:30:17+07:00,2026-03-04T23:30:17+07:00,2026-03-04,2026-03-04,,,,,,,MT5,9d864068-d1b1-4015-9897-cdce8cb7ce7b,2026-03-05T06:20:19Z,9b1913748ddf5caa3e9d2fcefe957cd2efbeed28b82e26731b4bce2523b0e8b2,False
400862814:126522676,118673676,118673676,trade,Buy,GOLD,0.01,,5165.01,,,0.0,0.0,,0.0,,0,,400862814,A_main_trade,USD,2026-03-04T18:30:15+02:00,2026-03-04T18:30:15+02:00,2026-03-04T23:30:15+07:00,2026-03-04T23:30:15+07:00,2026-03-04,2026-03-04,,,,,,,MT5,9d864068-d1b1-4015-9897-cdce8cb7ce7b,2026-03-05T06:20:19Z,474a59682cf3602a726c4f6b7c8fe2db7a6072f365363487efed21a95b966e7a,False
400862814:126522639,118673634,118673634,trade,Buy,GOLD,0.01,,5164.13,,,0.0,0.0,,0.0,,0,,400862814,A_main_trade,USD,2026-03-04T18:30:14+02:00,2026-03-04T18:30:14+02:00,2026-03-04T23:30:14+07:00,2026-03-04T23:30:14+07:00,2026-03-04,2026-03-04,,,,,,,MT5,9d864068-d1b1-4015-9897-cdce8cb7ce7b,2026-03-05T06:20:19Z,f0ad3de9b4abd89e4b03298a45c213eafc3f4077cc3188ba5ff5fa3f66ba9a7d,False
400862814:126522608,118673612,118673612,trade,Buy,GOLD,0.01,,5166.93,,,0.0,0.0,,0.0,,0,,400862814,A_main_trade,USD,2026-03-04T18:30:12+02:00,2026-03-04T18:30:12+02:00,2026-03-04T23:30:12+07:00,2026-03-04T23:30:12+07:00,2026-03-04,2026-03-04,,,,,,,MT5,9d864068-d1b1-4015-9897-cdce8cb7ce7b,2026-03-05T06:20:19Z,e1db0698f927d48ca3ebbe7a25a6539cc705b66392d63a32a62122f595e184cb,False
400862814:126522532,118673542,118673542,trade,Buy,GOLD,0.01,,5167.6,,,0.0,0.0,,0.0,,0,,400862814,A_main_trade,USD,2026-03-04T18:30:10+02:00,2026-03-04T18:30:10+02:00,2026-03-04T23:30:10+07:00,2026-03-04T23:30:10+07:00,2026-03-04,2026-03-04,,,,,,,MT5,9d864068-d1b1-4015-9897-cdce8cb7ce7b,2026-03-05T06:20:19Z,3e06f9bae7a5f111ced7f8591242d66d3b9301b985f796b36fba9eedfc97b31c,False
400862814:126522380,118673406,118671313,trade,Sell,GOLD,0.01,,5166.07,,,0.0,0.0,,1.22,,0,,400862814,A_main_trade,USD,2026-03-04T18:30:04+02:00,2026-03-04T18:30:04+02:00,2026-03-04T23:30:04+07:00,2026-03-04T23:30:04+07:00,2026-03-04,2026-03-04,,,,,,,MT5,9d864068-d1b1-4015-9897-cdce8cb7ce7b,2026-03-05T06:20:19Z,473a59ad7146beb4ee44de99ea7bfe1646ffdc12a28c06f48f7318fcd614a976,False
400862814:126522305,118673340,118671334,trade,Sell,GOLD,0.01,,5166.74,,,0.0,0.0,,1.58,,0,,400862814,A_main_trade,USD,2026-03-04T18:30:00+02:00,2026-03-04T18:30:00+02:00,2026-03-04T23:30:00+07:00,2026-03-04T23:30:00+07:00,2026-03-04,2026-03-04,,,,,,,MT5,9d864068-d1b1-4015-9897-cdce8cb7ce7b,2026-03-05T06:20:19Z,8fadf34ff27d9d1f92df13a4f0a507dead84b2a6cc9b6a2e0e5ccddd65549b9d,False
400862814:126521905,118672947,118671297,trade,Sell,GOLD,0.01,,5167.05,,,0.0,0.0,,0.24,,0,,400862814,A_main_trade,USD,2026-03-04T18:29:28+02:00,2026-03-04T18:29:28+02:00,2026-03-04T23:29:28+07:00,2026-03-04T23:29:28+07:00,2026-03-04,2026-03-04,,,,,,,MT5,9d864068-d1b1-4015-9897-cdce8cb7ce7b,2026-03-05T06:20:19Z,893c11c132b6ac9e2dff5381f8284613e359171a37473e931d7f03bc5f2f0b33,False
400862814:126521853,118672902,118671342,trade,Sell,GOLD,0.01,,5165.98,,,0.0,0.0,,0.62,,0,,400862814,A_main_trade,USD,2026-03-04T18:29:23+02:00,2026-03-04T18:29:23+02:00,2026-03-04T23:29:23+07:00,2026-03-04T23:29:23+07:00,2026-03-04,2026-03-04,,,,,,,MT5,9d864068-d1b1-4015-9897-cdce8cb7ce7b,2026-03-05T06:20:19Z,329ddb6db1d6da4ab6d2296c3116f62b7883ca0c03bfba02f9a4841200a236af,False
400862814:126520171,118671342,118671342,trade,Buy,GOLD,0.01,,5165.36,,,0.0,0.0,,0.0,,0,,400862814,A_main_trade,USD,2026-03-04T18:26:47+02:00,2026-03-04T18:26:47+02:00,2026-03-04T23:26:47+07:00,2026-03-04T23:26:47+07:00,2026-03-04,2026-03-04,,,,,,,MT5,9d864068-d1b1-4015-9897-cdce8cb7ce7b,2026-03-05T06:20:19Z,349c5b342842c11c72860a15768c181120926c3de71e36ce87e24010b5645e86,False
400862814:126520158,118671334,118671334,trade,Buy,GOLD,0.01,,5165.16,,,0.0,0.0,,0.0,,0,,400862814,A_main_trade,USD,2026-03-04T18:26:46+02:00,2026-03-04T18:26:46+02:00,2026-03-04T23:26:46+07:00,2026-03-04T23:26:46+07:00,2026-03-04,2026-03-04,,,,,,,MT5,9d864068-d1b1-4015-9897-cdce8cb7ce7b,2026-03-05T06:20:19Z,9163f6461f9a51e5d2a81b16b5d798aba0baf2ae51ccec8c6402c89b75250055,False
400862814:126520133,118671313,118671313,trade,Buy,GOLD,0.01,,5164.85,,,0.0,0.0,,0.0,,0,,400862814,A_main_trade,USD,2026-03-04T18:26:44+02:00,2026-03-04T18:26:44+02:00,2026-03-04T23:26:44+07:00,2026-03-04T23:26:44+07:00,2026-03-04,2026-03-04,,,,,,,MT5,9d864068-d1b1-4015-9897-cdce8cb7ce7b,2026-03-05T06:20:19Z,ce8b1634333fd2e2007f45a0c518c130fa18b7b458779351c8cf14437981e303,False
400862814:126520114,118671297,118671297,trade,Buy,GOLD,0.01,,5166.81,,,0.0,0.0,,0.0,,0,,400862814,A_main_trade,USD,2026-03-04T18:26:43+02:00,2026-03-04T18:26:43+02:00,2026-03-04T23:26:43+07:00,2026-03-04T23:26:43+07:00,2026-03-04,2026-03-04,,,,,,,MT5,9d864068-d1b1-4015-9897-cdce8cb7ce7b,2026-03-05T06:20:19Z,11a39ded73a25f5a25409385f718a7c58b8756d8e6ec92697f2f4bdd50ba323d,False
400862814:126495175,118647946,118643337,trade,Sell,GOLD,0.01,,5173.71,,,0.0,0.0,,5.17,[sl 5174.02],0,,400862814,A_main_trade,USD,2026-03-04T18:03:04+02:00,2026-03-04T18:03:04+02:00,2026-03-04T23:03:04+07:00,2026-03-04T23:03:04+07:00,2026-03-04,2026-03-04,,,,,,,MT5,9d864068-d1b1-4015-9897-cdce8cb7ce7b,2026-03-05T06:20:19Z,0b9cb25d3908871ecd027960110d85e3cf51e6d4f04dc807b01d8f2999099fe9,False
400862814:126491785,118644745,118639243,trade,Sell,GOLD,0.01,,5174.32,,,0.0,0.0,,-0.39,,0,,400862814,A_main_trade,USD,2026-03-04T18:00:41+02:00,2026-03-04T18:00:41+02:00,2026-03-04T23:00:41+07:00,2026-03-04T23:00:41+07:00,2026-03-04,2026-03-04,,,,,,,MT5,9d864068-d1b1-4015-9897-cdce8cb7ce7b,2026-03-05T06:20:19Z,eeb81b799b60530b32f0548178b2fb222b239340a6484a10483ddf4d8c3c50b6,False
400862814:126491610,118644581,118639273,trade,Sell,GOLD,0.01,,5173.82,,,0.0,0.0,,-1.05,,0,,400862814,A_main_trade,USD,2026-03-04T18:00:36+02:00,2026-03-04T18:00:36+02:00,2026-03-04T23:00:36+07:00,2026-03-04T23:00:36+07:00,2026-03-04,2026-03-04,,,,,,,MT5,9d864068-d1b1-4015-9897-cdce8cb7ce7b,2026-03-05T06:20:19Z,1d4eff25a41ea62714c3c34ba39e4a13f11a220897651387517dc6d1a57941d1,False
400862814:126491530,118644510,118643356,trade,Sell,GOLD,0.01,,5173.76,,,0.0,0.0,,5.32,,0,,400862814,A_main_trade,USD,2026-03-04T18:00:34+02:00,2026-03-04T18:00:34+02:00,2026-03-04T23:00:34+07:00,2026-03-04T23:00:34+07:00,2026-03-04,2026-03-04,,,,,,,MT5,9d864068-d1b1-4015-9897-cdce8cb7ce7b,2026-03-05T06:20:19Z,040227f99115a4800470029e3616db25bdc27c6ea71f17f35e3068575790c6e9,False
400862814:126491469,118644451,118643423,trade,Sell,GOLD,0.01,,5173.77,,,0.0,0.0,,5.7,,0,,400862814,A_main_trade,USD,2026-03-04T18:00:31+02:00,2026-03-04T18:00:31+02:00,2026-03-04T23:00:31+07:00,2026-03-04T23:00:31+07:00,2026-03-04,2026-03-04,,,,,,,MT5,9d864068-d1b1-4015-9897-cdce8cb7ce7b,2026-03-05T06:20:19Z,27796d6e22072ebc6095fafddee26bf93772b49e922f59715a81a76b200ab9e9,False
400862814:126490411,118643423,118643423,trade,Buy,GOLD,0.01,,5168.07,,,0.0,0.0,,0.0,,0,,400862814,A_main_trade,USD,2026-03-04T17:59:58+02:00,2026-03-04T17:59:58+02:00,2026-03-04T22:59:58+07:00,2026-03-04T22:59:58+07:00,2026-03-04,2026-03-04,,,,,,,MT5,9d864068-d1b1-4015-9897-cdce8cb7ce7b,2026-03-05T06:20:19Z,c2621f45aab7ae129f28890669f20c79c67d94ad56075f2cea7c4264085841ec,False
400862814:126490341,118643356,118643356,trade,Buy,GOLD,0.01,,5168.44,,,0.0,0.0,,0.0,,0,,400862814,A_main_trade,USD,2026-03-04T17:59:57+02:00,2026-03-04T17:59:57+02:00,2026-03-04T22:59:57+07:00,2026-03-04T22:59:57+07:00,2026-03-04,2026-03-04,,,,,,,MT5,9d864068-d1b1-4015-9897-cdce8cb7ce7b,2026-03-05T06:20:19Z,65b754522b6765244f656990a8a3deb61451f3b88bebd5a99d7b54a267b991c7,False
400862814:126490323,118643337,118643337,trade,Buy,GOLD,0.01,,5168.54,,,0.0,0.0,,0.0,,0,,400862814,A_main_trade,USD,2026-03-04T17:59:56+02:00,2026-03-04T17:59:56+02:00,2026-03-04T22:59:56+07:00,2026-03-04T22:59:56+07:00,2026-03-04,2026-03-04,,,,,,,MT5,9d864068-d1b1-4015-9897-cdce8cb7ce7b,2026-03-05T06:20:19Z,a12b036024c6bd8621cc7a6b696b422c73a4623ea4031781a724ed8bc09908d8,False
400862814:126489786,118642869,118635282,trade,Sell,GOLD,0.01,,5170.63,,,0.0,0.0,,-11.53,,0,,400862814,A_main_trade,USD,2026-03-04T17:59:45+02:00,2026-03-04T17:59:45+02:00,2026-03-04T22:59:45+07:00,2026-03-04T22:59:45+07:00,2026-03-04,2026-03-04,,,,,,,MT5,9d864068-d1b1-4015-9897-cdce8cb7ce7b,2026-03-05T06:20:19Z,589cc881f42202a4e4597a7d99850449a7d0a67a54bb1de25d68ae030f329c3a,False
400862814:126489754,118642839,118635401,trade,Sell,GOLD,0.01,,5170.8,,,0.0,0.0,,-11.27,,0,,400862814,A_main_trade,USD,2026-03-04T17:59:44+02:00,2026-03-04T17:59:44+02:00,2026-03-04T22:59:44+07:00,2026-03-04T22:59:44+07:00,2026-03-04,2026-03-04,,,,,,,MT5,9d864068-d1b1-4015-9897-cdce8cb7ce7b,2026-03-05T06:20:19Z,0f4ce90dc109ba6fd00760ed4b001e45a3402e6340e0cb4f8909c93b1a8fa3db,False
400862814:126489768,118642852,118635390,trade,Sell,GOLD,0.01,,5170.78,,,0.0,0.0,,-11.4,,0,,400862814,A_main_trade,USD,2026-03-04T17:59:44+02:00,2026-03-04T17:59:44+02:00,2026-03-04T22:59:44+07:00,2026-03-04T22:59:44+07:00,2026-03-04,2026-03-04,,,,,,,MT5,9d864068-d1b1-4015-9897-cdce8cb7ce7b,2026-03-05T06:20:19Z,fd67492e0924df1f96920643edc0b0a28e1bdb65c54a33a7bca973b97be51ced,False
400862814:126489612,118642702,118636460,trade,Sell,GOLD,0.01,,5170.09,,,0.0,0.0,,-13.65,,0,,400862814,A_main_trade,USD,2026-03-04T17:59:41+02:00,2026-03-04T17:59:41+02:00,2026-03-04T22:59:41+07:00,2026-03-04T22:59:41+07:00,2026-03-04,2026-03-04,,,,,,,MT5,9d864068-d1b1-4015-9897-cdce8cb7ce7b,2026-03-05T06:20:19Z,65ad4115a737eb6bc9160ffc4d7099728a5ddf1d6bad8063b19cc1db0605fdd8,False
400862814:126489504,118642599,118633913,trade,Sell,GOLD,0.01,,5171.27,,,0.0,0.0,,-15.02,,0,,400862814,A_main_trade,USD,2026-03-04T17:59:39+02:00,2026-03-04T17:59:39+02:00,2026-03-04T22:59:39+07:00,2026-03-04T22:59:39+07:00,2026-03-04,2026-03-04,,,,,,,MT5,9d864068-d1b1-4015-9897-cdce8cb7ce7b,2026-03-05T06:20:19Z,5becc27dbdf7674bb917a2e1cc167fe30a972876c1bd0648f1d47fe892e7d8bb,False
400862814:126489468,118642562,118633933,trade,Sell,GOLD,0.01,,5171.31,,,0.0,0.0,,-15.07,,0,,400862814,A_main_trade,USD,2026-03-04T17:59:38+02:00,2026-03-04T17:59:38+02:00,2026-03-04T22:59:38+07:00,2026-03-04T22:59:38+07:00,2026-03-04,2026-03-04,,,,,,,MT5,9d864068-d1b1-4015-9897-cdce8cb7ce7b,2026-03-05T06:20:19Z,617c20d8ae7c8aa0022bfa1458e9f3d6f935e2781b1249b7deec600f774dcd32,False
400862814:126485885,118639243,118639243,trade,Buy,GOLD,0.01,,5174.71,,,0.0,0.0,,0.0,,0,,400862814,A_main_trade,USD,2026-03-04T17:56:36+02:00,2026-03-04T17:56:36+02:00,2026-03-04T22:56:36+07:00,2026-03-04T22:56:36+07:00,2026-03-04,2026-03-04,,,,,,,MT5,9d864068-d1b1-4015-9897-cdce8cb7ce7b,2026-03-05T06:20:19Z,f4d4f011fafcb2da889a37913bcacef6687a26043ec5444ae63f193908599e50,False
400862814:126485916,118639273,118639273,trade,Buy,GOLD,0.01,,5174.87,,,0.0,0.0,,0.0,,0,,400862814,A_main_trade,USD,2026-03-04T17:56:36+02:00,2026-03-04T17:56:36+02:00,2026-03-04T22:56:36+07:00,2026-03-04T22:56:36+07:00,2026-03-04,2026-03-04,,,,,,,MT5,9d864068-d1b1-4015-9897-cdce8cb7ce7b,2026-03-05T06:20:19Z,fb341e412e26e1b94afc747302f3009590bf133376eb1c28ff23202c13dda96c,False
400862814:126482889,118636460,118636460,trade,Buy,GOLD,0.01,,5183.74,,,0.0,0.0,,0.0,,0,,400862814,A_main_trade,USD,2026-03-04T17:54:44+02:00,2026-03-04T17:54:44+02:00,2026-03-04T22:54:44+07:00,2026-03-04T22:54:44+07:00,2026-03-04,2026-03-04,,,,,,,MT5,9d864068-d1b1-4015-9897-cdce8cb7ce7b,2026-03-05T06:20:19Z,14a995023d0551b388fcfedfe82d7d88b4c196aa104b56977e5781368175a2cd,False
400862814:126481764,118635390,118635390,trade,Buy,GOLD,0.01,,5182.18,,,0.0,0.0,,0.0,,0,,400862814,A_main_trade,USD,2026-03-04T17:53:30+02:00,2026-03-04T17:53:30+02:00,2026-03-04T22:53:30+07:00,2026-03-04T22:53:30+07:00,2026-03-04,2026-03-04,,,,,,,MT5,9d864068-d1b1-4015-9897-cdce8cb7ce7b,2026-03-05T06:20:19Z,921f313005416143fc85369bd1e2b73febe674bef4860af0a9b8d21a012f8e2c,False
400862814:126481775,118635401,118635401,trade,Buy,GOLD,0.01,,5182.07,,,0.0,0.0,,0.0,,0,,400862814,A_main_trade,USD,2026-03-04T17:53:30+02:00,2026-03-04T17:53:30+02:00,2026-03-04T22:53:30+07:00,2026-03-04T22:53:30+07:00,2026-03-04,2026-03-04,,,,,,,MT5,9d864068-d1b1-4015-9897-cdce8cb7ce7b,2026-03-05T06:20:19Z,c4f40558f1a6e70d2a5682a35b3aa152f765fec20b3647e1bf4797c5ae5309ce,False
400862814:126481652,118635282,118635282,trade,Buy,GOLD,0.01,,5182.16,,,0.0,0.0,,0.0,,0,,400862814,A_main_trade,USD,2026-03-04T17:53:23+02:00,2026-03-04T17:53:23+02:00,2026-03-04T22:53:23+07:00,2026-03-04T22:53:23+07:00,2026-03-04,2026-03-04,,,,,,,MT5,9d864068-d1b1-4015-9897-cdce8cb7ce7b,2026-03-05T06:20:19Z,7a0a30ca8ae2bb5d782b8041641a0bfeb23715682e4931dea6296a56c812a447,False
400862814:126481339,118634971,118633974,trade,Sell,GOLD,0.01,,5179.95,,,0.0,0.0,,-6.0,,0,,400862814,A_main_trade,USD,2026-03-04T17:53:12+02:00,2026-03-04T17:53:12+02:00,2026-03-04T22:53:12+07:00,2026-03-04T22:53:12+07:00,2026-03-04,2026-03-04,,,,,,,MT5,9d864068-d1b1-4015-9897-cdce8cb7ce7b,2026-03-05T06:20:19Z,87b45cbd0684921104a7e05a2e19ea2e49f7baddcce5a04b607d02e1a0d9061e,False
400862814:126481301,118634937,118634078,trade,Sell,GOLD,0.01,,5179.58,,,0.0,0.0,,-6.82,,0,,400862814,A_main_trade,USD,2026-03-04T17:53:10+02:00,2026-03-04T17:53:10+02:00,2026-03-04T22:53:10+07:00,2026-03-04T22:53:10+07:00,2026-03-04,2026-03-04,,,,,,,MT5,9d864068-d1b1-4015-9897-cdce8cb7ce7b,2026-03-05T06:20:19Z,e4887167a6f1e3c4486ae3e24ac8cf2ca2a0320ed8eab1248a69acbb004dd672,False
400862814:126480350,118634078,118634078,trade,Buy,GOLD,0.01,,5186.4,,,0.0,0.0,,0.0,,0,,400862814,A_main_trade,USD,2026-03-04T17:52:44+02:00,2026-03-04T17:52:44+02:00,2026-03-04T22:52:44+07:00,2026-03-04T22:52:44+07:00,2026-03-04,2026-03-04,,,,,,,MT5,9d864068-d1b1-4015-9897-cdce8cb7ce7b,2026-03-05T06:20:19Z,965e7dfd9af9d660a915d8d4535384b46dace3d83da5f03fab4732aaf3ec0182,False
400862814:126480240,118633974,118633974,trade,Buy,GOLD,0.01,,5185.95,,,0.0,0.0,,0.0,,0,,400862814,A_main_trade,USD,2026-03-04T17:52:33+02:00,2026-03-04T17:52:33+02:00,2026-03-04T22:52:33+07:00,2026-03-04T22:52:33+07:00,2026-03-04,2026-03-04,,,,,,,MT5,9d864068-d1b1-4015-9897-cdce8cb7ce7b,2026-03-05T06:20:19Z,baa4206aa371591369033749dc990693ea6efb5d741861dc785d9d0182731c09,False
400862814:126480195,118633933,118633933,trade,Buy,GOLD,0.01,,5186.38,,,0.0,0.0,,0.0,,0,,400862814,A_main_trade,USD,2026-03-04T17:52:27+02:00,2026-03-04T17:52:27+02:00,2026-03-04T22:52:27+07:00,2026-03-04T22:52:27+07:00,2026-03-04,2026-03-04,,,,,,,MT5,9d864068-d1b1-4015-9897-cdce8cb7ce7b,2026-03-05T06:20:19Z,09ab21803b642db8ea76cae3e01e34c633197d9c0513da64f1d7d9ce8b779c82,False
400862814:126480176,118633913,118633913,trade,Buy,GOLD,0.01,,5186.29,,,0.0,0.0,,0.0,,0,,400862814,A_main_trade,USD,2026-03-04T17:52:26+02:00,2026-03-04T17:52:26+02:00,2026-03-04T22:52:26+07:00,2026-03-04T22:52:26+07:00,2026-03-04,2026-03-04,,,,,,,MT5,9d864068-d1b1-4015-9897-cdce8cb7ce7b,2026-03-05T06:20:19Z,345d1b6aa5d0427da0431f14da707c481c136d5a5444b7a7c731ebf71ce87a44,False
400862814:126220757,118390671,118389762,trade,Sell,GOLD,0.01,,5162.97,,,0.0,0.0,,0.24,,0,,400862814,A_main_trade,USD,2026-03-04T12:30:15+02:00,2026-03-04T12:30:15+02:00,2026-03-04T17:30:15+07:00,2026-03-04T17:30:15+07:00,2026-03-04,2026-03-04,,,,,,,MT5,9d864068-d1b1-4015-9897-cdce8cb7ce7b,2026-03-05T06:20:19Z,5faa71735f28dae550bfaaf1e24da8977cf4ad302004656ee54ad1d68800d91b,False
400862814:126220758,118390675,118389899,trade,Sell,GOLD,0.01,,5162.97,,,0.0,0.0,,1.6600000000000001,,0,,400862814,A_main_trade,USD,2026-03-04T12:30:15+02:00,2026-03-04T12:30:15+02:00,2026-03-04T17:30:15+07:00,2026-03-04T17:30:15+07:00,2026-03-04,2026-03-04,,,,,,,MT5,9d864068-d1b1-4015-9897-cdce8cb7ce7b,2026-03-05T06:20:19Z,0031d38aef0abe3c28bb9c4a1069e93706a1c495086ec731dcffa00e8f45638a,False
400862814:126220759,118390674,118389775,trade,Sell,GOLD,0.01,,5162.97,,,0.0,0.0,,0.56,,0,,400862814,A_main_trade,USD,2026-03-04T12:30:15+02:00,2026-03-04T12:30:15+02:00,2026-03-04T17:30:15+07:00,2026-03-04T17:30:15+07:00,2026-03-04,2026-03-04,,,,,,,MT5,9d864068-d1b1-4015-9897-cdce8cb7ce7b,2026-03-05T06:20:19Z,38c8cd6e326d6c5f0f11b5080881d86f2e31f2241408f60ac5e2f7669aa3c31d,False
400862814:126220760,118390670,118389698,trade,Sell,GOLD,0.01,,5162.97,,,0.0,0.0,,1.19,,0,,400862814,A_main_trade,USD,2026-03-04T12:30:15+02:00,2026-03-04T12:30:15+02:00,2026-03-04T17:30:15+07:00,2026-03-04T17:30:15+07:00,2026-03-04,2026-03-04,,,,,,,MT5,9d864068-d1b1-4015-9897-cdce8cb7ce7b,2026-03-05T06:20:19Z,a2cecd7914ad6ffc5beb618420b10d71a7b2f314d215dec2ff4f3a32c5cd85b8,False
400862814:126220761,118390673,118389803,trade,Sell,GOLD,0.01,,5162.97,,,0.0,0.0,,0.58,,0,,400862814,A_main_trade,USD,2026-03-04T12:30:15+02:00,2026-03-04T12:30:15+02:00,2026-03-04T17:30:15+07:00,2026-03-04T17:30:15+07:00,2026-03-04,2026-03-04,,,,,,,MT5,9d864068-d1b1-4015-9897-cdce8cb7ce7b,2026-03-05T06:20:19Z,aeb668c92d69f635475315a7d22ab0420f04d305a42975b97795947def8f03dd,False
400862814:126220762,118390672,118389844,trade,Sell,GOLD,0.01,,5162.97,,,0.0,0.0,,0.81,,0,,400862814,A_main_trade,USD,2026-03-04T12:30:15+02:00,2026-03-04T12:30:15+02:00,2026-03-04T17:30:15+07:00,2026-03-04T17:30:15+07:00,2026-03-04,2026-03-04,,,,,,,MT5,9d864068-d1b1-4015-9897-cdce8cb7ce7b,2026-03-05T06:20:19Z,d83103ab4ccb0818fc864fd2bb517d89a75ff96a35800bb8b86bfb17bf12621e,False
400862814:126219963,118389899,118389899,trade,Buy,GOLD,0.01,,5161.31,,,0.0,0.0,,0.0,,0,,400862814,A_main_trade,USD,2026-03-04T12:29:12+02:00,2026-03-04T12:29:12+02:00,2026-03-04T17:29:12+07:00,2026-03-04T17:29:12+07:00,2026-03-04,2026-03-04,,,,,,,MT5,9d864068-d1b1-4015-9897-cdce8cb7ce7b,2026-03-05T06:20:19Z,38f1306e4f8a4a77c95f973ba495820e67ce7f9fc83132545f0f86503cb4c2e9,False
400862814:126219906,118389844,118389844,trade,Buy,GOLD,0.01,,5162.16,,,0.0,0.0,,0.0,,0,,400862814,A_main_trade,USD,2026-03-04T12:29:05+02:00,2026-03-04T12:29:05+02:00,2026-03-04T17:29:05+07:00,2026-03-04T17:29:05+07:00,2026-03-04,2026-03-04,,,,,,,MT5,9d864068-d1b1-4015-9897-cdce8cb7ce7b,2026-03-05T06:20:19Z,8a7dab26658ee2956ef6d1bdd25868e45469d821ae93a47bf818676b761ddff6,False
400862814:126219863,118389803,118389803,trade,Buy,GOLD,0.01,,5162.39,,,0.0,0.0,,0.0,,0,,400862814,A_main_trade,USD,2026-03-04T12:29:00+02:00,2026-03-04T12:29:00+02:00,2026-03-04T17:29:00+07:00,2026-03-04T17:29:00+07:00,2026-03-04,2026-03-04,,,,,,,MT5,9d864068-d1b1-4015-9897-cdce8cb7ce7b,2026-03-05T06:20:19Z,8734353b237268e34cef2ea77832d059cc52a2217718e1c1ac4edf203a1587f9,False
400862814:126219831,118389775,118389775,trade,Buy,GOLD,0.01,,5162.41,,,0.0,0.0,,0.0,,0,,400862814,A_main_trade,USD,2026-03-04T12:28:57+02:00,2026-03-04T12:28:57+02:00,2026-03-04T17:28:57+07:00,2026-03-04T17:28:57+07:00,2026-03-04,2026-03-04,,,,,,,MT5,9d864068-d1b1-4015-9897-cdce8cb7ce7b,2026-03-05T06:20:19Z,20c60db8cdd3877a63cd442e47c4348e534d3dc4fde79f23a1e12fd391893291,False
400862814:126219819,118389762,118389762,trade,Buy,GOLD,0.01,,5162.73,,,0.0,0.0,,0.0,,0,,400862814,A_main_trade,USD,2026-03-04T12:28:56+02:00,2026-03-04T12:28:56+02:00,2026-03-04T17:28:56+07:00,2026-03-04T17:28:56+07:00,2026-03-04,2026-03-04,,,,,,,MT5,9d864068-d1b1-4015-9897-cdce8cb7ce7b,2026-03-05T06:20:19Z,599fcfc2d3bbfc5a81a5f950e7758d8c8df40dc7f3310b5b7a9880848f8efbaf,False
400862814:126219754,118389698,118389698,trade,Buy,GOLD,0.01,,5161.78,,,0.0,0.0,,0.0,,0,,400862814,A_main_trade,USD,2026-03-04T12:28:50+02:00,2026-03-04T12:28:50+02:00,2026-03-04T17:28:50+07:00,2026-03-04T17:28:50+07:00,2026-03-04,2026-03-04,,,,,,,MT5,9d864068-d1b1-4015-9897-cdce8cb7ce7b,2026-03-05T06:20:19Z,9a038ddcf978b24a50a081db3479e4f4defa5b91747d2080b5d3c69868215104,False
400862814:126194708,118366235,118365341,trade,Sell,GOLD,0.01,,5171.81,,,0.0,0.0,,3.94,,0,,400862814,A_main_trade,USD,2026-03-04T12:01:42+02:00,2026-03-04T12:01:42+02:00,2026-03-04T17:01:42+07:00,2026-03-04T17:01:42+07:00,2026-03-04,2026-03-04,,,,,,,MT5,9d864068-d1b1-4015-9897-cdce8cb7ce7b,2026-03-05T06:20:19Z,c2916d89f0d6fe602b5fd1de12a740b6b0d7b214cf5a6de013e9ee21140b7a1a,False
400862814:126194709,118366234,118365377,trade,Sell,GOLD,0.01,,5171.81,,,0.0,0.0,,4.17,,0,,400862814,A_main_trade,USD,2026-03-04T12:01:42+02:00,2026-03-04T12:01:42+02:00,2026-03-04T17:01:42+07:00,2026-03-04T17:01:42+07:00,2026-03-04,2026-03-04,,,,,,,MT5,9d864068-d1b1-4015-9897-cdce8cb7ce7b,2026-03-05T06:20:19Z,e209abed79021f11aca1db378074ba7b72ddb26c3cf9700ef62375acf5aabc58,False
400862814:126194710,118366239,118366087,trade,Sell,GOLD,0.01,,5171.81,,,0.0,0.0,,1.63,,0,,400862814,A_main_trade,USD,2026-03-04T12:01:42+02:00,2026-03-04T12:01:42+02:00,2026-03-04T17:01:42+07:00,2026-03-04T17:01:42+07:00,2026-03-04,2026-03-04,,,,,,,MT5,9d864068-d1b1-4015-9897-cdce8cb7ce7b,2026-03-05T06:20:19Z,2da60e78cfff0ef66144fc23e9b9ac493a991638f1f57407aa802546550b8f38,False
400862814:126194711,118366233,118365420,trade,Sell,GOLD,0.01,,5171.81,,,0.0,0.0,,3.1,,0,,400862814,A_main_trade,USD,2026-03-04T12:01:42+02:00,2026-03-04T12:01:42+02:00,2026-03-04T17:01:42+07:00,2026-03-04T17:01:42+07:00,2026-03-04,2026-03-04,,,,,,,MT5,9d864068-d1b1-4015-9897-cdce8cb7ce7b,2026-03-05T06:20:19Z,a498c4060e7991b278ef437adc939822802d4a63b7858f2090eacb1b0cae3f8a,False
400862814:126194712,118366238,118366041,trade,Sell,GOLD,0.01,,5171.81,,,0.0,0.0,,2.81,,0,,400862814,A_main_trade,USD,2026-03-04T12:01:42+02:00,2026-03-04T12:01:42+02:00,2026-03-04T17:01:42+07:00,2026-03-04T17:01:42+07:00,2026-03-04,2026-03-04,,,,,,,MT5,9d864068-d1b1-4015-9897-cdce8cb7ce7b,2026-03-05T06:20:19Z,34e0ae8342c4343438d0d45826a3d4584dee6bd096caba8e527200ce542bbb2e,False
400862814:126194713,118366236,118365242,trade,Sell,GOLD,0.01,,5171.81,,,0.0,0.0,,3.04,,0,,400862814,A_main_trade,USD,2026-03-04T12:01:42+02:00,2026-03-04T12:01:42+02:00,2026-03-04T17:01:42+07:00,2026-03-04T17:01:42+07:00,2026-03-04,2026-03-04,,,,,,,MT5,9d864068-d1b1-4015-9897-cdce8cb7ce7b,2026-03-05T06:20:19Z,6b3ef6ec2270b3ceb7092cf9d67b3b0866c0ad34c5686e343b905dde48299a0f,False
400862814:126194714,118366237,118365306,trade,Sell,GOLD,0.01,,5171.81,,,0.0,0.0,,2.91,,0,,400862814,A_main_trade,USD,2026-03-04T12:01:42+02:00,2026-03-04T12:01:42+02:00,2026-03-04T17:01:42+07:00,2026-03-04T17:01:42+07:00,2026-03-04,2026-03-04,,,,,,,MT5,9d864068-d1b1-4015-9897-cdce8cb7ce7b,2026-03-05T06:20:19Z,17ec74e88f6b13b6cb189f3c1600b78ecd8498361bdc0c330e099ba39e4f48ca,False
400862814:126194715,118366240,118366100,trade,Sell,GOLD,0.01,,5171.81,,,0.0,0.0,,0.88,,0,,400862814,A_main_trade,USD,2026-03-04T12:01:42+02:00,2026-03-04T12:01:42+02:00,2026-03-04T17:01:42+07:00,2026-03-04T17:01:42+07:00,2026-03-04,2026-03-04,,,,,,,MT5,9d864068-d1b1-4015-9897-cdce8cb7ce7b,2026-03-05T06:20:19Z,745274d705eeea71a5b4e99cad8bbdbb06c833330a88b13c0998fb0c602f1acf,False
400862814:126194576,118366100,118366100,trade,Buy,GOLD,0.01,,5170.93,,,0.0,0.0,,0.0,,0,,400862814,A_main_trade,USD,2026-03-04T12:01:31+02:00,2026-03-04T12:01:31+02:00,2026-03-04T17:01:31+07:00,2026-03-04T17:01:31+07:00,2026-03-04,2026-03-04,,,,,,,MT5,9d864068-d1b1-4015-9897-cdce8cb7ce7b,2026-03-05T06:20:19Z,cfcd1190f53f2531aa4ac08c5d026b27bdbddf6769919421f63fb8669797adab,False
400862814:126194563,118366087,118366087,trade,Buy,GOLD,0.01,,5170.18,,,0.0,0.0,,0.0,,0,,400862814,A_main_trade,USD,2026-03-04T12:01:30+02:00,2026-03-04T12:01:30+02:00,2026-03-04T17:01:30+07:00,2026-03-04T17:01:30+07:00,2026-03-04,2026-03-04,,,,,,,MT5,9d864068-d1b1-4015-9897-cdce8cb7ce7b,2026-03-05T06:20:19Z,4c1eba6fa6962071c461867256fed4d8c19a465ee33efaa957d23b38c3eda18b,False
400862814:126194516,118366041,118366041,trade,Buy,GOLD,0.01,,5169.0,,,0.0,0.0,,0.0,,0,,400862814,A_main_trade,USD,2026-03-04T12:01:24+02:00,2026-03-04T12:01:24+02:00,2026-03-04T17:01:24+07:00,2026-03-04T17:01:24+07:00,2026-03-04,2026-03-04,,,,,,,MT5,9d864068-d1b1-4015-9897-cdce8cb7ce7b,2026-03-05T06:20:19Z,2f16953a5494d53ba2f5b2075a341b8269d66887461fbceb051414e631d98f06,False
400862814:126194003,118365546,118365101,trade,Sell,GOLD,0.01,,5167.25,,,0.0,0.0,,-3.48,,0,,400862814,A_main_trade,USD,2026-03-04T12:00:35+02:00,2026-03-04T12:00:35+02:00,2026-03-04T17:00:35+07:00,2026-03-04T17:00:35+07:00,2026-03-04,2026-03-04,,,,,,,MT5,9d864068-d1b1-4015-9897-cdce8cb7ce7b,2026-03-05T06:20:19Z,d848b491d6020c2990318ad39cdbaac0cc801a3d4b766635d7ee9ef6b69209c7,False
400862814:126193988,118365533,118365114,trade,Sell,GOLD,0.01,,5167.28,,,0.0,0.0,,-3.39,,0,,400862814,A_main_trade,USD,2026-03-04T12:00:34+02:00,2026-03-04T12:00:34+02:00,2026-03-04T17:00:34+07:00,2026-03-04T17:00:34+07:00,2026-03-04,2026-03-04,,,,,,,MT5,9d864068-d1b1-4015-9897-cdce8cb7ce7b,2026-03-05T06:20:19Z,70b92753f88bc3745b708d0f295d39e84c83a181a8a59cd680051f72d6c0016f,False
400862814:126193867,118365420,118365420,trade,Buy,GOLD,0.01,,5168.71,,,0.0,0.0,,0.0,,0,,400862814,A_main_trade,USD,2026-03-04T12:00:15+02:00,2026-03-04T12:00:15+02:00,2026-03-04T17:00:15+07:00,2026-03-04T17:00:15+07:00,2026-03-04,2026-03-04,,,,,,,MT5,9d864068-d1b1-4015-9897-cdce8cb7ce7b,2026-03-05T06:20:19Z,7bc7251790c972ed8eb0b7c86a1cd96abe0f24870a674785d328bda93c7b02e3,False
400862814:126193824,118365377,118365377,trade,Buy,GOLD,0.01,,5167.64,,,0.0,0.0,,0.0,,0,,400862814,A_main_trade,USD,2026-03-04T12:00:12+02:00,2026-03-04T12:00:12+02:00,2026-03-04T17:00:12+07:00,2026-03-04T17:00:12+07:00,2026-03-04,2026-03-04,,,,,,,MT5,9d864068-d1b1-4015-9897-cdce8cb7ce7b,2026-03-05T06:20:19Z,90e7dac681a80829d3d067452515e0acedbeb7796dfd6166229ee5ebca727842,False
400862814:126193785,118365341,118365341,trade,Buy,GOLD,0.01,,5167.87,,,0.0,0.0,,0.0,,0,,400862814,A_main_trade,USD,2026-03-04T12:00:10+02:00,2026-03-04T12:00:10+02:00,2026-03-04T17:00:10+07:00,2026-03-04T17:00:10+07:00,2026-03-04,2026-03-04,,,,,,,MT5,9d864068-d1b1-4015-9897-cdce8cb7ce7b,2026-03-05T06:20:19Z,ddbc08802e48c4f3ab11c31462fc1cfbb404678da03598d170abd914560e8fdf,False
400862814:126193744,118365306,118365306,trade,Buy,GOLD,0.01,,5168.9,,,0.0,0.0,,0.0,,0,,400862814,A_main_trade,USD,2026-03-04T12:00:06+02:00,2026-03-04T12:00:06+02:00,2026-03-04T17:00:06+07:00,2026-03-04T17:00:06+07:00,2026-03-04,2026-03-04,,,,,,,MT5,9d864068-d1b1-4015-9897-cdce8cb7ce7b,2026-03-05T06:20:19Z,f76802a2124b49a58f181606436ae677c4f6969f8a2ceae68e9e847d414f78a2,False
400862814:126193675,118365242,118365242,trade,Buy,GOLD,0.01,,5168.77,,,0.0,0.0,,0.0,,0,,400862814,A_main_trade,USD,2026-03-04T12:00:02+02:00,2026-03-04T12:00:02+02:00,2026-03-04T17:00:02+07:00,2026-03-04T17:00:02+07:00,2026-03-04,2026-03-04,,,,,,,MT5,9d864068-d1b1-4015-9897-cdce8cb7ce7b,2026-03-05T06:20:19Z,3c5bd6a5de155e08754f3b8dd67675b5e0da0475176e317f55e6954fff034032,False
400862814:126193539,118365114,118365114,trade,Buy,GOLD,0.01,,5170.67,,,0.0,0.0,,0.0,,0,,400862814,A_main_trade,USD,2026-03-04T11:59:40+02:00,2026-03-04T11:59:40+02:00,2026-03-04T16:59:40+07:00,2026-03-04T16:59:40+07:00,2026-03-04,2026-03-04,,,,,,,MT5,9d864068-d1b1-4015-9897-cdce8cb7ce7b,2026-03-05T06:20:19Z,d20c0d21dc822515695d796c1a515011cd6d55e3e1e3877a1bb2db9bef83c6df,False
400862814:126193526,118365101,118365101,trade,Buy,GOLD,0.01,,5170.73,,,0.0,0.0,,0.0,,0,,400862814,A_main_trade,USD,2026-03-04T11:59:36+02:00,2026-03-04T11:59:36+02:00,2026-03-04T16:59:36+07:00,2026-03-04T16:59:36+07:00,2026-03-04,2026-03-04,,,,,,,MT5,9d864068-d1b1-4015-9897-cdce8cb7ce7b,2026-03-05T06:20:19Z,ec9258a9e01453409e452f15fd10c24b4727469fa70f995f1b8b7560d297bbe5,False
400862814:126188827,118360624,118358343,trade,Sell,GOLD,0.01,,5173.9,,,0.0,0.0,,7.5600000000000005,,0,,400862814,A_main_trade,USD,2026-03-04T11:47:53+02:00,2026-03-04T11:47:53+02:00,2026-03-04T16:47:53+07:00,2026-03-04T16:47:53+07:00,2026-03-04,2026-03-04,,,,,,,MT5,9d864068-d1b1-4015-9897-cdce8cb7ce7b,2026-03-05T06:20:19Z,5c2491100c100a93210f2f33c5ed2ec5c605d210e97a295c528e1bc8b6db3e19,False
400862814:126187609,118359505,118358682,trade,Sell,GOLD,0.01,,5171.47,,,0.0,0.0,,6.22,,0,,400862814,A_main_trade,USD,2026-03-04T11:46:16+02:00,2026-03-04T11:46:16+02:00,2026-03-04T16:46:16+07:00,2026-03-04T16:46:16+07:00,2026-03-04,2026-03-04,,,,,,,MT5,9d864068-d1b1-4015-9897-cdce8cb7ce7b,2026-03-05T06:20:19Z,38085995efbc6dd14d87ec7c6e60e5b6bcdd4ce01c41e561b1c46f980f326706,False
400862814:126187605,118359501,118358351,trade,Sell,GOLD,0.01,,5171.41,,,0.0,0.0,,5.11,,0,,400862814,A_main_trade,USD,2026-03-04T11:46:15+02:00,2026-03-04T11:46:15+02:00,2026-03-04T16:46:15+07:00,2026-03-04T16:46:15+07:00,2026-03-04,2026-03-04,,,,,,,MT5,9d864068-d1b1-4015-9897-cdce8cb7ce7b,2026-03-05T06:20:19Z,c6f934c289bdfda2ea2902a19754ab1b0f54c723b1299b0e1192683cd6543294,False
400862814:126187587,118359484,118357025,trade,Sell,GOLD,0.01,,5171.42,,,0.0,0.0,,0.88,,0,,400862814,A_main_trade,USD,2026-03-04T11:46:13+02:00,2026-03-04T11:46:13+02:00,2026-03-04T16:46:13+07:00,2026-03-04T16:46:13+07:00,2026-03-04,2026-03-04,,,,,,,MT5,9d864068-d1b1-4015-9897-cdce8cb7ce7b,2026-03-05T06:20:19Z,847213ce14073b2f22e6f733d27fee54e5b1098fb1b1c2faf5f8476e3954d103,False
400862814:126187545,118359450,118357116,trade,Sell,GOLD,0.01,,5171.46,,,0.0,0.0,,0.91,[tp 5171.22],0,,400862814,A_main_trade,USD,2026-03-04T11:46:10+02:00,2026-03-04T11:46:10+02:00,2026-03-04T16:46:10+07:00,2026-03-04T16:46:10+07:00,2026-03-04,2026-03-04,,,,,,,MT5,9d864068-d1b1-4015-9897-cdce8cb7ce7b,2026-03-05T06:20:19Z,08eed024cac25dc11e7118174c8a381a979b0a9f80191a2d1f572bcf69bd1734,False
400862814:126187083,118359025,118357018,trade,Sell,GOLD,0.01,,5170.14,,,0.0,0.0,,-0.58,,0,,400862814,A_main_trade,USD,2026-03-04T11:44:39+02:00,2026-03-04T11:44:39+02:00,2026-03-04T16:44:39+07:00,2026-03-04T16:44:39+07:00,2026-03-04,2026-03-04,,,,,,,MT5,9d864068-d1b1-4015-9897-cdce8cb7ce7b,2026-03-05T06:20:19Z,e6b5ec3d32bf5b632bde15402b32ff44e9f8e83886ca64ffdc6e3e2a014a2e60,False
400862814:126187007,118358951,118357251,trade,Sell,GOLD,0.01,,5170.43,,,0.0,0.0,,0.3,,0,,400862814,A_main_trade,USD,2026-03-04T11:44:34+02:00,2026-03-04T11:44:34+02:00,2026-03-04T16:44:34+07:00,2026-03-04T16:44:34+07:00,2026-03-04,2026-03-04,,,,,,,MT5,9d864068-d1b1-4015-9897-cdce8cb7ce7b,2026-03-05T06:20:19Z,bce86c8eb92c950026aebf525947b09fc1779472ea8b625989578b968e4fccba,False
400862814:126186710,118358682,118358682,trade,Buy,GOLD,0.01,,5165.25,,,0.0,0.0,,0.0,,0,,400862814,A_main_trade,USD,2026-03-04T11:44:15+02:00,2026-03-04T11:44:15+02:00,2026-03-04T16:44:15+07:00,2026-03-04T16:44:15+07:00,2026-03-04,2026-03-04,,,,,,,MT5,9d864068-d1b1-4015-9897-cdce8cb7ce7b,2026-03-05T06:20:19Z,162825b75ae36323de9022799767230a3550ea0287c5558a91e7c1eba502455e,False
400862814:126186377,118358351,118358351,trade,Buy,GOLD,0.01,,5166.3,,,0.0,0.0,,0.0,,0,,400862814,A_main_trade,USD,2026-03-04T11:44:04+02:00,2026-03-04T11:44:04+02:00,2026-03-04T16:44:04+07:00,2026-03-04T16:44:04+07:00,2026-03-04,2026-03-04,,,,,,,MT5,9d864068-d1b1-4015-9897-cdce8cb7ce7b,2026-03-05T06:20:19Z,8f4a4eb0e19cd90904504d18c7185fc06e01549d765a13b67c9802d80b96a78d,False
400862814:126186367,118358343,118358343,trade,Buy,GOLD,0.01,,5166.34,,,0.0,0.0,,0.0,,0,,400862814,A_main_trade,USD,2026-03-04T11:44:03+02:00,2026-03-04T11:44:03+02:00,2026-03-04T16:44:03+07:00,2026-03-04T16:44:03+07:00,2026-03-04,2026-03-04,,,,,,,MT5,9d864068-d1b1-4015-9897-cdce8cb7ce7b,2026-03-05T06:20:19Z,2a18691968e4205094435d3ef77ff2da66c1c642d20427cbb4a063303718cbad,False
400862814:126185239,118357251,118357251,trade,Buy,GOLD,0.01,,5170.13,,,0.0,0.0,,0.0,,0,,400862814,A_main_trade,USD,2026-03-04T11:41:36+02:00,2026-03-04T11:41:36+02:00,2026-03-04T16:41:36+07:00,2026-03-04T16:41:36+07:00,2026-03-04,2026-03-04,,,,,,,MT5,9d864068-d1b1-4015-9897-cdce8cb7ce7b,2026-03-05T06:20:19Z,cf0177aca41afb4c28fd273c3941b561d8139456209e6efefdda7a5857014fe4,False
400862814:126185097,118357116,118357116,trade,Buy,GOLD,0.01,,5170.55,,,0.0,0.0,,0.0,,0,,400862814,A_main_trade,USD,2026-03-04T11:41:12+02:00,2026-03-04T11:41:12+02:00,2026-03-04T16:41:12+07:00,2026-03-04T16:41:12+07:00,2026-03-04,2026-03-04,,,,,,,MT5,9d864068-d1b1-4015-9897-cdce8cb7ce7b,2026-03-05T06:20:19Z,bf65226b3342bb6b77b427ebf5b5d69098b24ef7a0ac22bc125a2b15b3340b52,False
400862814:126184984,118357025,118357025,trade,Buy,GOLD,0.01,,5170.54,,,0.0,0.0,,0.0,,0,,400862814,A_main_trade,USD,2026-03-04T11:40:59+02:00,2026-03-04T11:40:59+02:00,2026-03-04T16:40:59+07:00,2026-03-04T16:40:59+07:00,2026-03-04,2026-03-04,,,,,,,MT5,9d864068-d1b1-4015-9897-cdce8cb7ce7b,2026-03-05T06:20:19Z,8d57b5e09e8c969f39f810910ade51b0b09d9019adc162c72db90946aaca0aed,False
400862814:126184975,118357018,118357018,trade,Buy,GOLD,0.01,,5170.72,,,0.0,0.0,,0.0,,0,,400862814,A_main_trade,USD,2026-03-04T11:40:58+02:00,2026-03-04T11:40:58+02:00,2026-03-04T16:40:58+07:00,2026-03-04T16:40:58+07:00,2026-03-04,2026-03-04,,,,,,,MT5,9d864068-d1b1-4015-9897-cdce8cb7ce7b,2026-03-05T06:20:19Z,15512ccf65c912bb6ad69a1f948b53b12884bb7a7d894da8ab2c34e665105da1,False
400862814:126183856,118355944,118355605,trade,Sell,GOLD,0.01,,5172.0,,,0.0,0.0,,3.66,,0,,400862814,A_main_trade,USD,2026-03-04T11:38:34+02:00,2026-03-04T11:38:34+02:00,2026-03-04T16:38:34+07:00,2026-03-04T16:38:34+07:00,2026-03-04,2026-03-04,,,,,,,MT5,9d864068-d1b1-4015-9897-cdce8cb7ce7b,2026-03-05T06:20:19Z,4e60fe860255f3a886f59d86c9dd648e785a7591fd07b712a10c41b4b57b2fa6,False
400862814:126183869,118355955,118355597,trade,Sell,GOLD,0.01,,5171.97,,,0.0,0.0,,3.56,,0,,400862814,A_main_trade,USD,2026-03-04T11:38:34+02:00,2026-03-04T11:38:34+02:00,2026-03-04T16:38:34+07:00,2026-03-04T16:38:34+07:00,2026-03-04,2026-03-04,,,,,,,MT5,9d864068-d1b1-4015-9897-cdce8cb7ce7b,2026-03-05T06:20:19Z,22a45c2eb7a07099e0046d46446bb2048335d05ad19064d5ad518dd269fc73cc,False
400862814:126183832,118355920,118355621,trade,Sell,GOLD,0.01,,5171.83,,,0.0,0.0,,3.63,,0,,400862814,A_main_trade,USD,2026-03-04T11:38:33+02:00,2026-03-04T11:38:33+02:00,2026-03-04T16:38:33+07:00,2026-03-04T16:38:33+07:00,2026-03-04,2026-03-04,,,,,,,MT5,9d864068-d1b1-4015-9897-cdce8cb7ce7b,2026-03-05T06:20:19Z,ab9a020fc62d1c124c6d05261ba23f740c257d5354e8008c8911ecd624deb012,False
400862814:126183508,118355621,118355621,trade,Buy,GOLD,0.01,,5168.2,,,0.0,0.0,,0.0,,0,,400862814,A_main_trade,USD,2026-03-04T11:37:50+02:00,2026-03-04T11:37:50+02:00,2026-03-04T16:37:50+07:00,2026-03-04T16:37:50+07:00,2026-03-04,2026-03-04,,,,,,,MT5,9d864068-d1b1-4015-9897-cdce8cb7ce7b,2026-03-05T06:20:19Z,772378c7ea554c6c68a5181a147ecd3f41e71c3b8595334e63afd0fb387fa864,False
400862814:126183495,118355605,118355605,trade,Buy,GOLD,0.01,,5168.34,,,0.0,0.0,,0.0,,0,,400862814,A_main_trade,USD,2026-03-04T11:37:47+02:00,2026-03-04T11:37:47+02:00,2026-03-04T16:37:47+07:00,2026-03-04T16:37:47+07:00,2026-03-04,2026-03-04,,,,,,,MT5,9d864068-d1b1-4015-9897-cdce8cb7ce7b,2026-03-05T06:20:19Z,764e0ce2ae781c618264af963761047b35cc74717479f5e66d2fe84354feec09,False
400862814:126183486,118355597,118355597,trade,Buy,GOLD,0.01,,5168.41,,,0.0,0.0,,0.0,,0,,400862814,A_main_trade,USD,2026-03-04T11:37:45+02:00,2026-03-04T11:37:45+02:00,2026-03-04T16:37:45+07:00,2026-03-04T16:37:45+07:00,2026-03-04,2026-03-04,,,,,,,MT5,9d864068-d1b1-4015-9897-cdce8cb7ce7b,2026-03-05T06:20:19Z,6c4d05f3d54c7f9bdb1ca977223b04a3bd7194009b06a85be1502cf0faa98d77,False
400862814:126125977,118302297,118300540,trade,Sell,GOLD,0.01,,5140.35,,,0.0,0.0,,3.33,,0,,400862814,A_main_trade,USD,2026-03-04T10:09:38+02:00,2026-03-04T10:09:38+02:00,2026-03-04T15:09:38+07:00,2026-03-04T15:09:38+07:00,2026-03-04,2026-03-04,,,,,,,MT5,9d864068-d1b1-4015-9897-cdce8cb7ce7b,2026-03-05T06:20:19Z,fc3237cae0bff669e26c10c42a93d1c29b6228d752ccde1564468d6325f08aa5,False
400862814:126125971,118302291,118300548,trade,Sell,GOLD,0.01,,5140.37,,,0.0,0.0,,2.44,,0,,400862814,A_main_trade,USD,2026-03-04T10:09:37+02:00,2026-03-04T10:09:37+02:00,2026-03-04T15:09:37+07:00,2026-03-04T15:09:37+07:00,2026-03-04,2026-03-04,,,,,,,MT5,9d864068-d1b1-4015-9897-cdce8cb7ce7b,2026-03-05T06:20:19Z,6b6c0d68d58701a58ee01fd2eb838c8d6af8d5789a1cd4e85d041c9ba4978a3d,False
400862814:126125956,118302275,118300669,trade,Sell,GOLD,0.01,,5140.36,,,0.0,0.0,,1.83,,0,,400862814,A_main_trade,USD,2026-03-04T10:09:36+02:00,2026-03-04T10:09:36+02:00,2026-03-04T15:09:36+07:00,2026-03-04T15:09:36+07:00,2026-03-04,2026-03-04,,,,,,,MT5,9d864068-d1b1-4015-9897-cdce8cb7ce7b,2026-03-05T06:20:19Z,ee8d43966ba2435dc4ce3ee19387b787bea5628d1749b06bb07bbd7c7cf048d6,False
400862814:126125967,118302287,118300589,trade,Sell,GOLD,0.01,,5140.38,,,0.0,0.0,,2.18,,0,,400862814,A_main_trade,USD,2026-03-04T10:09:36+02:00,2026-03-04T10:09:36+02:00,2026-03-04T15:09:36+07:00,2026-03-04T15:09:36+07:00,2026-03-04,2026-03-04,,,,,,,MT5,9d864068-d1b1-4015-9897-cdce8cb7ce7b,2026-03-05T06:20:19Z,f85952f164bf16fb13f0e9bfb55dd1b573417d27a46c68be7041e4853fa5964d,False
400862814:126125947,118302266,118300739,trade,Sell,GOLD,0.01,,5140.37,,,0.0,0.0,,1.5,,0,,400862814,A_main_trade,USD,2026-03-04T10:09:35+02:00,2026-03-04T10:09:35+02:00,2026-03-04T15:09:35+07:00,2026-03-04T15:09:35+07:00,2026-03-04,2026-03-04,,,,,,,MT5,9d864068-d1b1-4015-9897-cdce8cb7ce7b,2026-03-05T06:20:19Z,d484f58fc6c9093338af93b59372fc337527fec452a7bfec91c9873947f09b98,False
400862814:126124295,118300739,118300739,trade,Buy,GOLD,0.01,,5138.87,,,0.0,0.0,,0.0,,0,,400862814,A_main_trade,USD,2026-03-04T10:07:53+02:00,2026-03-04T10:07:53+02:00,2026-03-04T15:07:53+07:00,2026-03-04T15:07:53+07:00,2026-03-04,2026-03-04,,,,,,,MT5,9d864068-d1b1-4015-9897-cdce8cb7ce7b,2026-03-05T06:20:19Z,6d65b16f91cdb6ecb3f93986afbe58c6a7998989ec407f2201af2ddd4953d171,False
400862814:126124214,118300669,118300669,trade,Buy,GOLD,0.01,,5138.53,,,0.0,0.0,,0.0,,0,,400862814,A_main_trade,USD,2026-03-04T10:07:47+02:00,2026-03-04T10:07:47+02:00,2026-03-04T15:07:47+07:00,2026-03-04T15:07:47+07:00,2026-03-04,2026-03-04,,,,,,,MT5,9d864068-d1b1-4015-9897-cdce8cb7ce7b,2026-03-05T06:20:19Z,c49c209b26529d82147f7e42ef75e389c8b379b764b6941ba2d9e33d8275f888,False
400862814:126124110,118300589,118300589,trade,Buy,GOLD,0.01,,5138.2,,,0.0,0.0,,0.0,,0,,400862814,A_main_trade,USD,2026-03-04T10:07:42+02:00,2026-03-04T10:07:42+02:00,2026-03-04T15:07:42+07:00,2026-03-04T15:07:42+07:00,2026-03-04,2026-03-04,,,,,,,MT5,9d864068-d1b1-4015-9897-cdce8cb7ce7b,2026-03-05T06:20:19Z,297c42a1e84a61b3ce3a0eefc6826e0a27f92e580017b2f888890ba54291dc5d,False
400862814:126124064,118300548,118300548,trade,Buy,GOLD,0.01,,5137.93,,,0.0,0.0,,0.0,,0,,400862814,A_main_trade,USD,2026-03-04T10:07:41+02:00,2026-03-04T10:07:41+02:00,2026-03-04T15:07:41+07:00,2026-03-04T15:07:41+07:00,2026-03-04,2026-03-04,,,,,,,MT5,9d864068-d1b1-4015-9897-cdce8cb7ce7b,2026-03-05T06:20:19Z,4b320ac4b28de6bd151f94f03d11b920bc4189471417d6e215d1bdda42696554,False
400862814:126124052,118300540,118300540,trade,Buy,GOLD,0.01,,5137.02,,,0.0,0.0,,0.0,,0,,400862814,A_main_trade,USD,2026-03-04T10:07:39+02:00,2026-03-04T10:07:39+02:00,2026-03-04T15:07:39+07:00,2026-03-04T15:07:39+07:00,2026-03-04,2026-03-04,,,,,,,MT5,9d864068-d1b1-4015-9897-cdce8cb7ce7b,2026-03-05T06:20:19Z,d90c647fd54ab6d2241e141d4174af29bc2df6c8fcb91235fb7349ecd9cc4c86,False
400862814:126113565,118291502,118290755,trade,Sell,GOLD,0.01,,5151.14,,,0.0,0.0,,-3.61,,0,,400862814,A_main_trade,USD,2026-03-04T10:01:25+02:00,2026-03-04T10:01:25+02:00,2026-03-04T15:01:25+07:00,2026-03-04T15:01:25+07:00,2026-03-04,2026-03-04,,,,,,,MT5,9d864068-d1b1-4015-9897-cdce8cb7ce7b,2026-03-05T06:20:19Z,3b3bb698374242dbff093b57b1c5520912e4d84c6c9994fb714272a99b54a7d2,False
400862814:126113539,118291478,118290819,trade,Sell,GOLD,0.01,,5151.31,,,0.0,0.0,,-4.28,,0,,400862814,A_main_trade,USD,2026-03-04T10:01:24+02:00,2026-03-04T10:01:24+02:00,2026-03-04T15:01:24+07:00,2026-03-04T15:01:24+07:00,2026-03-04,2026-03-04,,,,,,,MT5,9d864068-d1b1-4015-9897-cdce8cb7ce7b,2026-03-05T06:20:19Z,13c0c34cf8ac648267a5f25e41d19273ebf648fc6c47826fb9c17386c59f6d66,False
400862814:126113542,118291481,118290782,trade,Sell,GOLD,0.01,,5151.31,,,0.0,0.0,,-3.9,,0,,400862814,A_main_trade,USD,2026-03-04T10:01:24+02:00,2026-03-04T10:01:24+02:00,2026-03-04T15:01:24+07:00,2026-03-04T15:01:24+07:00,2026-03-04,2026-03-04,,,,,,,MT5,9d864068-d1b1-4015-9897-cdce8cb7ce7b,2026-03-05T06:20:19Z,44924c9bb4952e95a8d68db5f321a1028b90b03a592d345fe7b9df5db548145e,False
400862814:126113272,118291243,118290198,trade,Sell,GOLD,0.01,,5152.53,,,0.0,0.0,,-4.09,,0,,400862814,A_main_trade,USD,2026-03-04T10:01:17+02:00,2026-03-04T10:01:17+02:00,2026-03-04T15:01:17+07:00,2026-03-04T15:01:17+07:00,2026-03-04,2026-03-04,,,,,,,MT5,9d864068-d1b1-4015-9897-cdce8cb7ce7b,2026-03-05T06:20:19Z,a890cbfbd965b854abdb2b97d6a6d6e67cce1422e320bfcdb0531c2cfa128bc7,False
400862814:126113228,118291198,118290339,trade,Sell,GOLD,0.01,,5151.95,,,0.0,0.0,,-5.16,,0,,400862814,A_main_trade,USD,2026-03-04T10:01:16+02:00,2026-03-04T10:01:16+02:00,2026-03-04T15:01:16+07:00,2026-03-04T15:01:16+07:00,2026-03-04,2026-03-04,,,,,,,MT5,9d864068-d1b1-4015-9897-cdce8cb7ce7b,2026-03-05T06:20:19Z,70a0072d9d7890eb7a82685fca5767b932c96504cdd2b68b42baeabdc469bc1e,False
400862814:126112814,118290819,118290819,trade,Buy,GOLD,0.01,,5155.59,,,0.0,0.0,,0.0,,0,,400862814,A_main_trade,USD,2026-03-04T10:01:00+02:00,2026-03-04T10:01:00+02:00,2026-03-04T15:01:00+07:00,2026-03-04T15:01:00+07:00,2026-03-04,2026-03-04,,,,,,,MT5,9d864068-d1b1-4015-9897-cdce8cb7ce7b,2026-03-05T06:20:19Z,ac0e496d63fb29f429aa1c75e9b726bf37a5474ca421270caff3a5c80222d000,False
400862814:126112777,118290782,118290782,trade,Buy,GOLD,0.01,,5155.21,,,0.0,0.0,,0.0,,0,,400862814,A_main_trade,USD,2026-03-04T10:00:58+02:00,2026-03-04T10:00:58+02:00,2026-03-04T15:00:58+07:00,2026-03-04T15:00:58+07:00,2026-03-04,2026-03-04,,,,,,,MT5,9d864068-d1b1-4015-9897-cdce8cb7ce7b,2026-03-05T06:20:19Z,754c24aff02797cb08729f6d9810ce23e2c19fab5d535cc79fdf8afc8ff2e7a7,False
400862814:126112750,118290755,118290755,trade,Buy,GOLD,0.01,,5154.75,,,0.0,0.0,,0.0,,0,,400862814,A_main_trade,USD,2026-03-04T10:00:56+02:00,2026-03-04T10:00:56+02:00,2026-03-04T15:00:56+07:00,2026-03-04T15:00:56+07:00,2026-03-04,2026-03-04,,,,,,,MT5,9d864068-d1b1-4015-9897-cdce8cb7ce7b,2026-03-05T06:20:19Z,5223acc58c1b6816b08caaccb7a9e158c60b3e0b93271e6f1077014b27da79b9,False
400862814:126112622,118290628,118289067,trade,Sell,GOLD,0.01,,5153.86,,,0.0,0.0,,-6.66,,0,,400862814,A_main_trade,USD,2026-03-04T10:00:48+02:00,2026-03-04T10:00:48+02:00,2026-03-04T15:00:48+07:00,2026-03-04T15:00:48+07:00,2026-03-04,2026-03-04,,,,,,,MT5,9d864068-d1b1-4015-9897-cdce8cb7ce7b,2026-03-05T06:20:19Z,ae1f25050e1c32e630e397b52bc456ec651421dd0d38fcd272a6c2821ac36539,False
400862814:126112306,118290339,118290339,trade,Buy,GOLD,0.01,,5157.11,,,0.0,0.0,,0.0,,0,,400862814,A_main_trade,USD,2026-03-04T10:00:32+02:00,2026-03-04T10:00:32+02:00,2026-03-04T15:00:32+07:00,2026-03-04T15:00:32+07:00,2026-03-04,2026-03-04,,,,,,,MT5,9d864068-d1b1-4015-9897-cdce8cb7ce7b,2026-03-05T06:20:19Z,5edde83fecddf0b11e2bc20e1d5f44ac38c1988f723d616fed481acb498808c3,False
400862814:126112168,118290198,118290198,trade,Buy,GOLD,0.01,,5156.62,,,0.0,0.0,,0.0,,0,,400862814,A_main_trade,USD,2026-03-04T10:00:26+02:00,2026-03-04T10:00:26+02:00,2026-03-04T15:00:26+07:00,2026-03-04T15:00:26+07:00,2026-03-04,2026-03-04,,,,,,,MT5,9d864068-d1b1-4015-9897-cdce8cb7ce7b,2026-03-05T06:20:19Z,9150b8431c209f0e2d55bf3d151d1d6d00cab10dfba98cc604adc19e16b6999f,False
400862814:126111566,118289616,118289128,trade,Sell,GOLD,0.01,,5161.76,,,0.0,0.0,,1.37,,0,,400862814,A_main_trade,USD,2026-03-04T09:59:30+02:00,2026-03-04T09:59:30+02:00,2026-03-04T14:59:30+07:00,2026-03-04T14:59:30+07:00,2026-03-04,2026-03-04,,,,,,,MT5,9d864068-d1b1-4015-9897-cdce8cb7ce7b,2026-03-05T06:20:19Z,df4c17ee72deea2b6305b39d37cf0723fb24c913a46aec5b90e843483b1d2aa8,False
400862814:126111556,118289605,118289154,trade,Sell,GOLD,0.01,,5161.81,,,0.0,0.0,,1.3900000000000001,,0,,400862814,A_main_trade,USD,2026-03-04T09:59:29+02:00,2026-03-04T09:59:29+02:00,2026-03-04T14:59:29+07:00,2026-03-04T14:59:29+07:00,2026-03-04,2026-03-04,,,,,,,MT5,9d864068-d1b1-4015-9897-cdce8cb7ce7b,2026-03-05T06:20:19Z,6ff60cf3b58496c90baa5a39ead1c156eb66fe0b6bd1de32717f8dcc69e450c7,False
400862814:126111432,118289482,118289009,trade,Sell,GOLD,0.01,,5162.16,,,0.0,0.0,,0.91,,0,,400862814,A_main_trade,USD,2026-03-04T09:59:24+02:00,2026-03-04T09:59:24+02:00,2026-03-04T14:59:24+07:00,2026-03-04T14:59:24+07:00,2026-03-04,2026-03-04,,,,,,,MT5,9d864068-d1b1-4015-9897-cdce8cb7ce7b,2026-03-05T06:20:19Z,4898ef3350419e942e429031513e2ed1166c277f8d4d57d4d097953bd987844b,False
400862814:126111410,118289460,118289021,trade,Sell,GOLD,0.01,,5162.17,,,0.0,0.0,,0.97,,0,,400862814,A_main_trade,USD,2026-03-04T09:59:23+02:00,2026-03-04T09:59:23+02:00,2026-03-04T14:59:23+07:00,2026-03-04T14:59:23+07:00,2026-03-04,2026-03-04,,,,,,,MT5,9d864068-d1b1-4015-9897-cdce8cb7ce7b,2026-03-05T06:20:19Z,4749a41226cbf55222854db2dfa48ad64185c5c7b3df27b4e4b9479716dd58db,False
400862814:126111088,118289154,118289154,trade,Buy,GOLD,0.01,,5160.42,,,0.0,0.0,,0.0,,0,,400862814,A_main_trade,USD,2026-03-04T09:58:27+02:00,2026-03-04T09:58:27+02:00,2026-03-04T14:58:27+07:00,2026-03-04T14:58:27+07:00,2026-03-04,2026-03-04,,,,,,,MT5,9d864068-d1b1-4015-9897-cdce8cb7ce7b,2026-03-05T06:20:19Z,5c73e9fd47ca05a560e56d706bc6e2c9f2be5595414375e19ef1ed0e6fd05f85,False
400862814:126111063,118289128,118289128,trade,Buy,GOLD,0.01,,5160.39,,,0.0,0.0,,0.0,,0,,400862814,A_main_trade,USD,2026-03-04T09:58:25+02:00,2026-03-04T09:58:25+02:00,2026-03-04T14:58:25+07:00,2026-03-04T14:58:25+07:00,2026-03-04,2026-03-04,,,,,,,MT5,9d864068-d1b1-4015-9897-cdce8cb7ce7b,2026-03-05T06:20:19Z,7ee46a91f5cf5559e53bbb6a2da11246b6deaed727c508488a1918dbfb1862e4,False
400862814:126111002,118289067,118289067,trade,Buy,GOLD,0.01,,5160.52,,,0.0,0.0,,0.0,,0,,400862814,A_main_trade,USD,2026-03-04T09:58:17+02:00,2026-03-04T09:58:17+02:00,2026-03-04T14:58:17+07:00,2026-03-04T14:58:17+07:00,2026-03-04,2026-03-04,,,,,,,MT5,9d864068-d1b1-4015-9897-cdce8cb7ce7b,2026-03-05T06:20:19Z,14598baccf1fcb6e00198771a14cd0c791da18c8b04616e742fe94e595c3c1ef,False
400862814:126110955,118289021,118289021,trade,Buy,GOLD,0.01,,5161.2,,,0.0,0.0,,0.0,,0,,400862814,A_main_trade,USD,2026-03-04T09:58:12+02:00,2026-03-04T09:58:12+02:00,2026-03-04T14:58:12+07:00,2026-03-04T14:58:12+07:00,2026-03-04,2026-03-04,,,,,,,MT5,9d864068-d1b1-4015-9897-cdce8cb7ce7b,2026-03-05T06:20:19Z,f5cba235bd6762726ccaa43615daed7e1ed91b806a31f8465bf44c458938cbe3,False
400862814:126110942,118289009,118289009,trade,Buy,GOLD,0.01,,5161.25,,,0.0,0.0,,0.0,,0,,400862814,A_main_trade,USD,2026-03-04T09:58:11+02:00,2026-03-04T09:58:11+02:00,2026-03-04T14:58:11+07:00,2026-03-04T14:58:11+07:00,2026-03-04,2026-03-04,,,,,,,MT5,9d864068-d1b1-4015-9897-cdce8cb7ce7b,2026-03-05T06:20:19Z,6cfe379c6f292235b36c6be76eb29701e0797a706b5418bbdfc25591c586a1c1,False
400862814:126110234,118288336,118279724,trade,Sell,GOLD,0.01,,5155.74,,,0.0,0.0,,-1.17,,0,,400862814,A_main_trade,USD,2026-03-04T09:57:27+02:00,2026-03-04T09:57:27+02:00,2026-03-04T14:57:27+07:00,2026-03-04T14:57:27+07:00,2026-03-04,2026-03-04,,,,,,,MT5,9d864068-d1b1-4015-9897-cdce8cb7ce7b,2026-03-05T06:20:19Z,8b357779a347274db822d87499452943762aa2401911decd8f7e06a0bb94ccfd,False
400862814:126110205,118288310,118281003,trade,Sell,GOLD,0.01,,5155.68,,,0.0,0.0,,-0.94,,0,,400862814,A_main_trade,USD,2026-03-04T09:57:25+02:00,2026-03-04T09:57:25+02:00,2026-03-04T14:57:25+07:00,2026-03-04T14:57:25+07:00,2026-03-04,2026-03-04,,,,,,,MT5,9d864068-d1b1-4015-9897-cdce8cb7ce7b,2026-03-05T06:20:19Z,b1615d8413aadbde78b8b0d833ce33dae9a735b70ac7e734724cc3a5611d5c5d,False
400862814:126110154,118288266,118287525,trade,Sell,GOLD,0.01,,5155.29,,,0.0,0.0,,-1.6600000000000001,,0,,400862814,A_main_trade,USD,2026-03-04T09:57:21+02:00,2026-03-04T09:57:21+02:00,2026-03-04T14:57:21+07:00,2026-03-04T14:57:21+07:00,2026-03-04,2026-03-04,,,,,,,MT5,9d864068-d1b1-4015-9897-cdce8cb7ce7b,2026-03-05T06:20:19Z,aba47384494afd3909b77f6c98d0f5d43ce80520fdf5d0ed332f0e7f539c4701,False
400862814:126109582,118287754,118285469,trade,Sell,GOLD,0.01,,5155.52,,,0.0,0.0,,-7.31,,0,,400862814,A_main_trade,USD,2026-03-04T09:56:09+02:00,2026-03-04T09:56:09+02:00,2026-03-04T14:56:09+07:00,2026-03-04T14:56:09+07:00,2026-03-04,2026-03-04,,,,,,,MT5,9d864068-d1b1-4015-9897-cdce8cb7ce7b,2026-03-05T06:20:19Z,b0a775f9929837efb1dfe41b90def26875a3057e11e21292f85495e245527c1c,False
400862814:126109576,118287749,118285476,trade,Sell,GOLD,0.01,,5155.55,,,0.0,0.0,,-7.35,,0,,400862814,A_main_trade,USD,2026-03-04T09:56:08+02:00,2026-03-04T09:56:08+02:00,2026-03-04T14:56:08+07:00,2026-03-04T14:56:08+07:00,2026-03-04,2026-03-04,,,,,,,MT5,9d864068-d1b1-4015-9897-cdce8cb7ce7b,2026-03-05T06:20:19Z,ec86c47be4b488f3d02661c136ac7002406413e5ddf96892228785a36acf0cb3,False
400862814:126109343,118287525,118287525,trade,Buy,GOLD,0.01,,5156.95,,,0.0,0.0,,0.0,,0,,400862814,A_main_trade,USD,2026-03-04T09:55:47+02:00,2026-03-04T09:55:47+02:00,2026-03-04T14:55:47+07:00,2026-03-04T14:55:47+07:00,2026-03-04,2026-03-04,,,,,,,MT5,9d864068-d1b1-4015-9897-cdce8cb7ce7b,2026-03-05T06:20:19Z,8965bbf3b825a9501066078a81089078e299b043cb657b9fc793c5161544c6ae,False
400862814:126109316,118287497,118280967,trade,Sell,GOLD,0.01,,5156.36,,,0.0,0.0,,-0.6,,0,,400862814,A_main_trade,USD,2026-03-04T09:55:43+02:00,2026-03-04T09:55:43+02:00,2026-03-04T14:55:43+07:00,2026-03-04T14:55:43+07:00,2026-03-04,2026-03-04,,,,,,,MT5,9d864068-d1b1-4015-9897-cdce8cb7ce7b,2026-03-05T06:20:19Z,3dae114179bf9ec78ebb8279b8a4b907a405a70c66cd8c74317f66dee342567e,False
400862814:126107467,118285806,118285060,trade,Sell,GOLD,0.01,,5164.41,,,0.0,0.0,,0.46,,0,,400862814,A_main_trade,USD,2026-03-04T09:53:37+02:00,2026-03-04T09:53:37+02:00,2026-03-04T14:53:37+07:00,2026-03-04T14:53:37+07:00,2026-03-04,2026-03-04,,,,,,,MT5,9d864068-d1b1-4015-9897-cdce8cb7ce7b,2026-03-05T06:20:19Z,5e63e5fa21f4cd3eb3a3c9a18c2c0d12bbf529e2dbcc2a378b64302e65247ee3,False
400862814:126107453,118285791,118284758,trade,Sell,GOLD,0.01,,5165.12,,,0.0,0.0,,0.39,,0,,400862814,A_main_trade,USD,2026-03-04T09:53:34+02:00,2026-03-04T09:53:34+02:00,2026-03-04T14:53:34+07:00,2026-03-04T14:53:34+07:00,2026-03-04,2026-03-04,,,,,,,MT5,9d864068-d1b1-4015-9897-cdce8cb7ce7b,2026-03-05T06:20:19Z,3c721249b34e313c97f844c88103ca2dd91bd0360d8f48f269590bb648fb06e5,False
400862814:126107377,118285714,118284766,trade,Sell,GOLD,0.01,,5165.57,,,0.0,0.0,,0.57,,0,,400862814,A_main_trade,USD,2026-03-04T09:53:25+02:00,2026-03-04T09:53:25+02:00,2026-03-04T14:53:25+07:00,2026-03-04T14:53:25+07:00,2026-03-04,2026-03-04,,,,,,,MT5,9d864068-d1b1-4015-9897-cdce8cb7ce7b,2026-03-05T06:20:19Z,54bb782f66ab8bab9dcdc00ad8d2dc2d64e536b28d6f732ecc381d322991a7e4,False
400862814:126107349,118285685,118284961,trade,Sell,GOLD,0.01,,5165.61,,,0.0,0.0,,0.7,,0,,400862814,A_main_trade,USD,2026-03-04T09:53:24+02:00,2026-03-04T09:53:24+02:00,2026-03-04T14:53:24+07:00,2026-03-04T14:53:24+07:00,2026-03-04,2026-03-04,,,,,,,MT5,9d864068-d1b1-4015-9897-cdce8cb7ce7b,2026-03-05T06:20:19Z,de3130c54ccb2cd9d90c5cf90fa657cdded5f748500843968de21d8cab726c3e,False
400862814:126107129,118285476,118285476,trade,Buy,GOLD,0.01,,5162.9,,,0.0,0.0,,0.0,,0,,400862814,A_main_trade,USD,2026-03-04T09:52:59+02:00,2026-03-04T09:52:59+02:00,2026-03-04T14:52:59+07:00,2026-03-04T14:52:59+07:00,2026-03-04,2026-03-04,,,,,,,MT5,9d864068-d1b1-4015-9897-cdce8cb7ce7b,2026-03-05T06:20:19Z,e6887360282efb4e4e61543d9586e4d3478cff21a64daed5a4c4d162e5ff3330,False
400862814:126107122,118285469,118285469,trade,Buy,GOLD,0.01,,5162.83,,,0.0,0.0,,0.0,,0,,400862814,A_main_trade,USD,2026-03-04T09:52:58+02:00,2026-03-04T09:52:58+02:00,2026-03-04T14:52:58+07:00,2026-03-04T14:52:58+07:00,2026-03-04,2026-03-04,,,,,,,MT5,9d864068-d1b1-4015-9897-cdce8cb7ce7b,2026-03-05T06:20:19Z,190c73948f0356836b48013e1cc5d643d98d769def386f6868f945802322e684,False
400862814:126106688,118285060,118285060,trade,Buy,GOLD,0.01,,5163.95,,,0.0,0.0,,0.0,,0,,400862814,A_main_trade,USD,2026-03-04T09:52:01+02:00,2026-03-04T09:52:01+02:00,2026-03-04T14:52:01+07:00,2026-03-04T14:52:01+07:00,2026-03-04,2026-03-04,,,,,,,MT5,9d864068-d1b1-4015-9897-cdce8cb7ce7b,2026-03-05T06:20:19Z,e7460f7b8919efc9eca31347d7f57ff568cd9a7015d0d2d37c49cf88b4ac6bf8,False
400862814:126106587,118284961,118284961,trade,Buy,GOLD,0.01,,5164.91,,,0.0,0.0,,0.0,,0,,400862814,A_main_trade,USD,2026-03-04T09:51:40+02:00,2026-03-04T09:51:40+02:00,2026-03-04T14:51:40+07:00,2026-03-04T14:51:40+07:00,2026-03-04,2026-03-04,,,,,,,MT5,9d864068-d1b1-4015-9897-cdce8cb7ce7b,2026-03-05T06:20:19Z,c7b265f87b7bd3b356d049c92c435d27503234a7458d3cd22e65fe9cd4932e00,False
400862814:126106388,118284766,118284766,trade,Buy,GOLD,0.01,,5165.0,,,0.0,0.0,,0.0,,0,,400862814,A_main_trade,USD,2026-03-04T09:51:20+02:00,2026-03-04T09:51:20+02:00,2026-03-04T14:51:20+07:00,2026-03-04T14:51:20+07:00,2026-03-04,2026-03-04,,,,,,,MT5,9d864068-d1b1-4015-9897-cdce8cb7ce7b,2026-03-05T06:20:19Z,0222836323505a9346ba016da5059415d5a9994340e1d5edc216a02b3f1fe006,False
400862814:126106381,118284758,118284758,trade,Buy,GOLD,0.01,,5164.73,,,0.0,0.0,,0.0,,0,,400862814,A_main_trade,USD,2026-03-04T09:51:18+02:00,2026-03-04T09:51:18+02:00,2026-03-04T14:51:18+07:00,2026-03-04T14:51:18+07:00,2026-03-04,2026-03-04,,,,,,,MT5,9d864068-d1b1-4015-9897-cdce8cb7ce7b,2026-03-05T06:20:19Z,b8a12488b80bd6d1f25c60eb8069f79835bf997ee2febd25d4e66790bd8bae66,False
400862814:126105164,118283571,118280749,trade,Sell,GOLD,0.01,,5167.1,,,0.0,0.0,,8.56,,0,,400862814,A_main_trade,USD,2026-03-04T09:49:47+02:00,2026-03-04T09:49:47+02:00,2026-03-04T14:49:47+07:00,2026-03-04T14:49:47+07:00,2026-03-04,2026-03-04,,,,,,,MT5,9d864068-d1b1-4015-9897-cdce8cb7ce7b,2026-03-05T06:20:19Z,bd02dc4f9f0f7249c537e0a689dfb153c155817b9d21a6a40d3e743a0e00017b,False
400862814:126104382,118282854,118280894,trade,Sell,GOLD,0.01,,5163.11,,,0.0,0.0,,3.81,,0,,400862814,A_main_trade,USD,2026-03-04T09:48:41+02:00,2026-03-04T09:48:41+02:00,2026-03-04T14:48:41+07:00,2026-03-04T14:48:41+07:00,2026-03-04,2026-03-04,,,,,,,MT5,9d864068-d1b1-4015-9897-cdce8cb7ce7b,2026-03-05T06:20:19Z,b60e4870b18c9d71e0ac32ea49beb240abfc7e108bb3788eb82a7f44998a73db,False
400862814:126103797,118282287,118279189,trade,Sell,GOLD,0.01,,5161.33,,,0.0,0.0,,0.76,,0,,400862814,A_main_trade,USD,2026-03-04T09:47:30+02:00,2026-03-04T09:47:30+02:00,2026-03-04T14:47:30+07:00,2026-03-04T14:47:30+07:00,2026-03-04,2026-03-04,,,,,,,MT5,9d864068-d1b1-4015-9897-cdce8cb7ce7b,2026-03-05T06:20:19Z,bd94d35710c77db5057754d120fa7ac38de2053f39324b5e74f262eb3800964a,False
400862814:126103761,118282254,118279217,trade,Sell,GOLD,0.01,,5162.49,,,0.0,0.0,,1.9100000000000001,,0,,400862814,A_main_trade,USD,2026-03-04T09:47:28+02:00,2026-03-04T09:47:28+02:00,2026-03-04T14:47:28+07:00,2026-03-04T14:47:28+07:00,2026-03-04,2026-03-04,,,,,,,MT5,9d864068-d1b1-4015-9897-cdce8cb7ce7b,2026-03-05T06:20:19Z,eb7ad55df68cee174c363f5be8b236c1fdd09f430f36072d5a7b02a51323738e,False
400862814:126103698,118282191,118280879,trade,Sell,GOLD,0.01,,5162.51,,,0.0,0.0,,1.99,,0,,400862814,A_main_trade,USD,2026-03-04T09:47:26+02:00,2026-03-04T09:47:26+02:00,2026-03-04T14:47:26+07:00,2026-03-04T14:47:26+07:00,2026-03-04,2026-03-04,,,,,,,MT5,9d864068-d1b1-4015-9897-cdce8cb7ce7b,2026-03-05T06:20:19Z,15c74a5f5bbc4629061f68567c42b6265e0ce569389d6e41f684edd4ae30ab3f,False
400862814:126103643,118282140,118279143,trade,Sell,GOLD,0.01,,5161.53,,,0.0,0.0,,0.66,,0,,400862814,A_main_trade,USD,2026-03-04T09:47:25+02:00,2026-03-04T09:47:25+02:00,2026-03-04T14:47:25+07:00,2026-03-04T14:47:25+07:00,2026-03-04,2026-03-04,,,,,,,MT5,9d864068-d1b1-4015-9897-cdce8cb7ce7b,2026-03-05T06:20:19Z,9e097a9a906af206daa8d9971265e530d615a39e528527833ccb4c15b011df5f,False
400862814:126103174,118281691,118278970,trade,Sell,GOLD,0.01,,5157.14,,,0.0,0.0,,-4.24,,0,,400862814,A_main_trade,USD,2026-03-04T09:46:47+02:00,2026-03-04T09:46:47+02:00,2026-03-04T14:46:47+07:00,2026-03-04T14:46:47+07:00,2026-03-04,2026-03-04,,,,,,,MT5,9d864068-d1b1-4015-9897-cdce8cb7ce7b,2026-03-05T06:20:19Z,fd020aa2b56f14c5a60b01ef8264e61487b9d7bfd605600ec066847363cd4acc,False
400862814:126102462,118281003,118281003,trade,Buy,GOLD,0.01,,5156.62,,,0.0,0.0,,0.0,,0,,400862814,A_main_trade,USD,2026-03-04T09:45:57+02:00,2026-03-04T09:45:57+02:00,2026-03-04T14:45:57+07:00,2026-03-04T14:45:57+07:00,2026-03-04,2026-03-04,,,,,,,MT5,9d864068-d1b1-4015-9897-cdce8cb7ce7b,2026-03-05T06:20:19Z,8979ecaa881acdd763820645a10bcedcb50554b1c987cf3bcc662d22e3d07087,False
400862814:126102425,118280967,118280967,trade,Buy,GOLD,0.01,,5156.96,,,0.0,0.0,,0.0,,0,,400862814,A_main_trade,USD,2026-03-04T09:45:55+02:00,2026-03-04T09:45:55+02:00,2026-03-04T14:45:55+07:00,2026-03-04T14:45:55+07:00,2026-03-04,2026-03-04,,,,,,,MT5,9d864068-d1b1-4015-9897-cdce8cb7ce7b,2026-03-05T06:20:19Z,b85a594ef0aff0f22b6797e1256de2db9bfa96a63ce00327553c23856a6f262c,False
400862814:126102350,118280894,118280894,trade,Buy,GOLD,0.01,,5159.3,,,0.0,0.0,,0.0,,0,,400862814,A_main_trade,USD,2026-03-04T09:45:46+02:00,2026-03-04T09:45:46+02:00,2026-03-04T14:45:46+07:00,2026-03-04T14:45:46+07:00,2026-03-04,2026-03-04,,,,,,,MT5,9d864068-d1b1-4015-9897-cdce8cb7ce7b,2026-03-05T06:20:19Z,08540d7f79b0c9b8cbd660fd5b8a83403a0b079175442e4be2ff4a82cf0a9a95,False
400862814:126102330,118280879,118280879,trade,Buy,GOLD,0.01,,5160.52,,,0.0,0.0,,0.0,,0,,400862814,A_main_trade,USD,2026-03-04T09:45:42+02:00,2026-03-04T09:45:42+02:00,2026-03-04T14:45:42+07:00,2026-03-04T14:45:42+07:00,2026-03-04,2026-03-04,,,,,,,MT5,9d864068-d1b1-4015-9897-cdce8cb7ce7b,2026-03-05T06:20:19Z,8af655234a869689b8b667035dff44f5ce6ab90987860605d7d0b8fb9b843c32,False
400862814:126102199,118280749,118280749,trade,Buy,GOLD,0.01,,5158.54,,,0.0,0.0,,0.0,,0,,400862814,A_main_trade,USD,2026-03-04T09:45:21+02:00,2026-03-04T09:45:21+02:00,2026-03-04T14:45:21+07:00,2026-03-04T14:45:21+07:00,2026-03-04,2026-03-04,,,,,,,MT5,9d864068-d1b1-4015-9897-cdce8cb7ce7b,2026-03-05T06:20:19Z,669e5f2629987944bfb7d227713f7895c704eb3a244758a08f149a3914692695,False
400862814:126102134,118280686,118279993,trade,Sell,GOLD,0.01,,5158.13,,,0.0,0.0,,0.76,,0,,400862814,A_main_trade,USD,2026-03-04T09:45:16+02:00,2026-03-04T09:45:16+02:00,2026-03-04T14:45:16+07:00,2026-03-04T14:45:16+07:00,2026-03-04,2026-03-04,,,,,,,MT5,9d864068-d1b1-4015-9897-cdce8cb7ce7b,2026-03-05T06:20:19Z,6307aa8747270083c743cb38818bc1b613b160be21851d1df7cb8a1ff01c5eeb,False
400862814:126101772,118280329,118279758,trade,Sell,GOLD,0.01,,5159.83,,,0.0,0.0,,0.09,,0,,400862814,A_main_trade,USD,2026-03-04T09:44:41+02:00,2026-03-04T09:44:41+02:00,2026-03-04T14:44:41+07:00,2026-03-04T14:44:41+07:00,2026-03-04,2026-03-04,,,,,,,MT5,9d864068-d1b1-4015-9897-cdce8cb7ce7b,2026-03-05T06:20:19Z,ad63bc75147e72b2c820c41bdea92fb4b92441d4bb4dda0e4be44820235e15c7,False
400862814:126101736,118280295,118278897,trade,Sell,GOLD,0.01,,5159.55,,,0.0,0.0,,-4.22,,0,,400862814,A_main_trade,USD,2026-03-04T09:44:38+02:00,2026-03-04T09:44:38+02:00,2026-03-04T14:44:38+07:00,2026-03-04T14:44:38+07:00,2026-03-04,2026-03-04,,,,,,,MT5,9d864068-d1b1-4015-9897-cdce8cb7ce7b,2026-03-05T06:20:19Z,20632fd1a6205b4989238c92986101dc247edbebf81f52afa4bcad378df6b1cc,False
400862814:126101424,118279993,118279993,trade,Buy,GOLD,0.01,,5157.37,,,0.0,0.0,,0.0,,0,,400862814,A_main_trade,USD,2026-03-04T09:44:07+02:00,2026-03-04T09:44:07+02:00,2026-03-04T14:44:07+07:00,2026-03-04T14:44:07+07:00,2026-03-04,2026-03-04,,,,,,,MT5,9d864068-d1b1-4015-9897-cdce8cb7ce7b,2026-03-05T06:20:19Z,1212237fe54415e5110dcedeaaa336fd7bca9b53322b9fd4568257c25ad3e4d1,False
400862814:126101317,118279891,118278908,trade,Sell,GOLD,0.01,,5157.31,,,0.0,0.0,,-6.34,,0,,400862814,A_main_trade,USD,2026-03-04T09:44:03+02:00,2026-03-04T09:44:03+02:00,2026-03-04T14:44:03+07:00,2026-03-04T14:44:03+07:00,2026-03-04,2026-03-04,,,,,,,MT5,9d864068-d1b1-4015-9897-cdce8cb7ce7b,2026-03-05T06:20:19Z,92fb0c2f8abad9d49287aea7c3aba6386b131196970303aa951f13d02b8645c5,False
400862814:126101183,118279758,118279758,trade,Buy,GOLD,0.01,,5159.74,,,0.0,0.0,,0.0,,0,,400862814,A_main_trade,USD,2026-03-04T09:43:50+02:00,2026-03-04T09:43:50+02:00,2026-03-04T14:43:50+07:00,2026-03-04T14:43:50+07:00,2026-03-04,2026-03-04,,,,,,,MT5,9d864068-d1b1-4015-9897-cdce8cb7ce7b,2026-03-05T06:20:19Z,4d30185a526bc38db814276a1f50a40f459de3825369606f3d8aadf0de9b0364,False
400862814:126101146,118279724,118279724,trade,Buy,GOLD,0.01,,5156.91,,,0.0,0.0,,0.0,,0,,400862814,A_main_trade,USD,2026-03-04T09:43:48+02:00,2026-03-04T09:43:48+02:00,2026-03-04T14:43:48+07:00,2026-03-04T14:43:48+07:00,2026-03-04,2026-03-04,,,,,,,MT5,9d864068-d1b1-4015-9897-cdce8cb7ce7b,2026-03-05T06:20:19Z,f3f2aff2a0b1b438b4ff11697a876de1c9425421fa122cf2b62af181a532c04b,False
400862814:126100614,118279217,118279217,trade,Buy,GOLD,0.01,,5160.58,,,0.0,0.0,,0.0,,0,,400862814,A_main_trade,USD,2026-03-04T09:43:24+02:00,2026-03-04T09:43:24+02:00,2026-03-04T14:43:24+07:00,2026-03-04T14:43:24+07:00,2026-03-04,2026-03-04,,,,,,,MT5,9d864068-d1b1-4015-9897-cdce8cb7ce7b,2026-03-05T06:20:19Z,73d1b3c36b11fbf1f73ba4f9ed50f063073e3a165a4f74160bb446a91b6d2379,False
400862814:126100586,118279189,118279189,trade,Buy,GOLD,0.01,,5160.57,,,0.0,0.0,,0.0,,0,,400862814,A_main_trade,USD,2026-03-04T09:43:21+02:00,2026-03-04T09:43:21+02:00,2026-03-04T14:43:21+07:00,2026-03-04T14:43:21+07:00,2026-03-04,2026-03-04,,,,,,,MT5,9d864068-d1b1-4015-9897-cdce8cb7ce7b,2026-03-05T06:20:19Z,560054395b25d82d75f6cd8125b16d4aca6cbaecf9762532735c92524aee53d2,False
400862814:126100538,118279143,118279143,trade,Buy,GOLD,0.01,,5160.87,,,0.0,0.0,,0.0,,0,,400862814,A_main_trade,USD,2026-03-04T09:43:18+02:00,2026-03-04T09:43:18+02:00,2026-03-04T14:43:18+07:00,2026-03-04T14:43:18+07:00,2026-03-04,2026-03-04,,,,,,,MT5,9d864068-d1b1-4015-9897-cdce8cb7ce7b,2026-03-05T06:20:19Z,0933a63b64b1dd171ed04516e82d085701de48c7b0b6f2cd55283c2c90367624,False
400862814:126100354,118278970,118278970,trade,Buy,GOLD,0.01,,5161.38,,,0.0,0.0,,0.0,,0,,400862814,A_main_trade,USD,2026-03-04T09:43:13+02:00,2026-03-04T09:43:13+02:00,2026-03-04T14:43:13+07:00,2026-03-04T14:43:13+07:00,2026-03-04,2026-03-04,,,,,,,MT5,9d864068-d1b1-4015-9897-cdce8cb7ce7b,2026-03-05T06:20:19Z,bc595c4bf85877106d0c4da4eab3529e22e311e727f1cb2470e5e4004ba2faa7,False
400862814:126100289,118278908,118278908,trade,Buy,GOLD,0.01,,5163.65,,,0.0,0.0,,0.0,,0,,400862814,A_main_trade,USD,2026-03-04T09:43:07+02:00,2026-03-04T09:43:07+02:00,2026-03-04T14:43:07+07:00,2026-03-04T14:43:07+07:00,2026-03-04,2026-03-04,,,,,,,MT5,9d864068-d1b1-4015-9897-cdce8cb7ce7b,2026-03-05T06:20:19Z,c570a05ab5c4ea876dde6ff7516bfc8b8d2295bab6789ce9b24de11634977ed9,False
400862814:126100277,118278897,118278897,trade,Buy,GOLD,0.01,,5163.77,,,0.0,0.0,,0.0,,0,,400862814,A_main_trade,USD,2026-03-04T09:43:06+02:00,2026-03-04T09:43:06+02:00,2026-03-04T14:43:06+07:00,2026-03-04T14:43:06+07:00,2026-03-04,2026-03-04,,,,,,,MT5,9d864068-d1b1-4015-9897-cdce8cb7ce7b,2026-03-05T06:20:19Z,4bdfd7ffc3e55cff460db93f327376a00f0c77208538d789e343f42cec0c6c83,False
400862814:126099910,118278564,118277746,trade,Sell,GOLD,0.01,,5164.41,,,0.0,0.0,,0.63,,0,,400862814,A_main_trade,USD,2026-03-04T09:42:25+02:00,2026-03-04T09:42:25+02:00,2026-03-04T14:42:25+07:00,2026-03-04T14:42:25+07:00,2026-03-04,2026-03-04,,,,,,,MT5,9d864068-d1b1-4015-9897-cdce8cb7ce7b,2026-03-05T06:20:19Z,1cf7a4e20a1df7c9473973d8c817e590d65bd660751f8451df646f6b4d28cdef,False
400862814:126099872,118278523,118277797,trade,Sell,GOLD,0.01,,5165.1,,,0.0,0.0,,1.58,,0,,400862814,A_main_trade,USD,2026-03-04T09:42:21+02:00,2026-03-04T09:42:21+02:00,2026-03-04T14:42:21+07:00,2026-03-04T14:42:21+07:00,2026-03-04,2026-03-04,,,,,,,MT5,9d864068-d1b1-4015-9897-cdce8cb7ce7b,2026-03-05T06:20:19Z,ad78abc8fc9f51b06053fe55c21b3804e8925c79e584fcd1b355e8e9f2ef6da3,False
400862814:126099856,118278507,118277805,trade,Sell,GOLD,0.01,,5165.67,,,0.0,0.0,,1.88,,0,,400862814,A_main_trade,USD,2026-03-04T09:42:19+02:00,2026-03-04T09:42:19+02:00,2026-03-04T14:42:19+07:00,2026-03-04T14:42:19+07:00,2026-03-04,2026-03-04,,,,,,,MT5,9d864068-d1b1-4015-9897-cdce8cb7ce7b,2026-03-05T06:20:19Z,62407094ce4c420ab4270aa17042ddb32ccc0f427c13518c365951cb463c8fb8,False
400862814:126099807,118278458,118277845,trade,Sell,GOLD,0.01,,5167.09,,,0.0,0.0,,3.31,,0,,400862814,A_main_trade,USD,2026-03-04T09:42:15+02:00,2026-03-04T09:42:15+02:00,2026-03-04T14:42:15+07:00,2026-03-04T14:42:15+07:00,2026-03-04,2026-03-04,,,,,,,MT5,9d864068-d1b1-4015-9897-cdce8cb7ce7b,2026-03-05T06:20:19Z,003f8d47c8bc994d45bc336916de54375080ea75774a2ae429ed2df0f97862d0,False
400862814:126099151,118277845,118277845,trade,Buy,GOLD,0.01,,5163.78,,,0.0,0.0,,0.0,,0,,400862814,A_main_trade,USD,2026-03-04T09:41:49+02:00,2026-03-04T09:41:49+02:00,2026-03-04T14:41:49+07:00,2026-03-04T14:41:49+07:00,2026-03-04,2026-03-04,,,,,,,MT5,9d864068-d1b1-4015-9897-cdce8cb7ce7b,2026-03-05T06:20:19Z,d0c322211544a74f431469e58550ad5c335129432cf9cd9d6f054ef49521f676,False
400862814:126099099,118277805,118277805,trade,Buy,GOLD,0.01,,5163.79,,,0.0,0.0,,0.0,,0,,400862814,A_main_trade,USD,2026-03-04T09:41:45+02:00,2026-03-04T09:41:45+02:00,2026-03-04T14:41:45+07:00,2026-03-04T14:41:45+07:00,2026-03-04,2026-03-04,,,,,,,MT5,9d864068-d1b1-4015-9897-cdce8cb7ce7b,2026-03-05T06:20:19Z,3863690e70a2a0d83595679b63f815279ff43253902513efd7593f638e9422ca,False
400862814:126099090,118277797,118277797,trade,Buy,GOLD,0.01,,5163.52,,,0.0,0.0,,0.0,,0,,400862814,A_main_trade,USD,2026-03-04T09:41:43+02:00,2026-03-04T09:41:43+02:00,2026-03-04T14:41:43+07:00,2026-03-04T14:41:43+07:00,2026-03-04,2026-03-04,,,,,,,MT5,9d864068-d1b1-4015-9897-cdce8cb7ce7b,2026-03-05T06:20:19Z,58ca823501908ea3b11b06831c20266966a17cb03fec083059d6f997e5e7dd93,False
400862814:126099037,118277746,118277746,trade,Buy,GOLD,0.01,,5163.78,,,0.0,0.0,,0.0,,0,,400862814,A_main_trade,USD,2026-03-04T09:41:33+02:00,2026-03-04T09:41:33+02:00,2026-03-04T14:41:33+07:00,2026-03-04T14:41:33+07:00,2026-03-04,2026-03-04,,,,,,,MT5,9d864068-d1b1-4015-9897-cdce8cb7ce7b,2026-03-05T06:20:19Z,5d24131c5881c642e44bf61b742af0db9c85fe6236febe808e755f624bd81e3f,False
400862814:126095588,118274493,118270030,trade,Sell,GOLD,0.01,,5164.92,,,0.0,0.0,,9.01,,0,,400862814,A_main_trade,USD,2026-03-04T09:34:56+02:00,2026-03-04T09:34:56+02:00,2026-03-04T14:34:56+07:00,2026-03-04T14:34:56+07:00,2026-03-04,2026-03-04,,,,,,,MT5,9d864068-d1b1-4015-9897-cdce8cb7ce7b,2026-03-05T06:20:19Z,80dc0ad40798e4466e46cebae25320ed0e84bba7eb67f08f6b59ae2d19e59726,False
400862814:126095575,118274478,118270115,trade,Sell,GOLD,0.01,,5164.84,,,0.0,0.0,,9.21,,0,,400862814,A_main_trade,USD,2026-03-04T09:34:54+02:00,2026-03-04T09:34:54+02:00,2026-03-04T14:34:54+07:00,2026-03-04T14:34:54+07:00,2026-03-04,2026-03-04,,,,,,,MT5,9d864068-d1b1-4015-9897-cdce8cb7ce7b,2026-03-05T06:20:19Z,47ace81759a600c9ab8c65613714fb51d24e8857d04212e3492f4d2fbd4e32d7,False
400862814:126095019,118273912,118267517,trade,Sell,GOLD,0.01,,5165.18,,,0.0,0.0,,7.41,,0,,400862814,A_main_trade,USD,2026-03-04T09:34:20+02:00,2026-03-04T09:34:20+02:00,2026-03-04T14:34:20+07:00,2026-03-04T14:34:20+07:00,2026-03-04,2026-03-04,,,,,,,MT5,9d864068-d1b1-4015-9897-cdce8cb7ce7b,2026-03-05T06:20:19Z,5f7cfc839a33997d4a953424ea470484639475ccebda1fbbd5bba2a06ac5840b,False
400862814:126094433,118273357,118266448,trade,Sell,GOLD,0.01,,5163.18,,,0.0,0.0,,3.57,,0,,400862814,A_main_trade,USD,2026-03-04T09:33:23+02:00,2026-03-04T09:33:23+02:00,2026-03-04T14:33:23+07:00,2026-03-04T14:33:23+07:00,2026-03-04,2026-03-04,,,,,,,MT5,9d864068-d1b1-4015-9897-cdce8cb7ce7b,2026-03-05T06:20:19Z,a717554378cac35353dbb7879ec1765fc26600f50e0f36e2f81a35d5cec63f16,False
400862814:126094348,118273263,118266207,trade,Sell,GOLD,0.01,,5163.82,,,0.0,0.0,,0.77,,0,,400862814,A_main_trade,USD,2026-03-04T09:33:19+02:00,2026-03-04T09:33:19+02:00,2026-03-04T14:33:19+07:00,2026-03-04T14:33:19+07:00,2026-03-04,2026-03-04,,,,,,,MT5,9d864068-d1b1-4015-9897-cdce8cb7ce7b,2026-03-05T06:20:19Z,95040b375bed8b32f908669d9f3254b8c2ef187081ad5a5823be314ed7774845,False
400862814:126093555,118272496,118266359,trade,Sell,GOLD,0.01,,5160.98,,,0.0,0.0,,0.89,,0,,400862814,A_main_trade,USD,2026-03-04T09:31:57+02:00,2026-03-04T09:31:57+02:00,2026-03-04T14:31:57+07:00,2026-03-04T14:31:57+07:00,2026-03-04,2026-03-04,,,,,,,MT5,9d864068-d1b1-4015-9897-cdce8cb7ce7b,2026-03-05T06:20:19Z,5500e9c01b087dfb0ee74b6854b1978f8237e83ea83f821dad426cc01d872dd1,False
400862814:126091039,118270115,118270115,trade,Buy,GOLD,0.01,,5155.63,,,0.0,0.0,,0.0,,0,,400862814,A_main_trade,USD,2026-03-04T09:26:19+02:00,2026-03-04T09:26:19+02:00,2026-03-04T14:26:19+07:00,2026-03-04T14:26:19+07:00,2026-03-04,2026-03-04,,,,,,,MT5,9d864068-d1b1-4015-9897-cdce8cb7ce7b,2026-03-05T06:20:19Z,deffaad0881035acf84edb187e99c7d3089a310408a0a0211ce7b89d55c488d2,False
400862814:126090950,118270030,118270030,trade,Buy,GOLD,0.01,,5155.91,,,0.0,0.0,,0.0,,0,,400862814,A_main_trade,USD,2026-03-04T09:26:01+02:00,2026-03-04T09:26:01+02:00,2026-03-04T14:26:01+07:00,2026-03-04T14:26:01+07:00,2026-03-04,2026-03-04,,,,,,,MT5,9d864068-d1b1-4015-9897-cdce8cb7ce7b,2026-03-05T06:20:19Z,09440244ecbc508f7ce2637b074f04b1625003c816c11bac0f495610fb4eab9f,False
400862814:126090865,118269948,118266156,trade,Sell,GOLD,0.01,,5156.31,,,0.0,0.0,,-7.29,,0,,400862814,A_main_trade,USD,2026-03-04T09:25:51+02:00,2026-03-04T09:25:51+02:00,2026-03-04T14:25:51+07:00,2026-03-04T14:25:51+07:00,2026-03-04,2026-03-04,,,,,,,MT5,9d864068-d1b1-4015-9897-cdce8cb7ce7b,2026-03-05T06:20:19Z,7eb70d421f8569b303e60f8fd31f1b5a70e0b8458028a1949b9f8c07daff6207,False
400862814:126090705,118269796,118266186,trade,Sell,GOLD,0.01,,5153.39,,,0.0,0.0,,-10.71,,0,,400862814,A_main_trade,USD,2026-03-04T09:25:34+02:00,2026-03-04T09:25:34+02:00,2026-03-04T14:25:34+07:00,2026-03-04T14:25:34+07:00,2026-03-04,2026-03-04,,,,,,,MT5,9d864068-d1b1-4015-9897-cdce8cb7ce7b,2026-03-05T06:20:19Z,b5a73b280e945529be55e1cd145049ceb8c6d96d633126438e71c2921383a99f,False
400862814:126090699,118269792,118266125,trade,Sell,GOLD,0.01,,5153.4,,,0.0,0.0,,-10.98,,0,,400862814,A_main_trade,USD,2026-03-04T09:25:32+02:00,2026-03-04T09:25:32+02:00,2026-03-04T14:25:32+07:00,2026-03-04T14:25:32+07:00,2026-03-04,2026-03-04,,,,,,,MT5,9d864068-d1b1-4015-9897-cdce8cb7ce7b,2026-03-05T06:20:19Z,35bebf680688554d906016358905027d46fc1f8d5a7685061e703c48362f2ef2,False
400862814:126088309,118267517,118267517,trade,Buy,GOLD,0.01,,5157.77,,,0.0,0.0,,0.0,,0,,400862814,A_main_trade,USD,2026-03-04T09:20:46+02:00,2026-03-04T09:20:46+02:00,2026-03-04T14:20:46+07:00,2026-03-04T14:20:46+07:00,2026-03-04,2026-03-04,,,,,,,MT5,9d864068-d1b1-4015-9897-cdce8cb7ce7b,2026-03-05T06:20:19Z,8bbe1727fc4044419d233b82cbac5ff076423ae49f195b04322560541813c70f,False
400862814:126087196,118266448,118266448,trade,Buy,GOLD,0.01,,5159.61,,,0.0,0.0,,0.0,,0,,400862814,A_main_trade,USD,2026-03-04T09:18:56+02:00,2026-03-04T09:18:56+02:00,2026-03-04T14:18:56+07:00,2026-03-04T14:18:56+07:00,2026-03-04,2026-03-04,,,,,,,MT5,9d864068-d1b1-4015-9897-cdce8cb7ce7b,2026-03-05T06:20:19Z,4d0090322186cbd26ebec963eea123941ade2dc4b3534dae520a837083b5e24a,False
400862814:126087105,118266359,118266359,trade,Buy,GOLD,0.01,,5160.09,,,0.0,0.0,,0.0,,0,,400862814,A_main_trade,USD,2026-03-04T09:18:48+02:00,2026-03-04T09:18:48+02:00,2026-03-04T14:18:48+07:00,2026-03-04T14:18:48+07:00,2026-03-04,2026-03-04,,,,,,,MT5,9d864068-d1b1-4015-9897-cdce8cb7ce7b,2026-03-05T06:20:19Z,492dd818376b45ba7a6a37d8bda4bb7554fe685aa5eba1e3f7bb233b79830fc5,False
400862814:126086946,118266207,118266207,trade,Buy,GOLD,0.01,,5163.05,,,0.0,0.0,,0.0,,0,,400862814,A_main_trade,USD,2026-03-04T09:18:39+02:00,2026-03-04T09:18:39+02:00,2026-03-04T14:18:39+07:00,2026-03-04T14:18:39+07:00,2026-03-04,2026-03-04,,,,,,,MT5,9d864068-d1b1-4015-9897-cdce8cb7ce7b,2026-03-05T06:20:19Z,ebdb4bcc2fef94949dd84ee0622ec87f9798ac7fda7ec2408ec76399ddfe6777,False
400862814:126086928,118266186,118266186,trade,Buy,GOLD,0.01,,5164.1,,,0.0,0.0,,0.0,,0,,400862814,A_main_trade,USD,2026-03-04T09:18:30+02:00,2026-03-04T09:18:30+02:00,2026-03-04T14:18:30+07:00,2026-03-04T14:18:30+07:00,2026-03-04,2026-03-04,,,,,,,MT5,9d864068-d1b1-4015-9897-cdce8cb7ce7b,2026-03-05T06:20:19Z,52a077e54b2fd9927c2de0cd25dd49a9107c8edccfccceb7dba23b888e48370e,False
400862814:126086898,118266156,118266156,trade,Buy,GOLD,0.01,,5163.6,,,0.0,0.0,,0.0,,0,,400862814,A_main_trade,USD,2026-03-04T09:18:25+02:00,2026-03-04T09:18:25+02:00,2026-03-04T14:18:25+07:00,2026-03-04T14:18:25+07:00,2026-03-04,2026-03-04,,,,,,,MT5,9d864068-d1b1-4015-9897-cdce8cb7ce7b,2026-03-05T06:20:19Z,d3390fd640d05d235b4cf5c90d68df84f0097df4c40dfa58e348ec8e8b1b55ef,False
400862814:126086867,118266125,118266125,trade,Buy,GOLD,0.01,,5164.38,,,0.0,0.0,,0.0,,0,,400862814,A_main_trade,USD,2026-03-04T09:18:21+02:00,2026-03-04T09:18:21+02:00,2026-03-04T14:18:21+07:00,2026-03-04T14:18:21+07:00,2026-03-04,2026-03-04,,,,,,,MT5,9d864068-d1b1-4015-9897-cdce8cb7ce7b,2026-03-05T06:20:19Z,9bc63418c3fbc6cdf7cea1e0c1e7fa37e0cf5835ba8aba785d1220f8e2f9b544,False
400862814:126082292,118261783,118261236,trade,Sell,GOLD,0.01,,5162.91,,,0.0,0.0,,2.37,,0,,400862814,A_main_trade,USD,2026-03-04T09:11:08+02:00,2026-03-04T09:11:08+02:00,2026-03-04T14:11:08+07:00,2026-03-04T14:11:08+07:00,2026-03-04,2026-03-04,,,,,,,MT5,9d864068-d1b1-4015-9897-cdce8cb7ce7b,2026-03-05T06:20:19Z,9b4170f6d6c0935a89c06e4443770435d6e0c5a821ebaf6c3ffdbf8ea37cb4bb,False
400862814:126082293,118261784,118261247,trade,Sell,GOLD,0.01,,5162.91,,,0.0,0.0,,2.31,,0,,400862814,A_main_trade,USD,2026-03-04T09:11:08+02:00,2026-03-04T09:11:08+02:00,2026-03-04T14:11:08+07:00,2026-03-04T14:11:08+07:00,2026-03-04,2026-03-04,,,,,,,MT5,9d864068-d1b1-4015-9897-cdce8cb7ce7b,2026-03-05T06:20:19Z,e82ad7bedda655c0bf07c40279397b634df462ce80ff9beb44df7129021ee50a,False
400862814:126082294,118261786,118261395,trade,Sell,GOLD,0.01,,5162.91,,,0.0,0.0,,1.7,,0,,400862814,A_main_trade,USD,2026-03-04T09:11:08+02:00,2026-03-04T09:11:08+02:00,2026-03-04T14:11:08+07:00,2026-03-04T14:11:08+07:00,2026-03-04,2026-03-04,,,,,,,MT5,9d864068-d1b1-4015-9897-cdce8cb7ce7b,2026-03-05T06:20:19Z,9563e355b3bcc987793cb0685573e6c74f962f5c50b3568e2b144bafafa32317,False
400862814:126082295,118261785,118261360,trade,Sell,GOLD,0.01,,5162.91,,,0.0,0.0,,1.6800000000000002,,0,,400862814,A_main_trade,USD,2026-03-04T09:11:08+02:00,2026-03-04T09:11:08+02:00,2026-03-04T14:11:08+07:00,2026-03-04T14:11:08+07:00,2026-03-04,2026-03-04,,,,,,,MT5,9d864068-d1b1-4015-9897-cdce8cb7ce7b,2026-03-05T06:20:19Z,1c7eb7c63ed70eaf022d3f76b314b685946117196d6e8e17c04fa43261224227,False
400862814:126081892,118261395,118261395,trade,Buy,GOLD,0.01,,5161.21,,,0.0,0.0,,0.0,,0,,400862814,A_main_trade,USD,2026-03-04T09:10:30+02:00,2026-03-04T09:10:30+02:00,2026-03-04T14:10:30+07:00,2026-03-04T14:10:30+07:00,2026-03-04,2026-03-04,,,,,,,MT5,9d864068-d1b1-4015-9897-cdce8cb7ce7b,2026-03-05T06:20:19Z,daf78e2518c61e1d72b4f27700396c7f3650e520451e82a7907644d80721db60,False
400862814:126081856,118261360,118261360,trade,Buy,GOLD,0.01,,5161.23,,,0.0,0.0,,0.0,,0,,400862814,A_main_trade,USD,2026-03-04T09:10:27+02:00,2026-03-04T09:10:27+02:00,2026-03-04T14:10:27+07:00,2026-03-04T14:10:27+07:00,2026-03-04,2026-03-04,,,,,,,MT5,9d864068-d1b1-4015-9897-cdce8cb7ce7b,2026-03-05T06:20:19Z,e221d2c9a5d7419e998bf66a37bcc623e2e4380fc6829b1ba9977c086a612c57,False
400862814:126081737,118261247,118261247,trade,Buy,GOLD,0.01,,5160.6,,,0.0,0.0,,0.0,,0,,400862814,A_main_trade,USD,2026-03-04T09:10:19+02:00,2026-03-04T09:10:19+02:00,2026-03-04T14:10:19+07:00,2026-03-04T14:10:19+07:00,2026-03-04,2026-03-04,,,,,,,MT5,9d864068-d1b1-4015-9897-cdce8cb7ce7b,2026-03-05T06:20:19Z,39ec17bb3cd47ee907a748278f1ef8df122550d0796ed46c7f15b26f3d77e4eb,False
400862814:126081726,118261236,118261236,trade,Buy,GOLD,0.01,,5160.54,,,0.0,0.0,,0.0,,0,,400862814,A_main_trade,USD,2026-03-04T09:10:18+02:00,2026-03-04T09:10:18+02:00,2026-03-04T14:10:18+07:00,2026-03-04T14:10:18+07:00,2026-03-04,2026-03-04,,,,,,,MT5,9d864068-d1b1-4015-9897-cdce8cb7ce7b,2026-03-05T06:20:19Z,d00526f2e2928b2219498eb3cbf8ca1622ac291ef863b3194c70a7ee40231070,False
400862814:126077090,118256773,118253463,trade,Sell,GOLD,0.01,,5156.54,,,0.0,0.0,,-2.03,,0,,400862814,A_main_trade,USD,2026-03-04T08:59:59+02:00,2026-03-04T08:59:59+02:00,2026-03-04T13:59:59+07:00,2026-03-04T13:59:59+07:00,2026-03-04,2026-03-04,,,,,,,MT5,9d864068-d1b1-4015-9897-cdce8cb7ce7b,2026-03-05T06:20:19Z,31c281f4642278b112d09bbef384799ef5a426d3a7244d72b448d40ec95050d6,False
400862814:126077091,118256778,118252892,trade,Sell,GOLD,0.01,,5156.54,,,0.0,0.0,,-7.91,,0,,400862814,A_main_trade,USD,2026-03-04T08:59:59+02:00,2026-03-04T08:59:59+02:00,2026-03-04T13:59:59+07:00,2026-03-04T13:59:59+07:00,2026-03-04,2026-03-04,,,,,,,MT5,9d864068-d1b1-4015-9897-cdce8cb7ce7b,2026-03-05T06:20:19Z,b33f8f4d679444cd26a8fe3521c5e04f57ae566f2d385148b7b6d48983081b5b,False
400862814:126077092,118256775,118252993,trade,Sell,GOLD,0.01,,5156.54,,,0.0,0.0,,-4.71,,0,,400862814,A_main_trade,USD,2026-03-04T08:59:59+02:00,2026-03-04T08:59:59+02:00,2026-03-04T13:59:59+07:00,2026-03-04T13:59:59+07:00,2026-03-04,2026-03-04,,,,,,,MT5,9d864068-d1b1-4015-9897-cdce8cb7ce7b,2026-03-05T06:20:19Z,b17279dfdf9459146d864dcd524659b6610e9770422d1a3d7b4788e0df7a4278,False
400862814:126077093,118256777,118252931,trade,Sell,GOLD,0.01,,5156.54,,,0.0,0.0,,-7.05,,0,,400862814,A_main_trade,USD,2026-03-04T08:59:59+02:00,2026-03-04T08:59:59+02:00,2026-03-04T13:59:59+07:00,2026-03-04T13:59:59+07:00,2026-03-04,2026-03-04,,,,,,,MT5,9d864068-d1b1-4015-9897-cdce8cb7ce7b,2026-03-05T06:20:19Z,75faf1d391b1df16ecbe53a87cd5f1bbadb3ca71772cb9ebb4a04b98f96021d1,False
400862814:126077094,118256774,118253076,trade,Sell,GOLD,0.01,,5156.54,,,0.0,0.0,,-5.22,,0,,400862814,A_main_trade,USD,2026-03-04T08:59:59+02:00,2026-03-04T08:59:59+02:00,2026-03-04T13:59:59+07:00,2026-03-04T13:59:59+07:00,2026-03-04,2026-03-04,,,,,,,MT5,9d864068-d1b1-4015-9897-cdce8cb7ce7b,2026-03-05T06:20:19Z,9a583a549cf3afced159dc61e910fd45f6f2bf9b0688ba0018a44b1eece326fd,False
400862814:126077095,118256776,118252907,trade,Sell,GOLD,0.01,,5156.54,,,0.0,0.0,,-6.79,,0,,400862814,A_main_trade,USD,2026-03-04T08:59:59+02:00,2026-03-04T08:59:59+02:00,2026-03-04T13:59:59+07:00,2026-03-04T13:59:59+07:00,2026-03-04,2026-03-04,,,,,,,MT5,9d864068-d1b1-4015-9897-cdce8cb7ce7b,2026-03-05T06:20:19Z,df1b5932b211dcaae8f59ddbf76d9ffa430e43bc647183a9bbd00c3381f01673,False
400862814:126073635,118253463,118253463,trade,Buy,GOLD,0.01,,5158.57,,,0.0,0.0,,0.0,,0,,400862814,A_main_trade,USD,2026-03-04T08:47:36+02:00,2026-03-04T08:47:36+02:00,2026-03-04T13:47:36+07:00,2026-03-04T13:47:36+07:00,2026-03-04,2026-03-04,,,,,,,MT5,9d864068-d1b1-4015-9897-cdce8cb7ce7b,2026-03-05T06:20:19Z,2744be2718ff7a76b33ef34234acbbf3fc6369df56fdc5eed4d186dcbf7eb4d2,False
400862814:126073231,118253076,118253076,trade,Buy,GOLD,0.01,,5161.76,,,0.0,0.0,,0.0,,0,,400862814,A_main_trade,USD,2026-03-04T08:47:06+02:00,2026-03-04T08:47:06+02:00,2026-03-04T13:47:06+07:00,2026-03-04T13:47:06+07:00,2026-03-04,2026-03-04,,,,,,,MT5,9d864068-d1b1-4015-9897-cdce8cb7ce7b,2026-03-05T06:20:19Z,e2a4d613a619224602e297b93846ddaa7934cb936a7c70c2efa49a31d9210586,False
400862814:126073150,118252993,118252993,trade,Buy,GOLD,0.01,,5161.25,,,0.0,0.0,,0.0,,0,,400862814,A_main_trade,USD,2026-03-04T08:47:01+02:00,2026-03-04T08:47:01+02:00,2026-03-04T13:47:01+07:00,2026-03-04T13:47:01+07:00,2026-03-04,2026-03-04,,,,,,,MT5,9d864068-d1b1-4015-9897-cdce8cb7ce7b,2026-03-05T06:20:19Z,7bad018ad5b7855e76bb3fd80fcd8abd701a4cdcd4d13d2394f8521b0a78c63e,False
400862814:126073089,118252931,118252931,trade,Buy,GOLD,0.01,,5163.59,,,0.0,0.0,,0.0,,0,,400862814,A_main_trade,USD,2026-03-04T08:46:59+02:00,2026-03-04T08:46:59+02:00,2026-03-04T13:46:59+07:00,2026-03-04T13:46:59+07:00,2026-03-04,2026-03-04,,,,,,,MT5,9d864068-d1b1-4015-9897-cdce8cb7ce7b,2026-03-05T06:20:19Z,8ffb7a6fedcf1e99ff5673e850f80ff0d99a11bc118465eb8c9876574908cd39,False
400862814:126073067,118252907,118252907,trade,Buy,GOLD,0.01,,5163.33,,,0.0,0.0,,0.0,,0,,400862814,A_main_trade,USD,2026-03-04T08:46:55+02:00,2026-03-04T08:46:55+02:00,2026-03-04T13:46:55+07:00,2026-03-04T13:46:55+07:00,2026-03-04,2026-03-04,,,,,,,MT5,9d864068-d1b1-4015-9897-cdce8cb7ce7b,2026-03-05T06:20:19Z,1544f27c126e13093668ce62e95e6fe574b76b89162484470a960f703bd79ac0,False
400862814:126073050,118252892,118252892,trade,Buy,GOLD,0.01,,5164.45,,,0.0,0.0,,0.0,,0,,400862814,A_main_trade,USD,2026-03-04T08:46:50+02:00,2026-03-04T08:46:50+02:00,2026-03-04T13:46:50+07:00,2026-03-04T13:46:50+07:00,2026-03-04,2026-03-04,,,,,,,MT5,9d864068-d1b1-4015-9897-cdce8cb7ce7b,2026-03-05T06:20:19Z,22758a7b5dbf06476cc96b5bbb1b93370fadcd21a09ad9a4027ca8e77d97fc94,False
400862814:126072835,118252695,118252130,trade,Sell,GOLD,0.01,,5163.9,,,0.0,0.0,,1.33,,0,,400862814,A_main_trade,USD,2026-03-04T08:46:18+02:00,2026-03-04T08:46:18+02:00,2026-03-04T13:46:18+07:00,2026-03-04T13:46:18+07:00,2026-03-04,2026-03-04,,,,,,,MT5,9d864068-d1b1-4015-9897-cdce8cb7ce7b,2026-03-05T06:20:19Z,766f039caf25f4530ea0665b959c249ec28944c24b79645dd8742efc5009a0f0,False
400862814:126072836,118252693,118252037,trade,Sell,GOLD,0.01,,5163.9,,,0.0,0.0,,1.96,,0,,400862814,A_main_trade,USD,2026-03-04T08:46:18+02:00,2026-03-04T08:46:18+02:00,2026-03-04T13:46:18+07:00,2026-03-04T13:46:18+07:00,2026-03-04,2026-03-04,,,,,,,MT5,9d864068-d1b1-4015-9897-cdce8cb7ce7b,2026-03-05T06:20:19Z,544f3965da5790475cb6767af2dd26d7aa1a525abd35d105593d48dc4b1900ce,False
400862814:126072837,118252694,118252047,trade,Sell,GOLD,0.01,,5163.9,,,0.0,0.0,,1.97,,0,,400862814,A_main_trade,USD,2026-03-04T08:46:18+02:00,2026-03-04T08:46:18+02:00,2026-03-04T13:46:18+07:00,2026-03-04T13:46:18+07:00,2026-03-04,2026-03-04,,,,,,,MT5,9d864068-d1b1-4015-9897-cdce8cb7ce7b,2026-03-05T06:20:19Z,68a49cd659a6a20e9a2080ca96589c7c055173fddc82bad796408e03325f9e27,False
400862814:126072248,118252130,118252130,trade,Buy,GOLD,0.01,,5162.57,,,0.0,0.0,,0.0,,0,,400862814,A_main_trade,USD,2026-03-04T08:45:05+02:00,2026-03-04T08:45:05+02:00,2026-03-04T13:45:05+07:00,2026-03-04T13:45:05+07:00,2026-03-04,2026-03-04,,,,,,,MT5,9d864068-d1b1-4015-9897-cdce8cb7ce7b,2026-03-05T06:20:19Z,f6e1e370f82a224ed046e80ca4b519dfb04e4a7c3e4139d475aacccbf02609ef,False
400862814:126072162,118252047,118252047,trade,Buy,GOLD,0.01,,5161.93,,,0.0,0.0,,0.0,,0,,400862814,A_main_trade,USD,2026-03-04T08:44:52+02:00,2026-03-04T08:44:52+02:00,2026-03-04T13:44:52+07:00,2026-03-04T13:44:52+07:00,2026-03-04,2026-03-04,,,,,,,MT5,9d864068-d1b1-4015-9897-cdce8cb7ce7b,2026-03-05T06:20:19Z,13fbd6f72cf2680c1736bbb1758123acb4ab171b100accd8e989d00139f9660e,False
400862814:126072149,118252037,118252037,trade,Buy,GOLD,0.01,,5161.94,,,0.0,0.0,,0.0,,0,,400862814,A_main_trade,USD,2026-03-04T08:44:50+02:00,2026-03-04T08:44:50+02:00,2026-03-04T13:44:50+07:00,2026-03-04T13:44:50+07:00,2026-03-04,2026-03-04,,,,,,,MT5,9d864068-d1b1-4015-9897-cdce8cb7ce7b,2026-03-05T06:20:19Z,2350aa05b5f98345f0e26cdd5132c2312ba7b40f4ac0cf36d0f0bec86016fba7,False
400862814:126068625,118248753,118243966,trade,Sell,GOLD,0.01,,5159.16,,,0.0,0.0,,-7.91,,0,,400862814,A_main_trade,USD,2026-03-04T08:41:25+02:00,2026-03-04T08:41:25+02:00,2026-03-04T13:41:25+07:00,2026-03-04T13:41:25+07:00,2026-03-04,2026-03-04,,,,,,,MT5,9d864068-d1b1-4015-9897-cdce8cb7ce7b,2026-03-05T06:20:19Z,5c1f0c3a1848b324b8ac020f8d4f6fc7dd3f5f9795a39ff0671327723ea2683a,False
400862814:126068626,118248752,118244576,trade,Sell,GOLD,0.01,,5159.16,,,0.0,0.0,,-6.96,,0,,400862814,A_main_trade,USD,2026-03-04T08:41:25+02:00,2026-03-04T08:41:25+02:00,2026-03-04T13:41:25+07:00,2026-03-04T13:41:25+07:00,2026-03-04,2026-03-04,,,,,,,MT5,9d864068-d1b1-4015-9897-cdce8cb7ce7b,2026-03-05T06:20:19Z,0ff7bb95cf21542b0419dc713a178061bf15a196789c2d2db8caed2b467fc860,False
400862814:126068627,118248750,118245739,trade,Sell,GOLD,0.01,,5159.16,,,0.0,0.0,,-8.16,,0,,400862814,A_main_trade,USD,2026-03-04T08:41:25+02:00,2026-03-04T08:41:25+02:00,2026-03-04T13:41:25+07:00,2026-03-04T13:41:25+07:00,2026-03-04,2026-03-04,,,,,,,MT5,9d864068-d1b1-4015-9897-cdce8cb7ce7b,2026-03-05T06:20:19Z,b3f19b76f7d58f54051a691a62038366ffdcb601b2eb2fb2a802fabb35021453,False
400862814:126068628,118248751,118245244,trade,Sell,GOLD,0.01,,5159.16,,,0.0,0.0,,-7.78,,0,,400862814,A_main_trade,USD,2026-03-04T08:41:25+02:00,2026-03-04T08:41:25+02:00,2026-03-04T13:41:25+07:00,2026-03-04T13:41:25+07:00,2026-03-04,2026-03-04,,,,,,,MT5,9d864068-d1b1-4015-9897-cdce8cb7ce7b,2026-03-05T06:20:19Z,5e3ff5ef7b95b06d7438b626377e6826151fbb73c69dbb8c8cfc4028c25e98b3,False
400862814:126065450,118245739,118245739,trade,Buy,GOLD,0.01,,5167.32,,,0.0,0.0,,0.0,,0,,400862814,A_main_trade,USD,2026-03-04T08:35:11+02:00,2026-03-04T08:35:11+02:00,2026-03-04T13:35:11+07:00,2026-03-04T13:35:11+07:00,2026-03-04,2026-03-04,,,,,,,MT5,9d864068-d1b1-4015-9897-cdce8cb7ce7b,2026-03-05T06:20:19Z,24f8b36baf2bc709f4ca26043e008dd8c2c953bac5c48f5ba4d74d1ad4a16fff,False
400862814:126065368,118245659,118245106,trade,Sell,GOLD,0.01,,5167.9,,,0.0,0.0,,-0.13,,0,,400862814,A_main_trade,USD,2026-03-04T08:35:03+02:00,2026-03-04T08:35:03+02:00,2026-03-04T13:35:03+07:00,2026-03-04T13:35:03+07:00,2026-03-04,2026-03-04,,,,,,,MT5,9d864068-d1b1-4015-9897-cdce8cb7ce7b,2026-03-05T06:20:19Z,50552146b72e65a0af1e348c52110e7fbc3cd1c747124c9ec573d7dfd1d7ab45,False
400862814:126064938,118245244,118245244,trade,Buy,GOLD,0.01,,5166.94,,,0.0,0.0,,0.0,,0,,400862814,A_main_trade,USD,2026-03-04T08:33:55+02:00,2026-03-04T08:33:55+02:00,2026-03-04T13:33:55+07:00,2026-03-04T13:33:55+07:00,2026-03-04,2026-03-04,,,,,,,MT5,9d864068-d1b1-4015-9897-cdce8cb7ce7b,2026-03-05T06:20:19Z,4aca9abd12cd76221d17948c17b0501fe6721e4c4290d6de78308a5a8bee15f2,False
400862814:126064790,118245106,118245106,trade,Buy,GOLD,0.01,,5168.03,,,0.0,0.0,,0.0,,0,,400862814,A_main_trade,USD,2026-03-04T08:33:16+02:00,2026-03-04T08:33:16+02:00,2026-03-04T13:33:16+07:00,2026-03-04T13:33:16+07:00,2026-03-04,2026-03-04,,,,,,,MT5,9d864068-d1b1-4015-9897-cdce8cb7ce7b,2026-03-05T06:20:19Z,1f904340fc670c255e2b146568a1986dd47901d0d82812599261835ca00dbf9f,False
400862814:126064575,118244914,118243919,trade,Sell,GOLD,0.01,,5168.51,,,0.0,0.0,,0.49,,0,,400862814,A_main_trade,USD,2026-03-04T08:32:45+02:00,2026-03-04T08:32:45+02:00,2026-03-04T13:32:45+07:00,2026-03-04T13:32:45+07:00,2026-03-04,2026-03-04,,,,,,,MT5,9d864068-d1b1-4015-9897-cdce8cb7ce7b,2026-03-05T06:20:19Z,48eda8ad148795bf2ca26079b1eb4713051daa2da30a8259e6e3ff0ff76a4f59,False
400862814:126064554,118244894,118243922,trade,Sell,GOLD,0.01,,5168.37,,,0.0,0.0,,0.28,,0,,400862814,A_main_trade,USD,2026-03-04T08:32:42+02:00,2026-03-04T08:32:42+02:00,2026-03-04T13:32:42+07:00,2026-03-04T13:32:42+07:00,2026-03-04,2026-03-04,,,,,,,MT5,9d864068-d1b1-4015-9897-cdce8cb7ce7b,2026-03-05T06:20:19Z,9ca5822b67fb6c67816aa1ed5fbce223d0f9152c46e96336cab9e90439fe63f5,False
400862814:126064217,118244576,118244576,trade,Buy,GOLD,0.01,,5166.12,,,0.0,0.0,,0.0,,0,,400862814,A_main_trade,USD,2026-03-04T08:31:47+02:00,2026-03-04T08:31:47+02:00,2026-03-04T13:31:47+07:00,2026-03-04T13:31:47+07:00,2026-03-04,2026-03-04,,,,,,,MT5,9d864068-d1b1-4015-9897-cdce8cb7ce7b,2026-03-05T06:20:19Z,424d4442f18bb166db554701139d103a6b94b9091320f88d34efe0b391114ee1,False
400862814:126063576,118243966,118243966,trade,Buy,GOLD,0.01,,5167.07,,,0.0,0.0,,0.0,,0,,400862814,A_main_trade,USD,2026-03-04T08:30:56+02:00,2026-03-04T08:30:56+02:00,2026-03-04T13:30:56+07:00,2026-03-04T13:30:56+07:00,2026-03-04,2026-03-04,,,,,,,MT5,9d864068-d1b1-4015-9897-cdce8cb7ce7b,2026-03-05T06:20:19Z,4a8f514d376a670dc99f6cdb633830c5017937a4f99f6a211ee3ad7a5e02a3ff,False
400862814:126063536,118243922,118243922,trade,Buy,GOLD,0.01,,5168.09,,,0.0,0.0,,0.0,,0,,400862814,A_main_trade,USD,2026-03-04T08:30:39+02:00,2026-03-04T08:30:39+02:00,2026-03-04T13:30:39+07:00,2026-03-04T13:30:39+07:00,2026-03-04,2026-03-04,,,,,,,MT5,9d864068-d1b1-4015-9897-cdce8cb7ce7b,2026-03-05T06:20:19Z,2bfc83199eaaca44fa23724b0d09f4eeac5c32aa9bb824f393adfd57c63c5275,False
400862814:126063531,118243919,118243919,trade,Buy,GOLD,0.01,,5168.02,,,0.0,0.0,,0.0,,0,,400862814,A_main_trade,USD,2026-03-04T08:30:37+02:00,2026-03-04T08:30:37+02:00,2026-03-04T13:30:37+07:00,2026-03-04T13:30:37+07:00,2026-03-04,2026-03-04,,,,,,,MT5,9d864068-d1b1-4015-9897-cdce8cb7ce7b,2026-03-05T06:20:19Z,e6808a32a027f7398ae2951d681ebf86faa6892b236fdf94741e9786f69a895a,False
400862814:126030823,118213059,118211956,trade,Sell,GOLD,0.01,,5162.55,,,0.0,0.0,,3.9,,0,,400862814,A_main_trade,USD,2026-03-04T07:20:38+02:00,2026-03-04T07:20:38+02:00,2026-03-04T12:20:38+07:00,2026-03-04T12:20:38+07:00,2026-03-04,2026-03-04,,,,,,,MT5,9d864068-d1b1-4015-9897-cdce8cb7ce7b,2026-03-05T06:20:19Z,fbebd73442043e5b4a455062c16905838b442e800b5cab2e578dc28231c99115,False
400862814:126030579,118212818,118212106,trade,Sell,GOLD,0.01,,5161.21,,,0.0,0.0,,2.5300000000000002,,0,,400862814,A_main_trade,USD,2026-03-04T07:20:15+02:00,2026-03-04T07:20:15+02:00,2026-03-04T12:20:15+07:00,2026-03-04T12:20:15+07:00,2026-03-04,2026-03-04,,,,,,,MT5,9d864068-d1b1-4015-9897-cdce8cb7ce7b,2026-03-05T06:20:19Z,eec331727582ed1488c9218a365f074df5295db4127cbe0efe518971b5f0d198,False
400862814:126030045,118212311,118212057,trade,Sell,GOLD,0.01,,5160.33,,,0.0,0.0,,0.91,,0,,400862814,A_main_trade,USD,2026-03-04T07:19:16+02:00,2026-03-04T07:19:16+02:00,2026-03-04T12:19:16+07:00,2026-03-04T12:19:16+07:00,2026-03-04,2026-03-04,,,,,,,MT5,9d864068-d1b1-4015-9897-cdce8cb7ce7b,2026-03-05T06:20:19Z,2eaa46b4f26c9c9d4a5ffec585d3db4c229d6fde4b6415047d6c8dfb971a919a,False
400862814:126029837,118212106,118212106,trade,Buy,GOLD,0.01,,5158.68,,,0.0,0.0,,0.0,,0,,400862814,A_main_trade,USD,2026-03-04T07:18:47+02:00,2026-03-04T07:18:47+02:00,2026-03-04T12:18:47+07:00,2026-03-04T12:18:47+07:00,2026-03-04,2026-03-04,,,,,,,MT5,9d864068-d1b1-4015-9897-cdce8cb7ce7b,2026-03-05T06:20:19Z,1e53da23a2a7860525005438680a3669cd17ef4cf7aff225e4145b0820f5cf8d,False
400862814:126029781,118212057,118212057,trade,Buy,GOLD,0.01,,5159.42,,,0.0,0.0,,0.0,,0,,400862814,A_main_trade,USD,2026-03-04T07:18:30+02:00,2026-03-04T07:18:30+02:00,2026-03-04T12:18:30+07:00,2026-03-04T12:18:30+07:00,2026-03-04,2026-03-04,,,,,,,MT5,9d864068-d1b1-4015-9897-cdce8cb7ce7b,2026-03-05T06:20:19Z,9d2b6e22c32a39e00a27fc0f799d73dc594a7533fa0c8e76cb8ab0e7c765342f,False
400862814:126029676,118211956,118211956,trade,Buy,GOLD,0.01,,5158.65,,,0.0,0.0,,0.0,,0,,400862814,A_main_trade,USD,2026-03-04T07:18:13+02:00,2026-03-04T07:18:13+02:00,2026-03-04T12:18:13+07:00,2026-03-04T12:18:13+07:00,2026-03-04,2026-03-04,,,,,,,MT5,9d864068-d1b1-4015-9897-cdce8cb7ce7b,2026-03-05T06:20:19Z,abce6f0925ab6be51062ddc2c30bb4a63d8821fa69723b8292797373c80c48ff,False
400862814:126029268,118211557,118209787,trade,Sell,GOLD,0.01,,5160.0,,,0.0,0.0,,4.5,,0,,400862814,A_main_trade,USD,2026-03-04T07:17:25+02:00,2026-03-04T07:17:25+02:00,2026-03-04T12:17:25+07:00,2026-03-04T12:17:25+07:00,2026-03-04,2026-03-04,,,,,,,MT5,9d864068-d1b1-4015-9897-cdce8cb7ce7b,2026-03-05T06:20:19Z,55237ffce7d24f3ac800158a00cccf887e130e92c5a7440c7dcbd20cc22c4e5b,False
400862814:126028953,118211267,118209860,trade,Sell,GOLD,0.01,,5157.09,,,0.0,0.0,,1.67,,0,,400862814,A_main_trade,USD,2026-03-04T07:17:13+02:00,2026-03-04T07:17:13+02:00,2026-03-04T12:17:13+07:00,2026-03-04T12:17:13+07:00,2026-03-04,2026-03-04,,,,,,,MT5,9d864068-d1b1-4015-9897-cdce8cb7ce7b,2026-03-05T06:20:19Z,24a0ccc52f64034c7b40af626de782f99351a43f04c06dcc9d3d3d422e30dc1a,False
400862814:126028914,118211230,118211027,trade,Buy,GOLD,0.01,,5157.65,,,0.0,0.0,,-3.5300000000000002,,0,,400862814,A_main_trade,USD,2026-03-04T07:17:10+02:00,2026-03-04T07:17:10+02:00,2026-03-04T12:17:10+07:00,2026-03-04T12:17:10+07:00,2026-03-04,2026-03-04,,,,,,,MT5,9d864068-d1b1-4015-9897-cdce8cb7ce7b,2026-03-05T06:20:19Z,04b5c95498385cf591371ac2c51ca4feaa31d59ec209d742f3da3d5793349bbe,False
400862814:126028889,118211210,118210769,trade,Buy,GOLD,0.01,,5157.64,,,0.0,0.0,,-4.78,,0,,400862814,A_main_trade,USD,2026-03-04T07:17:09+02:00,2026-03-04T07:17:09+02:00,2026-03-04T12:17:09+07:00,2026-03-04T12:17:09+07:00,2026-03-04,2026-03-04,,,,,,,MT5,9d864068-d1b1-4015-9897-cdce8cb7ce7b,2026-03-05T06:20:19Z,abf26346e64ceb21b0f41ef501c0f6f3041895d82d3cba4a837f6b41e90c7871,False
400862814:126028701,118211027,118211027,trade,Sell,GOLD,0.01,,5154.12,,,0.0,0.0,,0.0,,0,,400862814,A_main_trade,USD,2026-03-04T07:16:43+02:00,2026-03-04T07:16:43+02:00,2026-03-04T12:16:43+07:00,2026-03-04T12:16:43+07:00,2026-03-04,2026-03-04,,,,,,,MT5,9d864068-d1b1-4015-9897-cdce8cb7ce7b,2026-03-05T06:20:19Z,111da4eb03f5ce4a97b8cdafbd050c9b58403171ec7f1abde3d29e26466d7723,False
400862814:126028425,118210769,118210769,trade,Sell,GOLD,0.01,,5152.86,,,0.0,0.0,,0.0,,0,,400862814,A_main_trade,USD,2026-03-04T07:16:12+02:00,2026-03-04T07:16:12+02:00,2026-03-04T12:16:12+07:00,2026-03-04T12:16:12+07:00,2026-03-04,2026-03-04,,,,,,,MT5,9d864068-d1b1-4015-9897-cdce8cb7ce7b,2026-03-05T06:20:19Z,32d380bfd55f873bc945786ecb9a0e3c66793807e6495f36050bbe554705ee11,False
400862814:126028291,118210639,118210069,trade,Sell,GOLD,0.01,,5151.73,,,0.0,0.0,,-4.91,,0,,400862814,A_main_trade,USD,2026-03-04T07:15:53+02:00,2026-03-04T07:15:53+02:00,2026-03-04T12:15:53+07:00,2026-03-04T12:15:53+07:00,2026-03-04,2026-03-04,,,,,,,MT5,9d864068-d1b1-4015-9897-cdce8cb7ce7b,2026-03-05T06:20:19Z,92a95aaf13f553a5b9f7380b59c489b12e548e5e8cfc25015f1ccab71243e534,False
400862814:126028257,118210607,118210058,trade,Sell,GOLD,0.01,,5152.14,,,0.0,0.0,,-5.0,,0,,400862814,A_main_trade,USD,2026-03-04T07:15:50+02:00,2026-03-04T07:15:50+02:00,2026-03-04T12:15:50+07:00,2026-03-04T12:15:50+07:00,2026-03-04,2026-03-04,,,,,,,MT5,9d864068-d1b1-4015-9897-cdce8cb7ce7b,2026-03-05T06:20:19Z,8d200630d5e92018930c51f880cefbf27b96e94898bd771619e1f6abd4e24cb9,False
400862814:126027698,118210069,118210069,trade,Buy,GOLD,0.01,,5156.64,,,0.0,0.0,,0.0,,0,,400862814,A_main_trade,USD,2026-03-04T07:14:52+02:00,2026-03-04T07:14:52+02:00,2026-03-04T12:14:52+07:00,2026-03-04T12:14:52+07:00,2026-03-04,2026-03-04,,,,,,,MT5,9d864068-d1b1-4015-9897-cdce8cb7ce7b,2026-03-05T06:20:19Z,d4183ef22f50537352070cc020c79f0e5ce15fa290b71dde943b2d6539a252e2,False
400862814:126027683,118210058,118210058,trade,Buy,GOLD,0.01,,5157.14,,,0.0,0.0,,0.0,,0,,400862814,A_main_trade,USD,2026-03-04T07:14:50+02:00,2026-03-04T07:14:50+02:00,2026-03-04T12:14:50+07:00,2026-03-04T12:14:50+07:00,2026-03-04,2026-03-04,,,,,,,MT5,9d864068-d1b1-4015-9897-cdce8cb7ce7b,2026-03-05T06:20:19Z,10a84ffe89fb51768b75fd173fd2ad1aaef1506069d7e53831b99f5c300d5325,False
400862814:126027475,118209860,118209860,trade,Buy,GOLD,0.01,,5155.42,,,0.0,0.0,,0.0,,0,,400862814,A_main_trade,USD,2026-03-04T07:14:21+02:00,2026-03-04T07:14:21+02:00,2026-03-04T12:14:21+07:00,2026-03-04T12:14:21+07:00,2026-03-04,2026-03-04,,,,,,,MT5,9d864068-d1b1-4015-9897-cdce8cb7ce7b,2026-03-05T06:20:19Z,91bc2f2798e2e5eb4da991462cfc210cdbf8424243b37c74901a9527f175d9f9,False
400862814:126027396,118209787,118209787,trade,Buy,GOLD,0.01,,5155.5,,,0.0,0.0,,0.0,,0,,400862814,A_main_trade,USD,2026-03-04T07:14:01+02:00,2026-03-04T07:14:01+02:00,2026-03-04T12:14:01+07:00,2026-03-04T12:14:01+07:00,2026-03-04,2026-03-04,,,,,,,MT5,9d864068-d1b1-4015-9897-cdce8cb7ce7b,2026-03-05T06:20:19Z,910e5ea4d36ae3ac4e618a5350934f9bd00f3be96b90a461508e2ca2c1be92b3,False
400862814:126025325,118207846,118207294,trade,Sell,GOLD,0.01,,5152.7,,,0.0,0.0,,1.5699999999999998,,0,,400862814,A_main_trade,USD,2026-03-04T07:09:55+02:00,2026-03-04T07:09:55+02:00,2026-03-04T12:09:55+07:00,2026-03-04T12:09:55+07:00,2026-03-04,2026-03-04,,,,,,,MT5,9d864068-d1b1-4015-9897-cdce8cb7ce7b,2026-03-05T06:20:19Z,af18694649246e75d4e5599a84892fc8083df6b3535d0d94a7d7b06511738dcb,False
400862814:126024736,118207294,118207294,trade,Buy,GOLD,0.01,,5151.13,,,0.0,0.0,,0.0,,0,,400862814,A_main_trade,USD,2026-03-04T07:09:11+02:00,2026-03-04T07:09:11+02:00,2026-03-04T12:09:11+07:00,2026-03-04T12:09:11+07:00,2026-03-04,2026-03-04,,,,,,,MT5,9d864068-d1b1-4015-9897-cdce8cb7ce7b,2026-03-05T06:20:19Z,81278431bf0ace5766e1d7eb7be73d95c4395d1ee0f4b7a0d91a2737119af4e6,False
400862814:126021931,118204703,118203749,trade,Sell,GOLD,0.01,,5141.66,,,0.0,0.0,,-6.98,,0,,400862814,A_main_trade,USD,2026-03-04T07:04:54+02:00,2026-03-04T07:04:54+02:00,2026-03-04T12:04:54+07:00,2026-03-04T12:04:54+07:00,2026-03-04,2026-03-04,,,,,,,MT5,9d864068-d1b1-4015-9897-cdce8cb7ce7b,2026-03-05T06:20:19Z,f7bcce0f3b648b2237dd248d18360355442dca90792c36c845c5a5ec20b5f63c,False
400862814:126021911,118204663,118203810,trade,Sell,GOLD,0.01,,5141.56,,,0.0,0.0,,-6.08,,0,,400862814,A_main_trade,USD,2026-03-04T07:04:53+02:00,2026-03-04T07:04:53+02:00,2026-03-04T12:04:53+07:00,2026-03-04T12:04:53+07:00,2026-03-04,2026-03-04,,,,,,,MT5,9d864068-d1b1-4015-9897-cdce8cb7ce7b,2026-03-05T06:20:19Z,cc61d3c01959cd9145d8fbd0a54fc536dd4b65528d360e381281c1e34d8bd1f2,False
400862814:126021486,118204333,118198810,trade,Sell,GOLD,0.01,,5144.5,,,0.0,0.0,,-15.32,,0,,400862814,A_main_trade,USD,2026-03-04T07:04:43+02:00,2026-03-04T07:04:43+02:00,2026-03-04T12:04:43+07:00,2026-03-04T12:04:43+07:00,2026-03-04,2026-03-04,,,,,,,MT5,9d864068-d1b1-4015-9897-cdce8cb7ce7b,2026-03-05T06:20:19Z,c1480e8e95d3d929eaf34dc156d6c0640b0269cde6dbdab6e8e07bb99e5c5adc,False
400862814:126021330,118204186,118198851,trade,Sell,GOLD,0.01,,5145.71,,,0.0,0.0,,-14.65,,0,,400862814,A_main_trade,USD,2026-03-04T07:04:30+02:00,2026-03-04T07:04:30+02:00,2026-03-04T12:04:30+07:00,2026-03-04T12:04:30+07:00,2026-03-04,2026-03-04,,,,,,,MT5,9d864068-d1b1-4015-9897-cdce8cb7ce7b,2026-03-05T06:20:19Z,a7543b3837fa0fe4164c5179793a1a85efb7d1c9d5fb97d2c67ae54285b42849,False
400862814:126021322,118204177,118199966,trade,Sell,GOLD,0.01,,5145.71,,,0.0,0.0,,-12.98,,0,,400862814,A_main_trade,USD,2026-03-04T07:04:29+02:00,2026-03-04T07:04:29+02:00,2026-03-04T12:04:29+07:00,2026-03-04T12:04:29+07:00,2026-03-04,2026-03-04,,,,,,,MT5,9d864068-d1b1-4015-9897-cdce8cb7ce7b,2026-03-05T06:20:19Z,dc144c791100300939722fb2341d04c5101ae23ac23251a69e01b4e3240b35ba,False
400862814:126020945,118203810,118203810,trade,Buy,GOLD,0.01,,5147.64,,,0.0,0.0,,0.0,,0,,400862814,A_main_trade,USD,2026-03-04T07:03:57+02:00,2026-03-04T07:03:57+02:00,2026-03-04T12:03:57+07:00,2026-03-04T12:03:57+07:00,2026-03-04,2026-03-04,,,,,,,MT5,9d864068-d1b1-4015-9897-cdce8cb7ce7b,2026-03-05T06:20:19Z,74c87b877470833e1881ad84ab87a3450ff0a3a07df4714c2c7f3244bd2ddd3e,False
400862814:126020928,118203790,118198675,trade,Sell,GOLD,0.01,,5147.96,,,0.0,0.0,,-13.16,,0,,400862814,A_main_trade,USD,2026-03-04T07:03:54+02:00,2026-03-04T07:03:54+02:00,2026-03-04T12:03:54+07:00,2026-03-04T12:03:54+07:00,2026-03-04,2026-03-04,,,,,,,MT5,9d864068-d1b1-4015-9897-cdce8cb7ce7b,2026-03-05T06:20:19Z,f7c117f9dd15576d35e415607c07dad3bfb5874bb211ada4d0b6f465c2d4a7b5,False
400862814:126020885,118203749,118203749,trade,Buy,GOLD,0.01,,5148.64,,,0.0,0.0,,0.0,,0,,400862814,A_main_trade,USD,2026-03-04T07:03:50+02:00,2026-03-04T07:03:50+02:00,2026-03-04T12:03:50+07:00,2026-03-04T12:03:50+07:00,2026-03-04,2026-03-04,,,,,,,MT5,9d864068-d1b1-4015-9897-cdce8cb7ce7b,2026-03-05T06:20:19Z,fa89b807dec08a3e1bf849d7a33eda8b54ae305498e6c7891cccb9e080606db3,False
400862814:126020831,118203688,118198957,trade,Sell,GOLD,0.01,,5147.83,,,0.0,0.0,,-13.49,,0,,400862814,A_main_trade,USD,2026-03-04T07:03:44+02:00,2026-03-04T07:03:44+02:00,2026-03-04T12:03:44+07:00,2026-03-04T12:03:44+07:00,2026-03-04,2026-03-04,,,,,,,MT5,9d864068-d1b1-4015-9897-cdce8cb7ce7b,2026-03-05T06:20:19Z,4fd39e9a782fb91ea1b7b638332d39fa30782f98157f8caf498710b0241a15f1,False
400862814:126020677,118203555,118198442,trade,Sell,GOLD,0.01,,5147.65,,,0.0,0.0,,-16.16,,0,,400862814,A_main_trade,USD,2026-03-04T07:03:35+02:00,2026-03-04T07:03:35+02:00,2026-03-04T12:03:35+07:00,2026-03-04T12:03:35+07:00,2026-03-04,2026-03-04,,,,,,,MT5,9d864068-d1b1-4015-9897-cdce8cb7ce7b,2026-03-05T06:20:19Z,6695c14d928d1c7aec16b887d385dc3be0e3bb45791fbc70f1dfbb8a69bab5db,False
400862814:126016640,118199966,118199966,trade,Buy,GOLD,0.01,,5158.69,,,0.0,0.0,,0.0,,0,,400862814,A_main_trade,USD,2026-03-04T06:58:32+02:00,2026-03-04T06:58:32+02:00,2026-03-04T11:58:32+07:00,2026-03-04T11:58:32+07:00,2026-03-04,2026-03-04,,,,,,,MT5,9d864068-d1b1-4015-9897-cdce8cb7ce7b,2026-03-05T06:20:19Z,34f12bb132e743fc326f769f83a512f1b6a524a75067885dbf26cb2e0c8ada23,False
400862814:126015581,118198957,118198957,trade,Buy,GOLD,0.01,,5161.32,,,0.0,0.0,,0.0,,0,,400862814,A_main_trade,USD,2026-03-04T06:56:50+02:00,2026-03-04T06:56:50+02:00,2026-03-04T11:56:50+07:00,2026-03-04T11:56:50+07:00,2026-03-04,2026-03-04,,,,,,,MT5,9d864068-d1b1-4015-9897-cdce8cb7ce7b,2026-03-05T06:20:19Z,dd1a31071ca97501e6768545f8d2ee10265a20f92badd00c99b0ea261b505342,False
400862814:126015474,118198851,118198851,trade,Buy,GOLD,0.01,,5160.36,,,0.0,0.0,,0.0,,0,,400862814,A_main_trade,USD,2026-03-04T06:56:38+02:00,2026-03-04T06:56:38+02:00,2026-03-04T11:56:38+07:00,2026-03-04T11:56:38+07:00,2026-03-04,2026-03-04,,,,,,,MT5,9d864068-d1b1-4015-9897-cdce8cb7ce7b,2026-03-05T06:20:19Z,98a50eaaa3a120863688680031ef4b3a55f7108e4974e47dc22619b63bdd4811,False
400862814:126015428,118198810,118198810,trade,Buy,GOLD,0.01,,5159.82,,,0.0,0.0,,0.0,,0,,400862814,A_main_trade,USD,2026-03-04T06:56:36+02:00,2026-03-04T06:56:36+02:00,2026-03-04T11:56:36+07:00,2026-03-04T11:56:36+07:00,2026-03-04,2026-03-04,,,,,,,MT5,9d864068-d1b1-4015-9897-cdce8cb7ce7b,2026-03-05T06:20:19Z,c4a7fe0485eb7be3bc3172510f4c7b939869bec62cc62625b43dab9f52a5e75d,False
400862814:126015278,118198675,118198675,trade,Buy,GOLD,0.01,,5161.12,,,0.0,0.0,,0.0,,0,,400862814,A_main_trade,USD,2026-03-04T06:56:27+02:00,2026-03-04T06:56:27+02:00,2026-03-04T11:56:27+07:00,2026-03-04T11:56:27+07:00,2026-03-04,2026-03-04,,,,,,,MT5,9d864068-d1b1-4015-9897-cdce8cb7ce7b,2026-03-05T06:20:19Z,7ae439c35d1e6fb5617d3cedd7fbabac2d809d33bd749014ac5422d37b8132c1,False
400862814:126015024,118198442,118198442,trade,Buy,GOLD,0.01,,5163.81,,,0.0,0.0,,0.0,,0,,400862814,A_main_trade,USD,2026-03-04T06:56:12+02:00,2026-03-04T06:56:12+02:00,2026-03-04T11:56:12+07:00,2026-03-04T11:56:12+07:00,2026-03-04,2026-03-04,,,,,,,MT5,9d864068-d1b1-4015-9897-cdce8cb7ce7b,2026-03-05T06:20:19Z,7b90b54f2c12a37e469586b7c204f0744b9c4c95778f9ac7fa2d1687d4134f4d,False
400862814:125702257,117905407,117904627,trade,Buy,GOLD,0.01,,5118.65,,,0.0,0.0,,-3.98,,0,,400862814,A_main_trade,USD,2026-03-03T20:23:24+02:00,2026-03-03T20:23:24+02:00,2026-03-04T01:23:24+07:00,2026-03-04T01:23:24+07:00,2026-03-03,2026-03-04,,,,,,,MT5,c78ab33c-14e2-4b19-a36e-b7574f9b02a2,2026-03-05T06:19:55Z,9d8f69895df082ce95fde81a308e3c731fe0cf8e4183583e3743669c528c3f38,False
400862814:125702121,117905294,117904610,trade,Buy,GOLD,0.01,,5116.61,,,0.0,0.0,,-3.04,,0,,400862814,A_main_trade,USD,2026-03-03T20:23:05+02:00,2026-03-03T20:23:05+02:00,2026-03-04T01:23:05+07:00,2026-03-04T01:23:05+07:00,2026-03-03,2026-03-04,,,,,,,MT5,c78ab33c-14e2-4b19-a36e-b7574f9b02a2,2026-03-05T06:19:55Z,fcd6449dfdaf0916e434db3758467efbbe649a42ff64e71467f5b5446e77b858,False
400862814:125701397,117904627,117904627,trade,Sell,GOLD,0.01,,5114.67,,,0.0,0.0,,0.0,,0,,400862814,A_main_trade,USD,2026-03-03T20:22:28+02:00,2026-03-03T20:22:28+02:00,2026-03-04T01:22:28+07:00,2026-03-04T01:22:28+07:00,2026-03-03,2026-03-04,,,,,,,MT5,c78ab33c-14e2-4b19-a36e-b7574f9b02a2,2026-03-05T06:19:55Z,2870daa0b1afd61ad7fc82b03d3008d1651cd5276f3d6867094dd13ee1bb6116,False
400862814:125701380,117904610,117904610,trade,Sell,GOLD,0.01,,5113.57,,,0.0,0.0,,0.0,,0,,400862814,A_main_trade,USD,2026-03-03T20:22:27+02:00,2026-03-03T20:22:27+02:00,2026-03-04T01:22:27+07:00,2026-03-04T01:22:27+07:00,2026-03-03,2026-03-04,,,,,,,MT5,c78ab33c-14e2-4b19-a36e-b7574f9b02a2,2026-03-05T06:19:55Z,43904c90489f494d75f47f136e7ef07ed4dddffa952595a0cb5adb55d4929d29,False
400862814:125701288,117904515,117902136,trade,Buy,GOLD,0.01,,5115.06,,,0.0,0.0,,-8.05,,0,,400862814,A_main_trade,USD,2026-03-03T20:22:23+02:00,2026-03-03T20:22:23+02:00,2026-03-04T01:22:23+07:00,2026-03-04T01:22:23+07:00,2026-03-03,2026-03-04,,,,,,,MT5,c78ab33c-14e2-4b19-a36e-b7574f9b02a2,2026-03-05T06:19:55Z,eabb1e02ac373cb047e1590cacc2deaba696faa625f8dbe679a06050e2b3f03c,False
400862814:125701250,117904479,117901521,trade,Buy,GOLD,0.01,,5115.12,,,0.0,0.0,,-9.94,,0,,400862814,A_main_trade,USD,2026-03-03T20:22:21+02:00,2026-03-03T20:22:21+02:00,2026-03-04T01:22:21+07:00,2026-03-04T01:22:21+07:00,2026-03-03,2026-03-04,,,,,,,MT5,c78ab33c-14e2-4b19-a36e-b7574f9b02a2,2026-03-05T06:19:55Z,864d4b9e6b842eed74a4ba99ef20412f2251525da9319995918c6d8f4c0587b4,False
400862814:125701198,117904429,117901621,trade,Buy,GOLD,0.01,,5114.29,,,0.0,0.0,,-5.71,,0,,400862814,A_main_trade,USD,2026-03-03T20:22:18+02:00,2026-03-03T20:22:18+02:00,2026-03-04T01:22:18+07:00,2026-03-04T01:22:18+07:00,2026-03-03,2026-03-04,,,,,,,MT5,c78ab33c-14e2-4b19-a36e-b7574f9b02a2,2026-03-05T06:19:55Z,c616bedc1142b950e5df5c3be6d6f6bac75a8dd4bda551c18567a49bd9a98a23,False
400862814:125700405,117903698,117903607,trade,Buy,GOLD,0.01,,5109.8,,,0.0,0.0,,0.89,,0,,400862814,A_main_trade,USD,2026-03-03T20:21:06+02:00,2026-03-03T20:21:06+02:00,2026-03-04T01:21:06+07:00,2026-03-04T01:21:06+07:00,2026-03-03,2026-03-04,,,,,,,MT5,c78ab33c-14e2-4b19-a36e-b7574f9b02a2,2026-03-05T06:19:55Z,3deba011f22d516ca03b5e5fbae801c0548f160873e0e6f85e3c2caf60eeff8d,False
400862814:125700301,117903607,117903607,trade,Sell,GOLD,0.01,,5110.69,,,0.0,0.0,,0.0,,0,,400862814,A_main_trade,USD,2026-03-03T20:20:56+02:00,2026-03-03T20:20:56+02:00,2026-03-04T01:20:56+07:00,2026-03-04T01:20:56+07:00,2026-03-03,2026-03-04,,,,,,,MT5,c78ab33c-14e2-4b19-a36e-b7574f9b02a2,2026-03-05T06:19:55Z,42cc89bf540ea1f57542b2d2aa03c0ecb3a22f4c6f9daaefce37cd951ea17417,False
400862814:125699967,117903286,117901546,trade,Buy,GOLD,0.01,,5107.97,,,0.0,0.0,,-2.69,,0,,400862814,A_main_trade,USD,2026-03-03T20:20:31+02:00,2026-03-03T20:20:31+02:00,2026-03-04T01:20:31+07:00,2026-03-04T01:20:31+07:00,2026-03-03,2026-03-04,,,,,,,MT5,c78ab33c-14e2-4b19-a36e-b7574f9b02a2,2026-03-05T06:19:55Z,98a584efb687f9fac2d1bce8679627783b6e3784acc3bf08acbd1e1db5b4a342,False
400862814:125698753,117902136,117902136,trade,Sell,GOLD,0.01,,5107.01,,,0.0,0.0,,0.0,,0,,400862814,A_main_trade,USD,2026-03-03T20:19:09+02:00,2026-03-03T20:19:09+02:00,2026-03-04T01:19:09+07:00,2026-03-04T01:19:09+07:00,2026-03-03,2026-03-04,,,,,,,MT5,c78ab33c-14e2-4b19-a36e-b7574f9b02a2,2026-03-05T06:19:55Z,f0683c657e6129a2b63faba953be5c1e03c4383aaff0e043ef173bd98bbc0011,False
400862814:125698203,117901621,117901621,trade,Sell,GOLD,0.01,,5108.58,,,0.0,0.0,,0.0,,0,,400862814,A_main_trade,USD,2026-03-03T20:18:22+02:00,2026-03-03T20:18:22+02:00,2026-03-04T01:18:22+07:00,2026-03-04T01:18:22+07:00,2026-03-03,2026-03-04,,,,,,,MT5,c78ab33c-14e2-4b19-a36e-b7574f9b02a2,2026-03-05T06:19:55Z,e633353b6109f670b819ff1ee133e85fd2bb8e31a0c1a3bb8c5a04562da309ad,False
400862814:125698114,117901546,117901546,trade,Sell,GOLD,0.01,,5105.28,,,0.0,0.0,,0.0,,0,,400862814,A_main_trade,USD,2026-03-03T20:18:18+02:00,2026-03-03T20:18:18+02:00,2026-03-04T01:18:18+07:00,2026-03-04T01:18:18+07:00,2026-03-03,2026-03-04,,,,,,,MT5,c78ab33c-14e2-4b19-a36e-b7574f9b02a2,2026-03-05T06:19:55Z,90fd96815590e468aea55d4f38ebf4386be8fd1e72cfe70f21a35b6c54a10981,False
400862814:125698087,117901521,117901521,trade,Sell,GOLD,0.01,,5105.18,,,0.0,0.0,,0.0,,0,,400862814,A_main_trade,USD,2026-03-03T20:18:17+02:00,2026-03-03T20:18:17+02:00,2026-03-04T01:18:17+07:00,2026-03-04T01:18:17+07:00,2026-03-03,2026-03-04,,,,,,,MT5,c78ab33c-14e2-4b19-a36e-b7574f9b02a2,2026-03-05T06:19:55Z,8c2c3e6284b497c45cb6c879953355edb210c6c3ff093411207b6d72b92195ea,False
400862814:125697478,117900954,117900635,trade,Buy,GOLD,0.01,,5103.42,,,0.0,0.0,,1.45,,0,,400862814,A_main_trade,USD,2026-03-03T20:17:22+02:00,2026-03-03T20:17:22+02:00,2026-03-04T01:17:22+07:00,2026-03-04T01:17:22+07:00,2026-03-03,2026-03-04,,,,,,,MT5,c78ab33c-14e2-4b19-a36e-b7574f9b02a2,2026-03-05T06:19:55Z,6dd22154c56eda555dde7ce5428bb5dd2b16d5ade5e5880d1a62a1a238ba347b,False
400862814:125697479,117900955,117900656,trade,Buy,GOLD,0.01,,5103.42,,,0.0,0.0,,2.4699999999999998,,0,,400862814,A_main_trade,USD,2026-03-03T20:17:22+02:00,2026-03-03T20:17:22+02:00,2026-03-04T01:17:22+07:00,2026-03-04T01:17:22+07:00,2026-03-03,2026-03-04,,,,,,,MT5,c78ab33c-14e2-4b19-a36e-b7574f9b02a2,2026-03-05T06:19:55Z,22acda61ad1e4b67f7ccba64d6ad8a8b359bceae8489381f16a32a16e7f68b0f,False
400862814:125697480,117900953,117900093,trade,Buy,GOLD,0.01,,5103.42,,,0.0,0.0,,2.69,,0,,400862814,A_main_trade,USD,2026-03-03T20:17:22+02:00,2026-03-03T20:17:22+02:00,2026-03-04T01:17:22+07:00,2026-03-04T01:17:22+07:00,2026-03-03,2026-03-04,,,,,,,MT5,c78ab33c-14e2-4b19-a36e-b7574f9b02a2,2026-03-05T06:19:55Z,86fe88fa9682ef8778f1025918112ddc17bbbbf6bb28bd1df617712851656f95,False
400862814:125697157,117900656,117900656,trade,Sell,GOLD,0.01,,5105.89,,,0.0,0.0,,0.0,,0,,400862814,A_main_trade,USD,2026-03-03T20:16:54+02:00,2026-03-03T20:16:54+02:00,2026-03-04T01:16:54+07:00,2026-03-04T01:16:54+07:00,2026-03-03,2026-03-04,,,,,,,MT5,c78ab33c-14e2-4b19-a36e-b7574f9b02a2,2026-03-05T06:19:55Z,205ecf81e4034a3e661d8cb4b6f9d8bb67948cc4065b42ca2334de250c5592f5,False
400862814:125697136,117900635,117900635,trade,Sell,GOLD,0.01,,5104.87,,,0.0,0.0,,0.0,,0,,400862814,A_main_trade,USD,2026-03-03T20:16:50+02:00,2026-03-03T20:16:50+02:00,2026-03-04T01:16:50+07:00,2026-03-04T01:16:50+07:00,2026-03-03,2026-03-04,,,,,,,MT5,c78ab33c-14e2-4b19-a36e-b7574f9b02a2,2026-03-05T06:19:55Z,e994509edf98ef3965eebc6bb7f2d94addc03b9c1270b055315510af2c97fdb2,False
400862814:125696551,117900093,117900093,trade,Sell,GOLD,0.01,,5106.11,,,0.0,0.0,,0.0,,0,,400862814,A_main_trade,USD,2026-03-03T20:16:22+02:00,2026-03-03T20:16:22+02:00,2026-03-04T01:16:22+07:00,2026-03-04T01:16:22+07:00,2026-03-03,2026-03-04,,,,,,,MT5,c78ab33c-14e2-4b19-a36e-b7574f9b02a2,2026-03-05T06:19:55Z,34fe20c6c7df7743b1ccbc2e245e99de64e6b9cb1dc17fb65b030348b1ce6e83,False
400862814:125009455,117275166,117273203,trade,Sell,GOLD,0.01,,5314.71,,,0.0,0.0,,-0.2,,0,,400862814,A_main_trade,USD,2026-03-03T11:33:05+02:00,2026-03-03T11:33:05+02:00,2026-03-03T16:33:05+07:00,2026-03-03T16:33:05+07:00,2026-03-03,2026-03-03,,,,,,,MT5,c78ab33c-14e2-4b19-a36e-b7574f9b02a2,2026-03-05T06:19:55Z,56e134e4f8c229b129d56549f10ac6bfca6b5b1d458bb13ce6f53d75bae80941,False
400862814:125009456,117275168,117269730,trade,Sell,GOLD,0.01,,5314.71,,,0.0,0.0,,-1.08,,0,,400862814,A_main_trade,USD,2026-03-03T11:33:05+02:00,2026-03-03T11:33:05+02:00,2026-03-03T16:33:05+07:00,2026-03-03T16:33:05+07:00,2026-03-03,2026-03-03,,,,,,,MT5,c78ab33c-14e2-4b19-a36e-b7574f9b02a2,2026-03-05T06:19:55Z,ff4b415bd150db0957f89d521f20b1a99ed422f13ca17b2f503e2ba594e1ca8d,False
400862814:125009457,117275167,117270038,trade,Sell,GOLD,0.01,,5314.71,,,0.0,0.0,,0.38,,0,,400862814,A_main_trade,USD,2026-03-03T11:33:05+02:00,2026-03-03T11:33:05+02:00,2026-03-03T16:33:05+07:00,2026-03-03T16:33:05+07:00,2026-03-03,2026-03-03,,,,,,,MT5,c78ab33c-14e2-4b19-a36e-b7574f9b02a2,2026-03-05T06:19:55Z,0259044e3c859fe2f8d5d5cd1c994297ddb9dc56744f972729f485de3d79f9d3,False
400862814:125009458,117275169,117269611,trade,Sell,GOLD,0.01,,5314.71,,,0.0,0.0,,-2.66,,0,,400862814,A_main_trade,USD,2026-03-03T11:33:05+02:00,2026-03-03T11:33:05+02:00,2026-03-03T16:33:05+07:00,2026-03-03T16:33:05+07:00,2026-03-03,2026-03-03,,,,,,,MT5,c78ab33c-14e2-4b19-a36e-b7574f9b02a2,2026-03-05T06:19:55Z,9eb4de556575590ea205bdaf03400e0d2ab59d83f6314a5bb861d287df7a77ae,False
400862814:125007349,117273203,117273203,trade,Buy,GOLD,0.01,,5314.91,,,0.0,0.0,,0.0,,0,,400862814,A_main_trade,USD,2026-03-03T11:27:04+02:00,2026-03-03T11:27:04+02:00,2026-03-03T16:27:04+07:00,2026-03-03T16:27:04+07:00,2026-03-03,2026-03-03,,,,,,,MT5,c78ab33c-14e2-4b19-a36e-b7574f9b02a2,2026-03-05T06:19:55Z,60d5776de09461af79d503e3fbbb05b1c4bdad5eaf69d8b0bf6becbd4d655e3b,False
400862814:125006961,117272823,117269676,trade,Sell,GOLD,0.01,,5316.84,,,0.0,0.0,,0.0,,0,,400862814,A_main_trade,USD,2026-03-03T11:26:22+02:00,2026-03-03T11:26:22+02:00,2026-03-03T16:26:22+07:00,2026-03-03T16:26:22+07:00,2026-03-03,2026-03-03,,,,,,,MT5,c78ab33c-14e2-4b19-a36e-b7574f9b02a2,2026-03-05T06:19:55Z,9bea13cf561a08391e23d1761dd9792e8701035df35e8f1449ebe62130be94b7,False
400862814:125004021,117270038,117270038,trade,Buy,GOLD,0.01,,5314.33,,,0.0,0.0,,0.0,,0,,400862814,A_main_trade,USD,2026-03-03T11:21:09+02:00,2026-03-03T11:21:09+02:00,2026-03-03T16:21:09+07:00,2026-03-03T16:21:09+07:00,2026-03-03,2026-03-03,,,,,,,MT5,c78ab33c-14e2-4b19-a36e-b7574f9b02a2,2026-03-05T06:19:55Z,a8a69781fcfb8b6157e8475ce1217bbd5ea89e973509ae15f430f6371ce6a25f,False
400862814:125003687,117269730,117269730,trade,Buy,GOLD,0.01,,5315.79,,,0.0,0.0,,0.0,,0,,400862814,A_main_trade,USD,2026-03-03T11:20:42+02:00,2026-03-03T11:20:42+02:00,2026-03-03T16:20:42+07:00,2026-03-03T16:20:42+07:00,2026-03-03,2026-03-03,,,,,,,MT5,c78ab33c-14e2-4b19-a36e-b7574f9b02a2,2026-03-05T06:19:55Z,f9bb58bb99c0fcbfd8207e73419ba0569b4e920f0a83a9cefa00d1046772932b,False
400862814:125003628,117269676,117269676,trade,Buy,GOLD,0.01,,5316.84,,,0.0,0.0,,0.0,,0,,400862814,A_main_trade,USD,2026-03-03T11:20:36+02:00,2026-03-03T11:20:36+02:00,2026-03-03T16:20:36+07:00,2026-03-03T16:20:36+07:00,2026-03-03,2026-03-03,,,,,,,MT5,c78ab33c-14e2-4b19-a36e-b7574f9b02a2,2026-03-05T06:19:55Z,4961bc96a1467d6ebcc98aa2a86fff73098868f2bde1701026e3f8dcd1c91716,False
400862814:125003564,117269611,117269611,trade,Buy,GOLD,0.01,,5317.37,,,0.0,0.0,,0.0,,0,,400862814,A_main_trade,USD,2026-03-03T11:20:31+02:00,2026-03-03T11:20:31+02:00,2026-03-03T16:20:31+07:00,2026-03-03T16:20:31+07:00,2026-03-03,2026-03-03,,,,,,,MT5,c78ab33c-14e2-4b19-a36e-b7574f9b02a2,2026-03-05T06:19:55Z,c78dbc7e7cd6b98950913f1262f0ac48b04cad06785e0aabba11066b1b9f41be,False
400862814:125002930,117269015,117267942,trade,Sell,GOLD,0.01,,5318.46,,,0.0,0.0,,2.55,,0,,400862814,A_main_trade,USD,2026-03-03T11:19:19+02:00,2026-03-03T11:19:19+02:00,2026-03-03T16:19:19+07:00,2026-03-03T16:19:19+07:00,2026-03-03,2026-03-03,,,,,,,MT5,c78ab33c-14e2-4b19-a36e-b7574f9b02a2,2026-03-05T06:19:55Z,1d723ad919fb1c005fe046073a8d4223bc4b8a2be0b9353ee397b46b8f02b32d,False
400862814:125002316,117268441,117268032,trade,Sell,GOLD,0.01,,5318.98,,,0.0,0.0,,2.09,,0,,400862814,A_main_trade,USD,2026-03-03T11:18:21+02:00,2026-03-03T11:18:21+02:00,2026-03-03T16:18:21+07:00,2026-03-03T16:18:21+07:00,2026-03-03,2026-03-03,,,,,,,MT5,c78ab33c-14e2-4b19-a36e-b7574f9b02a2,2026-03-05T06:19:55Z,ff04773d8d062fc9087b5df9bf2577dc53efeda11ea75fb21754518631c12837,False
400862814:125001876,117268032,117268032,trade,Buy,GOLD,0.01,,5316.89,,,0.0,0.0,,0.0,,0,,400862814,A_main_trade,USD,2026-03-03T11:17:54+02:00,2026-03-03T11:17:54+02:00,2026-03-03T16:17:54+07:00,2026-03-03T16:17:54+07:00,2026-03-03,2026-03-03,,,,,,,MT5,c78ab33c-14e2-4b19-a36e-b7574f9b02a2,2026-03-05T06:19:55Z,13307814136282ea499c8c2f1d1252c5a89fb6b219cc833c2fb51149122d507d,False
400862814:125001781,117267942,117267942,trade,Buy,GOLD,0.01,,5315.91,,,0.0,0.0,,0.0,,0,,400862814,A_main_trade,USD,2026-03-03T11:17:40+02:00,2026-03-03T11:17:40+02:00,2026-03-03T16:17:40+07:00,2026-03-03T16:17:40+07:00,2026-03-03,2026-03-03,,,,,,,MT5,c78ab33c-14e2-4b19-a36e-b7574f9b02a2,2026-03-05T06:19:55Z,1b4e3bd591616445f23652a279b4c31009cc3899b0d44205b7ca35f506ee4c8c,False
400862814:124908974,117182009,117149566,trade,Sell,GOLD,0.01,,5309.49,,,0.0,0.0,,-38.67,,0,,400862814,A_main_trade,USD,2026-03-03T09:54:28+02:00,2026-03-03T09:54:28+02:00,2026-03-03T14:54:28+07:00,2026-03-03T14:54:28+07:00,2026-03-03,2026-03-03,,,,,,,MT5,c78ab33c-14e2-4b19-a36e-b7574f9b02a2,2026-03-05T06:19:55Z,33bf079f2db1e34227604d1ef4bc481b5edb5cfd63fc2cf89b1690be05a770eb,False
400862814:124908975,117182011,117145796,trade,Sell,GOLD,0.01,,5309.49,,,0.0,0.0,,-47.41,,0,,400862814,A_main_trade,USD,2026-03-03T09:54:28+02:00,2026-03-03T09:54:28+02:00,2026-03-03T14:54:28+07:00,2026-03-03T14:54:28+07:00,2026-03-03,2026-03-03,,,,,,,MT5,c78ab33c-14e2-4b19-a36e-b7574f9b02a2,2026-03-05T06:19:55Z,c8004a0beb7ac30c6f6fe97a1464257724c801dc8497fd202d3c0410e4b15279,False
400862814:124908976,117182005,117173965,trade,Sell,GOLD,0.01,,5309.49,,,0.0,0.0,,-19.81,,0,,400862814,A_main_trade,USD,2026-03-03T09:54:28+02:00,2026-03-03T09:54:28+02:00,2026-03-03T14:54:28+07:00,2026-03-03T14:54:28+07:00,2026-03-03,2026-03-03,,,,,,,MT5,c78ab33c-14e2-4b19-a36e-b7574f9b02a2,2026-03-05T06:19:55Z,ef5460971e797a1eb79272daac3ce5d09ab1f41aa857d32a6c1460da45d1def5,False
400862814:124908977,117182006,117154011,trade,Sell,GOLD,0.01,,5309.49,,,0.0,0.0,,-37.1,,0,,400862814,A_main_trade,USD,2026-03-03T09:54:28+02:00,2026-03-03T09:54:28+02:00,2026-03-03T14:54:28+07:00,2026-03-03T14:54:28+07:00,2026-03-03,2026-03-03,,,,,,,MT5,c78ab33c-14e2-4b19-a36e-b7574f9b02a2,2026-03-05T06:19:55Z,95641e7a41361be715cb27ad4e57f6d3c2844bdf08d054a957554e55d4f56b56,False
400862814:124908978,117182007,117173937,trade,Sell,GOLD,0.01,,5309.49,,,0.0,0.0,,-19.41,,0,,400862814,A_main_trade,USD,2026-03-03T09:54:28+02:00,2026-03-03T09:54:28+02:00,2026-03-03T14:54:28+07:00,2026-03-03T14:54:28+07:00,2026-03-03,2026-03-03,,,,,,,MT5,c78ab33c-14e2-4b19-a36e-b7574f9b02a2,2026-03-05T06:19:55Z,c7cabdca53f1898e807c919ef662e8ae3438aee4fe40498fa6169bd3ff49af99,False
400862814:124908979,117182010,117146760,trade,Sell,GOLD,0.01,,5309.49,,,0.0,0.0,,-44.21,,0,,400862814,A_main_trade,USD,2026-03-03T09:54:28+02:00,2026-03-03T09:54:28+02:00,2026-03-03T14:54:28+07:00,2026-03-03T14:54:28+07:00,2026-03-03,2026-03-03,,,,,,,MT5,c78ab33c-14e2-4b19-a36e-b7574f9b02a2,2026-03-05T06:19:55Z,7fbfb4a1da2329f78164603e354ec5c3a01b47e062ed9af80eb53bd78fc63da2,False
400862814:124908980,117182004,117174872,trade,Sell,GOLD,0.01,,5309.49,,,0.0,0.0,,-19.33,,0,,400862814,A_main_trade,USD,2026-03-03T09:54:28+02:00,2026-03-03T09:54:28+02:00,2026-03-03T14:54:28+07:00,2026-03-03T14:54:28+07:00,2026-03-03,2026-03-03,,,,,,,MT5,c78ab33c-14e2-4b19-a36e-b7574f9b02a2,2026-03-05T06:19:55Z,5e6e624052aa3b06f784e44f393a5831ff3f020f8101efda083c91ae56d31f62,False
400862814:124908981,117182012,117138019,trade,Sell,GOLD,0.01,,5309.49,,,0.0,0.0,,-49.35,,0,,400862814,A_main_trade,USD,2026-03-03T09:54:28+02:00,2026-03-03T09:54:28+02:00,2026-03-03T14:54:28+07:00,2026-03-03T14:54:28+07:00,2026-03-03,2026-03-03,,,,,,,MT5,c78ab33c-14e2-4b19-a36e-b7574f9b02a2,2026-03-05T06:19:55Z,b8767e3d9a0bf273cbc139f17277c6e18203e350387afd668ddce91938c25cfe,False
400862814:124908982,117182008,117149560,trade,Sell,GOLD,0.01,,5309.49,,,0.0,0.0,,-38.94,,0,,400862814,A_main_trade,USD,2026-03-03T09:54:28+02:00,2026-03-03T09:54:28+02:00,2026-03-03T14:54:28+07:00,2026-03-03T14:54:28+07:00,2026-03-03,2026-03-03,,,,,,,MT5,c78ab33c-14e2-4b19-a36e-b7574f9b02a2,2026-03-05T06:19:55Z,e4aaea2a3bf63890b783ddda24cbb145462bc06ba0ff546cf4ba57b208cee052,False
400862814:124908983,117182014,117129887,trade,Sell,GOLD,0.01,,5309.49,,,0.0,0.0,,-51.56,,0,,400862814,A_main_trade,USD,2026-03-03T09:54:28+02:00,2026-03-03T09:54:28+02:00,2026-03-03T14:54:28+07:00,2026-03-03T14:54:28+07:00,2026-03-03,2026-03-03,,,,,,,MT5,c78ab33c-14e2-4b19-a36e-b7574f9b02a2,2026-03-05T06:19:55Z,889c4ea1521c336fcd60321ade4da166c3e270d64f1f5661dcb58ea1f718093b,False
400862814:124908984,117182013,117132727,trade,Sell,GOLD,0.01,,5309.49,,,0.0,0.0,,-51.75,,0,,400862814,A_main_trade,USD,2026-03-03T09:54:28+02:00,2026-03-03T09:54:28+02:00,2026-03-03T14:54:28+07:00,2026-03-03T14:54:28+07:00,2026-03-03,2026-03-03,,,,,,,MT5,c78ab33c-14e2-4b19-a36e-b7574f9b02a2,2026-03-05T06:19:55Z,2926aadfdcc11c66c1b0e36f20b206198d80bfdda3bdda1faed443590e949275,False
400862814:124900773,117174872,117174872,trade,Buy,GOLD,0.01,,5328.82,,,0.0,0.0,,0.0,,0,,400862814,A_main_trade,USD,2026-03-03T09:51:05+02:00,2026-03-03T09:51:05+02:00,2026-03-03T14:51:05+07:00,2026-03-03T14:51:05+07:00,2026-03-03,2026-03-03,,,,,,,MT5,c78ab33c-14e2-4b19-a36e-b7574f9b02a2,2026-03-05T06:19:55Z,c577d37b424003112cfeb0ab4af74da1ba5461cfc83228bc1f9ddb9b7d4ef1bd,False
400862814:124899803,117173965,117173965,trade,Buy,GOLD,0.01,,5329.3,,,0.0,0.0,,0.0,,0,,400862814,A_main_trade,USD,2026-03-03T09:50:12+02:00,2026-03-03T09:50:12+02:00,2026-03-03T14:50:12+07:00,2026-03-03T14:50:12+07:00,2026-03-03,2026-03-03,,,,,,,MT5,c78ab33c-14e2-4b19-a36e-b7574f9b02a2,2026-03-05T06:19:55Z,03fd4177300f088813246fa4510ffc5c6bb96d8a205990220b6b433a028d54a2,False
400862814:124899774,117173937,117173937,trade,Buy,GOLD,0.01,,5328.9,,,0.0,0.0,,0.0,,0,,400862814,A_main_trade,USD,2026-03-03T09:50:11+02:00,2026-03-03T09:50:11+02:00,2026-03-03T14:50:11+07:00,2026-03-03T14:50:11+07:00,2026-03-03,2026-03-03,,,,,,,MT5,c78ab33c-14e2-4b19-a36e-b7574f9b02a2,2026-03-05T06:19:55Z,570dea46a9136851aa81b5a81cdf54d96bee6e2bc2a28aced3864f66706dea8d,False
400862814:124897195,117171611,117137409,trade,Sell,GOLD,0.01,,5327.62,,,0.0,0.0,,-35.02,,0,,400862814,A_main_trade,USD,2026-03-03T09:48:58+02:00,2026-03-03T09:48:58+02:00,2026-03-03T14:48:58+07:00,2026-03-03T14:48:58+07:00,2026-03-03,2026-03-03,,,,,,,MT5,c78ab33c-14e2-4b19-a36e-b7574f9b02a2,2026-03-05T06:19:55Z,7fef5be59ed47615ebb76481b058b7c729e7c641c90aaf300aa80d62cf3fc5e3,False
400862814:124897182,117171599,117132479,trade,Sell,GOLD,0.01,,5328.93,,,0.0,0.0,,-34.24,,0,,400862814,A_main_trade,USD,2026-03-03T09:48:57+02:00,2026-03-03T09:48:57+02:00,2026-03-03T14:48:57+07:00,2026-03-03T14:48:57+07:00,2026-03-03,2026-03-03,,,,,,,MT5,c78ab33c-14e2-4b19-a36e-b7574f9b02a2,2026-03-05T06:19:55Z,36b0263ee2efc35c2ddbd5dd630c64420fcb9aa4b2140c5a3c45288517a08478,False
400862814:124897062,117171481,117122594,trade,Sell,GOLD,0.01,,5329.26,,,0.0,0.0,,-35.33,,0,,400862814,A_main_trade,USD,2026-03-03T09:48:55+02:00,2026-03-03T09:48:55+02:00,2026-03-03T14:48:55+07:00,2026-03-03T14:48:55+07:00,2026-03-03,2026-03-03,,,,,,,MT5,c78ab33c-14e2-4b19-a36e-b7574f9b02a2,2026-03-05T06:19:55Z,3b7acf5cc23ad7db0bd736ceefcde510146760440bdeb46ff182cfe2131c13ec,False
400862814:124897086,117171505,117122580,trade,Sell,GOLD,0.01,,5329.48,,,0.0,0.0,,-35.47,,0,,400862814,A_main_trade,USD,2026-03-03T09:48:55+02:00,2026-03-03T09:48:55+02:00,2026-03-03T14:48:55+07:00,2026-03-03T14:48:55+07:00,2026-03-03,2026-03-03,,,,,,,MT5,c78ab33c-14e2-4b19-a36e-b7574f9b02a2,2026-03-05T06:19:55Z,f6df48fbd79c49dd5cd3453364958075becb737c4b2f760c202ac8fbc8f461bf,False
400862814:124897041,117171463,117124690,trade,Sell,GOLD,0.01,,5328.99,,,0.0,0.0,,-35.48,,0,,400862814,A_main_trade,USD,2026-03-03T09:48:54+02:00,2026-03-03T09:48:54+02:00,2026-03-03T14:48:54+07:00,2026-03-03T14:48:54+07:00,2026-03-03,2026-03-03,,,,,,,MT5,c78ab33c-14e2-4b19-a36e-b7574f9b02a2,2026-03-05T06:19:55Z,529428482a1e04e8d12bd52d754d9239610435c9eaa90588edbd0277f102ffdb,False
400862814:124896966,117171393,117121726,trade,Sell,GOLD,0.01,,5327.88,,,0.0,0.0,,-38.47,,0,,400862814,A_main_trade,USD,2026-03-03T09:48:53+02:00,2026-03-03T09:48:53+02:00,2026-03-03T14:48:53+07:00,2026-03-03T14:48:53+07:00,2026-03-03,2026-03-03,,,,,,,MT5,c78ab33c-14e2-4b19-a36e-b7574f9b02a2,2026-03-05T06:19:55Z,e1fa1a936afbeebb616e62fc6e374b1d4752807e50b5ed72c775a7dc566db076,False
400862814:124896944,117171372,117121861,trade,Sell,GOLD,0.01,,5328.11,,,0.0,0.0,,-38.42,,0,,400862814,A_main_trade,USD,2026-03-03T09:48:52+02:00,2026-03-03T09:48:52+02:00,2026-03-03T14:48:52+07:00,2026-03-03T14:48:52+07:00,2026-03-03,2026-03-03,,,,,,,MT5,c78ab33c-14e2-4b19-a36e-b7574f9b02a2,2026-03-05T06:19:55Z,ac5152adf8d82f5ee88da310057fa054bd295ddbccb5e378f4e5b22fda6cb41c,False
400862814:124878103,117154011,117154011,trade,Buy,GOLD,0.01,,5346.59,,,0.0,0.0,,0.0,,0,,400862814,A_main_trade,USD,2026-03-03T09:35:29+02:00,2026-03-03T09:35:29+02:00,2026-03-03T14:35:29+07:00,2026-03-03T14:35:29+07:00,2026-03-03,2026-03-03,,,,,,,MT5,c78ab33c-14e2-4b19-a36e-b7574f9b02a2,2026-03-05T06:19:55Z,165c464665a2c6b51d9d6128c76566fa9d1c6fd295c21616e01817682cd88e38,False
400862814:124873379,117149560,117149560,trade,Buy,GOLD,0.01,,5348.43,,,0.0,0.0,,0.0,,0,,400862814,A_main_trade,USD,2026-03-03T09:32:51+02:00,2026-03-03T09:32:51+02:00,2026-03-03T14:32:51+07:00,2026-03-03T14:32:51+07:00,2026-03-03,2026-03-03,,,,,,,MT5,c78ab33c-14e2-4b19-a36e-b7574f9b02a2,2026-03-05T06:19:55Z,cde455920c8953cdc7b887b524d3e311e56f702a9bfacb691810b0155cbad429,False
400862814:124873385,117149566,117149566,trade,Buy,GOLD,0.01,,5348.16,,,0.0,0.0,,0.0,,0,,400862814,A_main_trade,USD,2026-03-03T09:32:51+02:00,2026-03-03T09:32:51+02:00,2026-03-03T14:32:51+07:00,2026-03-03T14:32:51+07:00,2026-03-03,2026-03-03,,,,,,,MT5,c78ab33c-14e2-4b19-a36e-b7574f9b02a2,2026-03-05T06:19:55Z,a3862624fe5e27b64194195b4c935c409e5799faedc4ff058d8768cf6ada488a,False
400862814:124873254,117149441,117117894,trade,Sell,GOLD,0.01,,5347.4,,,0.0,0.0,,-20.83,,0,,400862814,A_main_trade,USD,2026-03-03T09:32:45+02:00,2026-03-03T09:32:45+02:00,2026-03-03T14:32:45+07:00,2026-03-03T14:32:45+07:00,2026-03-03,2026-03-03,,,,,,,MT5,c78ab33c-14e2-4b19-a36e-b7574f9b02a2,2026-03-05T06:19:55Z,72c824db01bdfd9eca4cd9993858c660da778ae43655921997ce2e8eb9122e47,False
400862814:124873233,117149422,117118033,trade,Sell,GOLD,0.01,,5347.35,,,0.0,0.0,,-22.23,,0,,400862814,A_main_trade,USD,2026-03-03T09:32:43+02:00,2026-03-03T09:32:43+02:00,2026-03-03T14:32:43+07:00,2026-03-03T14:32:43+07:00,2026-03-03,2026-03-03,,,,,,,MT5,c78ab33c-14e2-4b19-a36e-b7574f9b02a2,2026-03-05T06:19:55Z,75346f80cd98de8f029b49ecf4123a5a2a1cf71337752575381d5dc95966b178,False
400862814:124873194,117149381,117116480,trade,Sell,GOLD,0.01,,5347.65,,,0.0,0.0,,-23.03,,0,,400862814,A_main_trade,USD,2026-03-03T09:32:41+02:00,2026-03-03T09:32:41+02:00,2026-03-03T14:32:41+07:00,2026-03-03T14:32:41+07:00,2026-03-03,2026-03-03,,,,,,,MT5,c78ab33c-14e2-4b19-a36e-b7574f9b02a2,2026-03-05T06:19:55Z,b0459d675ffa6ed1dd877f76b0b4490021ffa7b180aad268487d256eff94e273,False
400862814:124873176,117149361,117116630,trade,Sell,GOLD,0.01,,5347.16,,,0.0,0.0,,-23.5,,0,,400862814,A_main_trade,USD,2026-03-03T09:32:40+02:00,2026-03-03T09:32:40+02:00,2026-03-03T14:32:40+07:00,2026-03-03T14:32:40+07:00,2026-03-03,2026-03-03,,,,,,,MT5,c78ab33c-14e2-4b19-a36e-b7574f9b02a2,2026-03-05T06:19:55Z,b1df3a537f979c39cf68bd9cac816acbbba62f2122cffb88b44931eb1deb6efb,False
400862814:124870363,117146760,117146760,trade,Buy,GOLD,0.01,,5353.7,,,0.0,0.0,,0.0,,0,,400862814,A_main_trade,USD,2026-03-03T09:30:44+02:00,2026-03-03T09:30:44+02:00,2026-03-03T14:30:44+07:00,2026-03-03T14:30:44+07:00,2026-03-03,2026-03-03,,,,,,,MT5,c78ab33c-14e2-4b19-a36e-b7574f9b02a2,2026-03-05T06:19:55Z,3ea4d095f8138e332806a44786f4d2f0b504cb6f338c6eef07a90eabc4ff1fd1,False
400862814:124870032,117146453,117116937,trade,Sell,GOLD,0.01,,5353.23,,,0.0,0.0,,-17.76,,0,,400862814,A_main_trade,USD,2026-03-03T09:30:35+02:00,2026-03-03T09:30:35+02:00,2026-03-03T14:30:35+07:00,2026-03-03T14:30:35+07:00,2026-03-03,2026-03-03,,,,,,,MT5,c78ab33c-14e2-4b19-a36e-b7574f9b02a2,2026-03-05T06:19:55Z,ba59559cc386d32eede35802d3f3c991528f9d06380de6de7151c60e2c761cca,False
400862814:124869333,117145796,117145796,trade,Buy,GOLD,0.01,,5356.9,,,0.0,0.0,,0.0,,0,,400862814,A_main_trade,USD,2026-03-03T09:30:07+02:00,2026-03-03T09:30:07+02:00,2026-03-03T14:30:07+07:00,2026-03-03T14:30:07+07:00,2026-03-03,2026-03-03,,,,,,,MT5,c78ab33c-14e2-4b19-a36e-b7574f9b02a2,2026-03-05T06:19:55Z,551eba5307d9cd7263d824c93428348bf52b32a9cf9eca0537b8d368b6c1a472,False
400862814:124861225,117138019,117138019,trade,Buy,GOLD,0.01,,5358.84,,,0.0,0.0,,0.0,,0,,400862814,A_main_trade,USD,2026-03-03T09:15:47+02:00,2026-03-03T09:15:47+02:00,2026-03-03T14:15:47+07:00,2026-03-03T14:15:47+07:00,2026-03-03,2026-03-03,,,,,,,MT5,c78ab33c-14e2-4b19-a36e-b7574f9b02a2,2026-03-05T06:19:55Z,b40da44a7ff1179367c452fe38c2945d071ea3844c9c471bea5bd2c251baef19,False
400862814:124860578,117137409,117137409,trade,Buy,GOLD,0.01,,5362.64,,,0.0,0.0,,0.0,,0,,400862814,A_main_trade,USD,2026-03-03T09:15:03+02:00,2026-03-03T09:15:03+02:00,2026-03-03T14:15:03+07:00,2026-03-03T14:15:03+07:00,2026-03-03,2026-03-03,,,,,,,MT5,c78ab33c-14e2-4b19-a36e-b7574f9b02a2,2026-03-05T06:19:55Z,1855b506a746f2409fbfb26e59066048ddd1a2124a2367729dc7a5414cf086e7,False
400862814:124855829,117132727,117132727,trade,Buy,GOLD,0.01,,5361.24,,,0.0,0.0,,0.0,,0,,400862814,A_main_trade,USD,2026-03-03T09:03:49+02:00,2026-03-03T09:03:49+02:00,2026-03-03T14:03:49+07:00,2026-03-03T14:03:49+07:00,2026-03-03,2026-03-03,,,,,,,MT5,c78ab33c-14e2-4b19-a36e-b7574f9b02a2,2026-03-05T06:19:55Z,303cd987a31300070d3e5598bc298c58c55e0f71e7fc586c8e4a5bf87bcb8b92,False
400862814:124855567,117132479,117132479,trade,Buy,GOLD,0.01,,5363.17,,,0.0,0.0,,0.0,,0,,400862814,A_main_trade,USD,2026-03-03T09:03:24+02:00,2026-03-03T09:03:24+02:00,2026-03-03T14:03:24+07:00,2026-03-03T14:03:24+07:00,2026-03-03,2026-03-03,,,,,,,MT5,c78ab33c-14e2-4b19-a36e-b7574f9b02a2,2026-03-05T06:19:55Z,95f2de8f8a77e5e2820f5f517b5565816f04eab9dd351cd2483c5f9ac1bf5beb,False
400862814:124854028,117130976,117116914,trade,Sell,GOLD,0.01,,5358.81,,,0.0,0.0,,-12.85,,0,,400862814,A_main_trade,USD,2026-03-03T09:01:39+02:00,2026-03-03T09:01:39+02:00,2026-03-03T14:01:39+07:00,2026-03-03T14:01:39+07:00,2026-03-03,2026-03-03,,,,,,,MT5,c78ab33c-14e2-4b19-a36e-b7574f9b02a2,2026-03-05T06:19:55Z,3c9cc4e7af8476e3a7f0eec1d3df1d81d1d4d324bcb4f7fd08cc1967a08a7f94,False
400862814:124852932,117129887,117129887,trade,Buy,GOLD,0.01,,5361.05,,,0.0,0.0,,0.0,,0,,400862814,A_main_trade,USD,2026-03-03T09:00:18+02:00,2026-03-03T09:00:18+02:00,2026-03-03T14:00:18+07:00,2026-03-03T14:00:18+07:00,2026-03-03,2026-03-03,,,,,,,MT5,c78ab33c-14e2-4b19-a36e-b7574f9b02a2,2026-03-05T06:19:55Z,c147b58e4a437b023502124743cf38f6ef8cee395e2e5148dffc5a39785c43aa,False
400862814:124847392,117124690,117124690,trade,Buy,GOLD,0.01,,5364.47,,,0.0,0.0,,0.0,,0,,400862814,A_main_trade,USD,2026-03-03T08:52:54+02:00,2026-03-03T08:52:54+02:00,2026-03-03T13:52:54+07:00,2026-03-03T13:52:54+07:00,2026-03-03,2026-03-03,,,,,,,MT5,c78ab33c-14e2-4b19-a36e-b7574f9b02a2,2026-03-05T06:19:55Z,447f7d23c424faab81ca4f0a8b41f69ffff823d8b145688bb571b6ba5ab99196,False
400862814:124845813,117123158,117115778,trade,Sell,GOLD,0.01,,5364.57,,,0.0,0.0,,-7.35,,0,,400862814,A_main_trade,USD,2026-03-03T08:50:24+02:00,2026-03-03T08:50:24+02:00,2026-03-03T13:50:24+07:00,2026-03-03T13:50:24+07:00,2026-03-03,2026-03-03,,,,,,,MT5,c78ab33c-14e2-4b19-a36e-b7574f9b02a2,2026-03-05T06:19:55Z,be761a67c96ac4e787dd34c74b8cfab373319e208ef8e4ee7c19fd0f1a3d7438,False
400862814:124845251,117122594,117122594,trade,Buy,GOLD,0.01,,5364.59,,,0.0,0.0,,0.0,,0,,400862814,A_main_trade,USD,2026-03-03T08:49:40+02:00,2026-03-03T08:49:40+02:00,2026-03-03T13:49:40+07:00,2026-03-03T13:49:40+07:00,2026-03-03,2026-03-03,,,,,,,MT5,c78ab33c-14e2-4b19-a36e-b7574f9b02a2,2026-03-05T06:19:55Z,9c00abf084aef18da41f14bf7fc4fed69f1fa0ea495588668f4430850fb7672b,False
400862814:124845237,117122580,117122580,trade,Buy,GOLD,0.01,,5364.95,,,0.0,0.0,,0.0,,0,,400862814,A_main_trade,USD,2026-03-03T08:49:39+02:00,2026-03-03T08:49:39+02:00,2026-03-03T13:49:39+07:00,2026-03-03T13:49:39+07:00,2026-03-03,2026-03-03,,,,,,,MT5,c78ab33c-14e2-4b19-a36e-b7574f9b02a2,2026-03-05T06:19:55Z,aa83c851c7fc17598a8cc1f1a16074aba0249f872f7bdca27bad28a6bb3c3354,False
400862814:124844443,117121861,117121861,trade,Buy,GOLD,0.01,,5366.53,,,0.0,0.0,,0.0,,0,,400862814,A_main_trade,USD,2026-03-03T08:48:49+02:00,2026-03-03T08:48:49+02:00,2026-03-03T13:48:49+07:00,2026-03-03T13:48:49+07:00,2026-03-03,2026-03-03,,,,,,,MT5,c78ab33c-14e2-4b19-a36e-b7574f9b02a2,2026-03-05T06:19:55Z,aceec7eb353a1c648768d317b3d384fbf91ff2be6361d952cba738be97f38f1c,False
400862814:124844298,117121726,117121726,trade,Buy,GOLD,0.01,,5366.35,,,0.0,0.0,,0.0,,0,,400862814,A_main_trade,USD,2026-03-03T08:48:33+02:00,2026-03-03T08:48:33+02:00,2026-03-03T13:48:33+07:00,2026-03-03T13:48:33+07:00,2026-03-03,2026-03-03,,,,,,,MT5,c78ab33c-14e2-4b19-a36e-b7574f9b02a2,2026-03-05T06:19:55Z,cd7f2ff1cb5fb97fb456354c8ef8aadcb2f8c5455615e0b296a8dcf02ee6b792,False
400862814:124840474,117118033,117118033,trade,Buy,GOLD,0.01,,5369.58,,,0.0,0.0,,0.0,,0,,400862814,A_main_trade,USD,2026-03-03T08:38:24+02:00,2026-03-03T08:38:24+02:00,2026-03-03T13:38:24+07:00,2026-03-03T13:38:24+07:00,2026-03-03,2026-03-03,,,,,,,MT5,c78ab33c-14e2-4b19-a36e-b7574f9b02a2,2026-03-05T06:19:55Z,85a56105e4411c73cb671bdded4bc1eb9c60cf84aa6f98893bb8ed8a9dae5fdf,False
400862814:124840324,117117894,117117894,trade,Buy,GOLD,0.01,,5368.23,,,0.0,0.0,,0.0,,0,,400862814,A_main_trade,USD,2026-03-03T08:38:11+02:00,2026-03-03T08:38:11+02:00,2026-03-03T13:38:11+07:00,2026-03-03T13:38:11+07:00,2026-03-03,2026-03-03,,,,,,,MT5,c78ab33c-14e2-4b19-a36e-b7574f9b02a2,2026-03-05T06:19:55Z,a219529234c4d6b71633bb2e01490a018223703bd0a41efff74076f7c754df36,False
400862814:124839331,117116937,117116937,trade,Buy,GOLD,0.01,,5370.99,,,0.0,0.0,,0.0,,0,,400862814,A_main_trade,USD,2026-03-03T08:37:40+02:00,2026-03-03T08:37:40+02:00,2026-03-03T13:37:40+07:00,2026-03-03T13:37:40+07:00,2026-03-03,2026-03-03,,,,,,,MT5,c78ab33c-14e2-4b19-a36e-b7574f9b02a2,2026-03-05T06:19:55Z,05a658689d730ad702eae641b147259b80cd2a189477474c20f488e8d704796c,False
400862814:124839315,117116914,117116914,trade,Buy,GOLD,0.01,,5371.66,,,0.0,0.0,,0.0,,0,,400862814,A_main_trade,USD,2026-03-03T08:37:33+02:00,2026-03-03T08:37:33+02:00,2026-03-03T13:37:33+07:00,2026-03-03T13:37:33+07:00,2026-03-03,2026-03-03,,,,,,,MT5,c78ab33c-14e2-4b19-a36e-b7574f9b02a2,2026-03-05T06:19:55Z,7dc5bb01e14ca0dc0951776d3c0cedb6fb1c79d9d26510f387444dabde00def3,False
400862814:124839038,117116630,117116630,trade,Buy,GOLD,0.01,,5370.66,,,0.0,0.0,,0.0,,0,,400862814,A_main_trade,USD,2026-03-03T08:36:37+02:00,2026-03-03T08:36:37+02:00,2026-03-03T13:36:37+07:00,2026-03-03T13:36:37+07:00,2026-03-03,2026-03-03,,,,,,,MT5,c78ab33c-14e2-4b19-a36e-b7574f9b02a2,2026-03-05T06:19:55Z,d21bfffbe35e26d798bbe63fedc9e2ffd14d7ca48ef4553e1d0a44a349ea3d5a,False
400862814:124838886,117116480,117116480,trade,Buy,GOLD,0.01,,5370.68,,,0.0,0.0,,0.0,,0,,400862814,A_main_trade,USD,2026-03-03T08:36:18+02:00,2026-03-03T08:36:18+02:00,2026-03-03T13:36:18+07:00,2026-03-03T13:36:18+07:00,2026-03-03,2026-03-03,,,,,,,MT5,c78ab33c-14e2-4b19-a36e-b7574f9b02a2,2026-03-05T06:19:55Z,da058b307b01389cd5cfc2049d569e3ab449d9eb90fa2323fd6195ee1e991a1d,False
400862814:124838172,117115778,117115778,trade,Buy,GOLD,0.01,,5371.92,,,0.0,0.0,,0.0,,0,,400862814,A_main_trade,USD,2026-03-03T08:34:21+02:00,2026-03-03T08:34:21+02:00,2026-03-03T13:34:21+07:00,2026-03-03T13:34:21+07:00,2026-03-03,2026-03-03,,,,,,,MT5,c78ab33c-14e2-4b19-a36e-b7574f9b02a2,2026-03-05T06:19:55Z,7dca0a2d3a0d8c96bd3d5637aed6566b7b59b2802c2ad72d684f2de97fe91b1c,False
400862814:124834747,117112480,117110990,trade,Sell,GOLD,0.01,,5373.12,,,0.0,0.0,,2.54,,0,,400862814,A_main_trade,USD,2026-03-03T08:27:27+02:00,2026-03-03T08:27:27+02:00,2026-03-03T13:27:27+07:00,2026-03-03T13:27:27+07:00,2026-03-03,2026-03-03,,,,,,,MT5,c78ab33c-14e2-4b19-a36e-b7574f9b02a2,2026-03-05T06:19:55Z,76c113f2744d60eddfcb2eee5d66c2a3214f316caf6ef1b015db3a1bee985c77,False
400862814:124834743,117112476,117110993,trade,Sell,GOLD,0.01,,5373.29,,,0.0,0.0,,2.75,,0,,400862814,A_main_trade,USD,2026-03-03T08:27:26+02:00,2026-03-03T08:27:26+02:00,2026-03-03T13:27:26+07:00,2026-03-03T13:27:26+07:00,2026-03-03,2026-03-03,,,,,,,MT5,c78ab33c-14e2-4b19-a36e-b7574f9b02a2,2026-03-05T06:19:55Z,dcdd9637986f681dbd875cbe11fb5d3de6507f46b2f3908eb4893a6db9857b94,False
400862814:124833227,117110993,117110993,trade,Buy,GOLD,0.01,,5370.54,,,0.0,0.0,,0.0,,0,,400862814,A_main_trade,USD,2026-03-03T08:25:22+02:00,2026-03-03T08:25:22+02:00,2026-03-03T13:25:22+07:00,2026-03-03T13:25:22+07:00,2026-03-03,2026-03-03,,,,,,,MT5,c78ab33c-14e2-4b19-a36e-b7574f9b02a2,2026-03-05T06:19:55Z,6b06418d5092a399c4df616c0d71c2eb0f072c3355373a9e7c3d3012224b83ef,False
400862814:124833224,117110990,117110990,trade,Buy,GOLD,0.01,,5370.58,,,0.0,0.0,,0.0,,0,,400862814,A_main_trade,USD,2026-03-03T08:25:21+02:00,2026-03-03T08:25:21+02:00,2026-03-03T13:25:21+07:00,2026-03-03T13:25:21+07:00,2026-03-03,2026-03-03,,,,,,,MT5,c78ab33c-14e2-4b19-a36e-b7574f9b02a2,2026-03-05T06:19:55Z,155f73d235db62be29a103d7197d8e9ef32e077823812ac7b800d67ea04f9d55,False
400862814:124792659,117070984,117070510,trade,Sell,GOLD,0.01,,5363.05,,,0.0,0.0,,1.65,,0,,400862814,A_main_trade,USD,2026-03-03T06:46:21+02:00,2026-03-03T06:46:21+02:00,2026-03-03T11:46:21+07:00,2026-03-03T11:46:21+07:00,2026-03-03,2026-03-03,,,,,,,MT5,c78ab33c-14e2-4b19-a36e-b7574f9b02a2,2026-03-05T06:19:55Z,3c6e156595bba5080b968b7db4561af26c8fca674dfc2197abd9de4f0784552b,False
400862814:124792651,117070970,117070539,trade,Sell,GOLD,0.01,,5363.14,,,0.0,0.0,,1.75,,0,,400862814,A_main_trade,USD,2026-03-03T06:46:20+02:00,2026-03-03T06:46:20+02:00,2026-03-03T11:46:20+07:00,2026-03-03T11:46:20+07:00,2026-03-03,2026-03-03,,,,,,,MT5,c78ab33c-14e2-4b19-a36e-b7574f9b02a2,2026-03-05T06:19:55Z,cdaf177af5f6372fee46a43e993b6c8f826a232053333acaa175d381aa2a56b5,False
400862814:124792220,117070539,117070539,trade,Buy,GOLD,0.01,,5361.39,,,0.0,0.0,,0.0,,0,,400862814,A_main_trade,USD,2026-03-03T06:45:32+02:00,2026-03-03T06:45:32+02:00,2026-03-03T11:45:32+07:00,2026-03-03T11:45:32+07:00,2026-03-03,2026-03-03,,,,,,,MT5,c78ab33c-14e2-4b19-a36e-b7574f9b02a2,2026-03-05T06:19:55Z,1a8fbb889d992bdb0f90e4f525b3ede4db907735b07cd562a1df53777635b552,False
400862814:124792201,117070510,117070510,trade,Buy,GOLD,0.01,,5361.4,,,0.0,0.0,,0.0,,0,,400862814,A_main_trade,USD,2026-03-03T06:45:25+02:00,2026-03-03T06:45:25+02:00,2026-03-03T11:45:25+07:00,2026-03-03T11:45:25+07:00,2026-03-03,2026-03-03,,,,,,,MT5,c78ab33c-14e2-4b19-a36e-b7574f9b02a2,2026-03-05T06:19:55Z,b285d40e13f8fd2f6c8708cc5e2cc254dfb5aae3d6ae8d5bd9cc188ee674ee2f,False
400862814:124682828,116965168,116959471,trade,Sell,GOLD,0.01,,5337.31,,,0.0,0.0,,0.83,,0,,400862814,A_main_trade,USD,2026-03-03T03:48:39+02:00,2026-03-03T03:48:39+02:00,2026-03-03T08:48:39+07:00,2026-03-03T08:48:39+07:00,2026-03-03,2026-03-03,,,,,,,MT5,c78ab33c-14e2-4b19-a36e-b7574f9b02a2,2026-03-05T06:19:55Z,26e19eb145866a6980365970dc9f0200db1ab14224c02e1cf2a6985dd298299a,False
400862814:124682829,116965167,116961051,trade,Sell,GOLD,0.01,,5337.32,,,0.0,0.0,,5.09,,0,,400862814,A_main_trade,USD,2026-03-03T03:48:39+02:00,2026-03-03T03:48:39+02:00,2026-03-03T08:48:39+07:00,2026-03-03T08:48:39+07:00,2026-03-03,2026-03-03,,,,,,,MT5,c78ab33c-14e2-4b19-a36e-b7574f9b02a2,2026-03-05T06:19:55Z,d1c962c365322553f8d9f0d823577d9ff2f538dc64949efa113e283ce6fa761a,False
400862814:124682830,116965169,116959892,trade,Sell,GOLD,0.01,,5337.32,,,0.0,0.0,,0.66,,0,,400862814,A_main_trade,USD,2026-03-03T03:48:39+02:00,2026-03-03T03:48:39+02:00,2026-03-03T08:48:39+07:00,2026-03-03T08:48:39+07:00,2026-03-03,2026-03-03,,,,,,,MT5,c78ab33c-14e2-4b19-a36e-b7574f9b02a2,2026-03-05T06:19:55Z,2b0b6b97feb640b7e779c638d18880c2e480ba307d230e67b9ce161ff98c57ea,False
400862814:124682831,116965164,116961887,trade,Sell,GOLD,0.01,,5337.32,,,0.0,0.0,,3.71,,0,,400862814,A_main_trade,USD,2026-03-03T03:48:39+02:00,2026-03-03T03:48:39+02:00,2026-03-03T08:48:39+07:00,2026-03-03T08:48:39+07:00,2026-03-03,2026-03-03,,,,,,,MT5,c78ab33c-14e2-4b19-a36e-b7574f9b02a2,2026-03-05T06:19:55Z,83f2f0f6ffd46b341991b5c103b8d1138d7de8e96ab4c1ee59cb1283f592df0c,False
400862814:124682832,116965165,116960106,trade,Sell,GOLD,0.01,,5337.32,,,0.0,0.0,,0.98,,0,,400862814,A_main_trade,USD,2026-03-03T03:48:39+02:00,2026-03-03T03:48:39+02:00,2026-03-03T08:48:39+07:00,2026-03-03T08:48:39+07:00,2026-03-03,2026-03-03,,,,,,,MT5,c78ab33c-14e2-4b19-a36e-b7574f9b02a2,2026-03-05T06:19:55Z,11e401b61caab9c90b59a7a847c4a3ea04e08ec767f54a994d599f0114fa12b5,False
400862814:124682833,116965163,116963357,trade,Sell,GOLD,0.01,,5337.32,,,0.0,0.0,,4.04,,0,,400862814,A_main_trade,USD,2026-03-03T03:48:39+02:00,2026-03-03T03:48:39+02:00,2026-03-03T08:48:39+07:00,2026-03-03T08:48:39+07:00,2026-03-03,2026-03-03,,,,,,,MT5,c78ab33c-14e2-4b19-a36e-b7574f9b02a2,2026-03-05T06:19:55Z,466d557d9aa9c9aca4658e8b124e7736f5974f8a14e7f261ca2a1463ace1f402,False
400862814:124682834,116965170,116959475,trade,Sell,GOLD,0.01,,5337.32,,,0.0,0.0,,0.84,,0,,400862814,A_main_trade,USD,2026-03-03T03:48:39+02:00,2026-03-03T03:48:39+02:00,2026-03-03T08:48:39+07:00,2026-03-03T08:48:39+07:00,2026-03-03,2026-03-03,,,,,,,MT5,c78ab33c-14e2-4b19-a36e-b7574f9b02a2,2026-03-05T06:19:55Z,b490a3f3849e515a3d33bec38dc2d76e7af6a0bb60ecc929c3ac212f171c20e2,False
400862814:124682835,116965166,116960175,trade,Sell,GOLD,0.01,,5337.32,,,0.0,0.0,,1.75,,0,,400862814,A_main_trade,USD,2026-03-03T03:48:39+02:00,2026-03-03T03:48:39+02:00,2026-03-03T08:48:39+07:00,2026-03-03T08:48:39+07:00,2026-03-03,2026-03-03,,,,,,,MT5,c78ab33c-14e2-4b19-a36e-b7574f9b02a2,2026-03-05T06:19:55Z,04184abf90bc8439be123f5ca9c9afcdb344a07cf6b51e36aadc7780cc057be4,False
400862814:124682752,116965094,116959824,trade,Sell,GOLD,0.01,,5337.36,,,0.0,0.0,,0.37,,0,,400862814,A_main_trade,USD,2026-03-03T03:48:29+02:00,2026-03-03T03:48:29+02:00,2026-03-03T08:48:29+07:00,2026-03-03T08:48:29+07:00,2026-03-03,2026-03-03,,,,,,,MT5,c78ab33c-14e2-4b19-a36e-b7574f9b02a2,2026-03-05T06:19:55Z,aa507a0a2384df89ad8e01ea79f7306c6ed9c711dd603412048d0f7fcecb54b9,False
400862814:124682312,116964635,116959856,trade,Sell,GOLD,0.01,,5335.89,,,0.0,0.0,,-1.27,,0,,400862814,A_main_trade,USD,2026-03-03T03:47:07+02:00,2026-03-03T03:47:07+02:00,2026-03-03T08:47:07+07:00,2026-03-03T08:47:07+07:00,2026-03-03,2026-03-03,,,,,,,MT5,c78ab33c-14e2-4b19-a36e-b7574f9b02a2,2026-03-05T06:19:55Z,a248f47f90859d799aa83ddd5f43b0550e20131a0b9cc301f912eb106e0b895c,False
400862814:124681052,116963357,116963357,trade,Buy,GOLD,0.01,,5333.28,,,0.0,0.0,,0.0,,0,,400862814,A_main_trade,USD,2026-03-03T03:43:08+02:00,2026-03-03T03:43:08+02:00,2026-03-03T08:43:08+07:00,2026-03-03T08:43:08+07:00,2026-03-03,2026-03-03,,,,,,,MT5,c78ab33c-14e2-4b19-a36e-b7574f9b02a2,2026-03-05T06:19:55Z,88dfc6e474140d1ba3d71d88c123d03d586e361f20ddfd08899444a6aa299487,False
400862814:124679592,116961887,116961887,trade,Buy,GOLD,0.01,,5333.61,,,0.0,0.0,,0.0,,0,,400862814,A_main_trade,USD,2026-03-03T03:36:31+02:00,2026-03-03T03:36:31+02:00,2026-03-03T08:36:31+07:00,2026-03-03T08:36:31+07:00,2026-03-03,2026-03-03,,,,,,,MT5,c78ab33c-14e2-4b19-a36e-b7574f9b02a2,2026-03-05T06:19:55Z,3f28509341a4d1790c2fd1f0d7f57207dfa211962bb43d12d2e8ac8117a8c4a2,False
400862814:124678788,116961051,116961051,trade,Buy,GOLD,0.01,,5332.23,,,0.0,0.0,,0.0,,0,,400862814,A_main_trade,USD,2026-03-03T03:32:07+02:00,2026-03-03T03:32:07+02:00,2026-03-03T08:32:07+07:00,2026-03-03T08:32:07+07:00,2026-03-03,2026-03-03,,,,,,,MT5,c78ab33c-14e2-4b19-a36e-b7574f9b02a2,2026-03-05T06:19:55Z,2d324223ae0bb39e18f201641ad3d4d3728cf1972edee86c935b0fca2c02bd4c,False
400862814:124677918,116960175,116960175,trade,Buy,GOLD,0.01,,5335.57,,,0.0,0.0,,0.0,,0,,400862814,A_main_trade,USD,2026-03-03T03:28:17+02:00,2026-03-03T03:28:17+02:00,2026-03-03T08:28:17+07:00,2026-03-03T08:28:17+07:00,2026-03-03,2026-03-03,,,,,,,MT5,c78ab33c-14e2-4b19-a36e-b7574f9b02a2,2026-03-05T06:19:55Z,90963dec181e8b4618fbcb1d54a9dfe760efd77d692abf5d535cd849989180c7,False
400862814:124677850,116960106,116960106,trade,Buy,GOLD,0.01,,5336.34,,,0.0,0.0,,0.0,,0,,400862814,A_main_trade,USD,2026-03-03T03:27:53+02:00,2026-03-03T03:27:53+02:00,2026-03-03T08:27:53+07:00,2026-03-03T08:27:53+07:00,2026-03-03,2026-03-03,,,,,,,MT5,c78ab33c-14e2-4b19-a36e-b7574f9b02a2,2026-03-05T06:19:55Z,d5bc20223e08b4257e15f22fbc07a5e677ba6fb741048943df605451ea09cc1e,False
400862814:124677635,116959892,116959892,trade,Buy,GOLD,0.01,,5336.66,,,0.0,0.0,,0.0,,0,,400862814,A_main_trade,USD,2026-03-03T03:26:28+02:00,2026-03-03T03:26:28+02:00,2026-03-03T08:26:28+07:00,2026-03-03T08:26:28+07:00,2026-03-03,2026-03-03,,,,,,,MT5,c78ab33c-14e2-4b19-a36e-b7574f9b02a2,2026-03-05T06:19:55Z,39211090f2275c051c39d79e0bbf757f185e4b902955130ee492423dbd8b9ac5,False
400862814:124677600,116959856,116959856,trade,Buy,GOLD,0.01,,5337.16,,,0.0,0.0,,0.0,,0,,400862814,A_main_trade,USD,2026-03-03T03:26:15+02:00,2026-03-03T03:26:15+02:00,2026-03-03T08:26:15+07:00,2026-03-03T08:26:15+07:00,2026-03-03,2026-03-03,,,,,,,MT5,c78ab33c-14e2-4b19-a36e-b7574f9b02a2,2026-03-05T06:19:55Z,c622e7afa83dde7666066d9d6856488be29a70c4a7b710ccb62bb13febda72c2,False
400862814:124677559,116959824,116959824,trade,Buy,GOLD,0.01,,5336.99,,,0.0,0.0,,0.0,,0,,400862814,A_main_trade,USD,2026-03-03T03:26:05+02:00,2026-03-03T03:26:05+02:00,2026-03-03T08:26:05+07:00,2026-03-03T08:26:05+07:00,2026-03-03,2026-03-03,,,,,,,MT5,c78ab33c-14e2-4b19-a36e-b7574f9b02a2,2026-03-05T06:19:55Z,4b5c189715a94a478ec74de0f7108891bea70f752fb87cd7278b8a0a8f7b8bfe,False
400862814:124677186,116959475,116959475,trade,Buy,GOLD,0.01,,5336.48,,,0.0,0.0,,0.0,,0,,400862814,A_main_trade,USD,2026-03-03T03:24:42+02:00,2026-03-03T03:24:42+02:00,2026-03-03T08:24:42+07:00,2026-03-03T08:24:42+07:00,2026-03-03,2026-03-03,,,,,,,MT5,c78ab33c-14e2-4b19-a36e-b7574f9b02a2,2026-03-05T06:19:55Z,ba225c4d082effcc5c5176746d9d8128044ce5ad4c1d11079394b8347134296a,False
400862814:124677182,116959471,116959471,trade,Buy,GOLD,0.01,,5336.48,,,0.0,0.0,,0.0,,0,,400862814,A_main_trade,USD,2026-03-03T03:24:41+02:00,2026-03-03T03:24:41+02:00,2026-03-03T08:24:41+07:00,2026-03-03T08:24:41+07:00,2026-03-03,2026-03-03,,,,,,,MT5,c78ab33c-14e2-4b19-a36e-b7574f9b02a2,2026-03-05T06:19:55Z,9a6c7a083de43d73abd6ff8e13b138397e468d6857ed2118ee70a1080dcf9c58,False
400862814:123963995,116292879,116291963,trade,Buy,GOLD,0.01,,5393.88,,,0.0,0.0,,0.68,,0,,400862814,A_main_trade,USD,2026-03-02T13:54:46+02:00,2026-03-02T13:54:46+02:00,2026-03-02T18:54:46+07:00,2026-03-02T18:54:46+07:00,2026-03-02,2026-03-02,,,,,,,MT5,c0687779-a8db-453b-90f4-cd520e6431e5,2026-03-05T06:19:41Z,f82ebdf1ca78366010d300136d7a1ab9123b0d7de96f509c2ea8f70ac217535c,False
400862814:123963996,116292881,116292089,trade,Buy,GOLD,0.01,,5393.88,,,0.0,0.0,,0.51,,0,,400862814,A_main_trade,USD,2026-03-02T13:54:46+02:00,2026-03-02T13:54:46+02:00,2026-03-02T18:54:46+07:00,2026-03-02T18:54:46+07:00,2026-03-02,2026-03-02,,,,,,,MT5,c0687779-a8db-453b-90f4-cd520e6431e5,2026-03-05T06:19:41Z,d2a8e90cab8fbaed6aab4b11c013e654be8d980a937c1e49cd8f9146e39c7c89,False
400862814:123963997,116292880,116291995,trade,Buy,GOLD,0.01,,5393.88,,,0.0,0.0,,0.18,,0,,400862814,A_main_trade,USD,2026-03-02T13:54:46+02:00,2026-03-02T13:54:46+02:00,2026-03-02T18:54:46+07:00,2026-03-02T18:54:46+07:00,2026-03-02,2026-03-02,,,,,,,MT5,c0687779-a8db-453b-90f4-cd520e6431e5,2026-03-05T06:19:41Z,360862c8d3e14f1cdf240f1d0acf80b6448f87a9e68df8a17494403ef61007d1,False
400862814:123963198,116292089,116292089,trade,Sell,GOLD,0.01,,5394.39,,,0.0,0.0,,0.0,,0,,400862814,A_main_trade,USD,2026-03-02T13:53:57+02:00,2026-03-02T13:53:57+02:00,2026-03-02T18:53:57+07:00,2026-03-02T18:53:57+07:00,2026-03-02,2026-03-02,,,,,,,MT5,c0687779-a8db-453b-90f4-cd520e6431e5,2026-03-05T06:19:41Z,dc9a0aae5b5b3d3a7dbf7791623c3401d19c6df9e9f039a29263153097eceb9f,False
400862814:123963098,116291995,116291995,trade,Sell,GOLD,0.01,,5394.06,,,0.0,0.0,,0.0,,0,,400862814,A_main_trade,USD,2026-03-02T13:53:51+02:00,2026-03-02T13:53:51+02:00,2026-03-02T18:53:51+07:00,2026-03-02T18:53:51+07:00,2026-03-02,2026-03-02,,,,,,,MT5,c0687779-a8db-453b-90f4-cd520e6431e5,2026-03-05T06:19:41Z,2d0a8a19f8ce321ea1a1258c4283724e720002d80b510bc5985eecdb44bfb615,False
400862814:123963066,116291963,116291963,trade,Sell,GOLD,0.01,,5394.56,,,0.0,0.0,,0.0,,0,,400862814,A_main_trade,USD,2026-03-02T13:53:49+02:00,2026-03-02T13:53:49+02:00,2026-03-02T18:53:49+07:00,2026-03-02T18:53:49+07:00,2026-03-02,2026-03-02,,,,,,,MT5,c0687779-a8db-453b-90f4-cd520e6431e5,2026-03-05T06:19:41Z,7ed7dd520a0a3cd7582067764537a033d5c7878f4711aac95b2ebf5664b3a4cf,False
400862814:123962577,116291488,116272674,trade,Sell,GOLD,0.01,,5393.28,,,0.0,0.0,,-1.33,,0,,400862814,A_main_trade,USD,2026-03-02T13:53:15+02:00,2026-03-02T13:53:15+02:00,2026-03-02T18:53:15+07:00,2026-03-02T18:53:15+07:00,2026-03-02,2026-03-02,,,,,,,MT5,c0687779-a8db-453b-90f4-cd520e6431e5,2026-03-05T06:19:41Z,61a7d33773967354430c4c27cd3adc42a5943ed592a8dcd7c2d7babeb81af9b8,False
400862814:123962578,116291495,116287044,trade,Sell,GOLD,0.01,,5393.28,,,0.0,0.0,,3.07,,0,,400862814,A_main_trade,USD,2026-03-02T13:53:15+02:00,2026-03-02T13:53:15+02:00,2026-03-02T18:53:15+07:00,2026-03-02T18:53:15+07:00,2026-03-02,2026-03-02,,,,,,,MT5,c0687779-a8db-453b-90f4-cd520e6431e5,2026-03-05T06:19:41Z,ca299245ec7d1e0da72b683aceba348a6e1b07f0b0dbe665f58dea7f14bfefbb,False
400862814:123962579,116291491,116271194,trade,Sell,GOLD,0.01,,5393.28,,,0.0,0.0,,-1.96,,0,,400862814,A_main_trade,USD,2026-03-02T13:53:15+02:00,2026-03-02T13:53:15+02:00,2026-03-02T18:53:15+07:00,2026-03-02T18:53:15+07:00,2026-03-02,2026-03-02,,,,,,,MT5,c0687779-a8db-453b-90f4-cd520e6431e5,2026-03-05T06:19:41Z,a87e285259408ef3f9ce17df46b9714e0e96de43aedade9ce49eace52b84910f,False
400862814:123962580,116291493,116284826,trade,Sell,GOLD,0.01,,5393.28,,,0.0,0.0,,-0.82,,0,,400862814,A_main_trade,USD,2026-03-02T13:53:15+02:00,2026-03-02T13:53:15+02:00,2026-03-02T18:53:15+07:00,2026-03-02T18:53:15+07:00,2026-03-02,2026-03-02,,,,,,,MT5,c0687779-a8db-453b-90f4-cd520e6431e5,2026-03-05T06:19:41Z,654b99463f88a05b887c33d379461e218ef87278026b66ff56fe2ad7a0b0cb92,False
400862814:123962581,116291492,116271052,trade,Sell,GOLD,0.01,,5393.28,,,0.0,0.0,,-1.43,,0,,400862814,A_main_trade,USD,2026-03-02T13:53:15+02:00,2026-03-02T13:53:15+02:00,2026-03-02T18:53:15+07:00,2026-03-02T18:53:15+07:00,2026-03-02,2026-03-02,,,,,,,MT5,c0687779-a8db-453b-90f4-cd520e6431e5,2026-03-05T06:19:41Z,37f272845ffff7ea78d58caff57758efe67bbd32a2f50b408d0e67923ff5f4de,False
400862814:123962582,116291489,116271686,trade,Sell,GOLD,0.01,,5393.28,,,0.0,0.0,,-0.44,,0,,400862814,A_main_trade,USD,2026-03-02T13:53:15+02:00,2026-03-02T13:53:15+02:00,2026-03-02T18:53:15+07:00,2026-03-02T18:53:15+07:00,2026-03-02,2026-03-02,,,,,,,MT5,c0687779-a8db-453b-90f4-cd520e6431e5,2026-03-05T06:19:41Z,c4f2fe4e0f76b2eb80a703c9fd4cf6415b33d2a7ed5f1299cbf70bb2b089982c,False
400862814:123962583,116291494,116285553,trade,Sell,GOLD,0.01,,5393.28,,,0.0,0.0,,0.95,,0,,400862814,A_main_trade,USD,2026-03-02T13:53:15+02:00,2026-03-02T13:53:15+02:00,2026-03-02T18:53:15+07:00,2026-03-02T18:53:15+07:00,2026-03-02,2026-03-02,,,,,,,MT5,c0687779-a8db-453b-90f4-cd520e6431e5,2026-03-05T06:19:41Z,082b53ab0448fd5a56e14d69fffcd43cfe689ccc3ff0dcf58c6412defdfd6d13,False
400862814:123962584,116291490,116272000,trade,Sell,GOLD,0.01,,5393.28,,,0.0,0.0,,-0.25,,0,,400862814,A_main_trade,USD,2026-03-02T13:53:15+02:00,2026-03-02T13:53:15+02:00,2026-03-02T18:53:15+07:00,2026-03-02T18:53:15+07:00,2026-03-02,2026-03-02,,,,,,,MT5,c0687779-a8db-453b-90f4-cd520e6431e5,2026-03-05T06:19:41Z,6af10a864a104d85be41ad46671d573ce5e46a406d53bc142bd0e2edf832f279,False
400862814:123962585,116291496,116287074,trade,Sell,GOLD,0.01,,5393.28,,,0.0,0.0,,2.92,,0,,400862814,A_main_trade,USD,2026-03-02T13:53:15+02:00,2026-03-02T13:53:15+02:00,2026-03-02T18:53:15+07:00,2026-03-02T18:53:15+07:00,2026-03-02,2026-03-02,,,,,,,MT5,c0687779-a8db-453b-90f4-cd520e6431e5,2026-03-05T06:19:41Z,ffcfad28225d1ac154e251c3d55809a85512be7041fb4db3af5cd7dd25010c44,False
400862814:123957877,116287074,116287074,trade,Buy,GOLD,0.01,,5390.36,,,0.0,0.0,,0.0,,0,,400862814,A_main_trade,USD,2026-03-02T13:48:24+02:00,2026-03-02T13:48:24+02:00,2026-03-02T18:48:24+07:00,2026-03-02T18:48:24+07:00,2026-03-02,2026-03-02,,,,,,,MT5,c0687779-a8db-453b-90f4-cd520e6431e5,2026-03-05T06:19:41Z,26e929d47da703b70ad61a91e75f38954c551c902c9b93fb6a5151fa494943f0,False
400862814:123957847,116287044,116287044,trade,Buy,GOLD,0.01,,5390.21,,,0.0,0.0,,0.0,,0,,400862814,A_main_trade,USD,2026-03-02T13:48:22+02:00,2026-03-02T13:48:22+02:00,2026-03-02T18:48:22+07:00,2026-03-02T18:48:22+07:00,2026-03-02,2026-03-02,,,,,,,MT5,c0687779-a8db-453b-90f4-cd520e6431e5,2026-03-05T06:19:41Z,5c63fba896a6097dcac29f90295db027397060956314c9856778cc39088c89e8,False
400862814:123957647,116286854,116283954,trade,Sell,GOLD,0.01,,5389.93,,,0.0,0.0,,-6.46,,0,,400862814,A_main_trade,USD,2026-03-02T13:48:15+02:00,2026-03-02T13:48:15+02:00,2026-03-02T18:48:15+07:00,2026-03-02T18:48:15+07:00,2026-03-02,2026-03-02,,,,,,,MT5,c0687779-a8db-453b-90f4-cd520e6431e5,2026-03-05T06:19:41Z,e41d91c0685f0322485080748d52853ea62f5228ff6d7da8f9d94e2351186f4b,False
400862814:123957622,116286832,116283973,trade,Sell,GOLD,0.01,,5389.81,,,0.0,0.0,,-7.01,,0,,400862814,A_main_trade,USD,2026-03-02T13:48:14+02:00,2026-03-02T13:48:14+02:00,2026-03-02T18:48:14+07:00,2026-03-02T18:48:14+07:00,2026-03-02,2026-03-02,,,,,,,MT5,c0687779-a8db-453b-90f4-cd520e6431e5,2026-03-05T06:19:41Z,53ef53718ed835c4b58f3e6be0b5dc20f423544797aad52d320adcec4397114e,False
400862814:123956240,116285553,116285553,trade,Buy,GOLD,0.01,,5392.33,,,0.0,0.0,,0.0,,0,,400862814,A_main_trade,USD,2026-03-02T13:46:53+02:00,2026-03-02T13:46:53+02:00,2026-03-02T18:46:53+07:00,2026-03-02T18:46:53+07:00,2026-03-02,2026-03-02,,,,,,,MT5,c0687779-a8db-453b-90f4-cd520e6431e5,2026-03-05T06:19:41Z,0aa264a49272180076902a267d72946262d6b61a957f4ff60118f56d1b7414be,False
400862814:123955469,116284826,116284826,trade,Buy,GOLD,0.01,,5394.1,,,0.0,0.0,,0.0,,0,,400862814,A_main_trade,USD,2026-03-02T13:46:05+02:00,2026-03-02T13:46:05+02:00,2026-03-02T18:46:05+07:00,2026-03-02T18:46:05+07:00,2026-03-02,2026-03-02,,,,,,,MT5,c0687779-a8db-453b-90f4-cd520e6431e5,2026-03-05T06:19:41Z,bd2c0bd5c3ac08689ca5d0ee0dcd0e90221f216c135b1bf126b8d813816fed92,False
400862814:123954548,116283973,116283973,trade,Buy,GOLD,0.01,,5396.82,,,0.0,0.0,,0.0,,0,,400862814,A_main_trade,USD,2026-03-02T13:45:27+02:00,2026-03-02T13:45:27+02:00,2026-03-02T18:45:27+07:00,2026-03-02T18:45:27+07:00,2026-03-02,2026-03-02,,,,,,,MT5,c0687779-a8db-453b-90f4-cd520e6431e5,2026-03-05T06:19:41Z,a6f2e36da039124a094bc938cf69cb6e8eb37e114dfb794d7a85464f0ed264bd,False
400862814:123954529,116283954,116283954,trade,Buy,GOLD,0.01,,5396.39,,,0.0,0.0,,0.0,,0,,400862814,A_main_trade,USD,2026-03-02T13:45:23+02:00,2026-03-02T13:45:23+02:00,2026-03-02T18:45:23+07:00,2026-03-02T18:45:23+07:00,2026-03-02,2026-03-02,,,,,,,MT5,c0687779-a8db-453b-90f4-cd520e6431e5,2026-03-05T06:19:41Z,d83a58fff25241e338aff71816cf15df7a336e9c91fa63ca2414b19180db26f3,False
400862814:123954456,116283872,116280691,trade,Sell,GOLD,0.01,,5395.96,,,0.0,0.0,,0.58,,0,,400862814,A_main_trade,USD,2026-03-02T13:45:12+02:00,2026-03-02T13:45:12+02:00,2026-03-02T18:45:12+07:00,2026-03-02T18:45:12+07:00,2026-03-02,2026-03-02,,,,,,,MT5,c0687779-a8db-453b-90f4-cd520e6431e5,2026-03-05T06:19:41Z,e53211341fe7751fce1b5f6ca7d6853e084e3128f7eae89c01c150da9baf0548,False
400862814:123951885,116281365,116280124,trade,Sell,GOLD,0.01,,5394.74,,,0.0,0.0,,-1.29,,0,,400862814,A_main_trade,USD,2026-03-02T13:39:55+02:00,2026-03-02T13:39:55+02:00,2026-03-02T18:39:55+07:00,2026-03-02T18:39:55+07:00,2026-03-02,2026-03-02,,,,,,,MT5,c0687779-a8db-453b-90f4-cd520e6431e5,2026-03-05T06:19:41Z,e19b944d819844a7c89a248f313bfcff36056abb72c7be7ef3ae294bb5e89347,False
400862814:123951212,116280691,116280691,trade,Buy,GOLD,0.01,,5395.38,,,0.0,0.0,,0.0,,0,,400862814,A_main_trade,USD,2026-03-02T13:38:23+02:00,2026-03-02T13:38:23+02:00,2026-03-02T18:38:23+07:00,2026-03-02T18:38:23+07:00,2026-03-02,2026-03-02,,,,,,,MT5,c0687779-a8db-453b-90f4-cd520e6431e5,2026-03-05T06:19:41Z,6e1a16e525aa2c5762b9d3993596b18409bf2d86586a8c487cdfe0cf02d866fb,False
400862814:123950640,116280124,116280124,trade,Buy,GOLD,0.01,,5396.03,,,0.0,0.0,,0.0,,0,,400862814,A_main_trade,USD,2026-03-02T13:37:51+02:00,2026-03-02T13:37:51+02:00,2026-03-02T18:37:51+07:00,2026-03-02T18:37:51+07:00,2026-03-02,2026-03-02,,,,,,,MT5,c0687779-a8db-453b-90f4-cd520e6431e5,2026-03-05T06:19:41Z,b3198878edff308acab0c2cd1016b11ef0f8c4aa8f1978486c1318b43d0e6bf6,False
400862814:123942845,116272674,116272674,trade,Buy,GOLD,0.01,,5394.61,,,0.0,0.0,,0.0,,0,,400862814,A_main_trade,USD,2026-03-02T13:29:04+02:00,2026-03-02T13:29:04+02:00,2026-03-02T18:29:04+07:00,2026-03-02T18:29:04+07:00,2026-03-02,2026-03-02,,,,,,,MT5,c0687779-a8db-453b-90f4-cd520e6431e5,2026-03-05T06:19:41Z,a9b76ce71c333fb17a41bcd0aec63aebba3f81e73df3fe601b658c017efe972f,False
400862814:123942815,116272645,116270918,trade,Sell,GOLD,0.01,,5393.56,,,0.0,0.0,,-2.32,,0,,400862814,A_main_trade,USD,2026-03-02T13:29:01+02:00,2026-03-02T13:29:01+02:00,2026-03-02T18:29:01+07:00,2026-03-02T18:29:01+07:00,2026-03-02,2026-03-02,,,,,,,MT5,c0687779-a8db-453b-90f4-cd520e6431e5,2026-03-05T06:19:41Z,bdfc1bb35c1e9c468a0a443cfa595ef9db19afe11cbaf8cfa0e28d757ff27686,False
400862814:123942160,116272000,116272000,trade,Buy,GOLD,0.01,,5393.53,,,0.0,0.0,,0.0,,0,,400862814,A_main_trade,USD,2026-03-02T13:27:43+02:00,2026-03-02T13:27:43+02:00,2026-03-02T18:27:43+07:00,2026-03-02T18:27:43+07:00,2026-03-02,2026-03-02,,,,,,,MT5,c0687779-a8db-453b-90f4-cd520e6431e5,2026-03-05T06:19:41Z,e80b287d2871a1410adba07ec94f4915c65565266d6a105c4f4634007e811ceb,False
400862814:123941818,116271686,116271686,trade,Buy,GOLD,0.01,,5393.72,,,0.0,0.0,,0.0,,0,,400862814,A_main_trade,USD,2026-03-02T13:26:48+02:00,2026-03-02T13:26:48+02:00,2026-03-02T18:26:48+07:00,2026-03-02T18:26:48+07:00,2026-03-02,2026-03-02,,,,,,,MT5,c0687779-a8db-453b-90f4-cd520e6431e5,2026-03-05T06:19:41Z,263a6344bd642eda8558e14b619d8eaced5ef94247496b739deba5079aadff8b,False
400862814:123941293,116271194,116271194,trade,Buy,GOLD,0.01,,5395.24,,,0.0,0.0,,0.0,,0,,400862814,A_main_trade,USD,2026-03-02T13:25:58+02:00,2026-03-02T13:25:58+02:00,2026-03-02T18:25:58+07:00,2026-03-02T18:25:58+07:00,2026-03-02,2026-03-02,,,,,,,MT5,c0687779-a8db-453b-90f4-cd520e6431e5,2026-03-05T06:19:41Z,abc19b8f83be84ce9aaa5047231f15fd897d1dfa935b8965a87593e0082ecb77,False
400862814:123941144,116271052,116271052,trade,Buy,GOLD,0.01,,5394.71,,,0.0,0.0,,0.0,,0,,400862814,A_main_trade,USD,2026-03-02T13:25:47+02:00,2026-03-02T13:25:47+02:00,2026-03-02T18:25:47+07:00,2026-03-02T18:25:47+07:00,2026-03-02,2026-03-02,,,,,,,MT5,c0687779-a8db-453b-90f4-cd520e6431e5,2026-03-05T06:19:41Z,8bfdd90b1cc7ae67e9dd9cf0532d1cd7446d74ab302058b5aa74c32081a78571,False
400862814:123940999,116270918,116270918,trade,Buy,GOLD,0.01,,5395.88,,,0.0,0.0,,0.0,,0,,400862814,A_main_trade,USD,2026-03-02T13:25:33+02:00,2026-03-02T13:25:33+02:00,2026-03-02T18:25:33+07:00,2026-03-02T18:25:33+07:00,2026-03-02,2026-03-02,,,,,,,MT5,c0687779-a8db-453b-90f4-cd520e6431e5,2026-03-05T06:19:41Z,4e20e66b26dbcb12f1fb298a48cfb102e1a7adef45aa12079b156a39f43d2f4c,False
400862814:123789805,116123943,116113733,trade,Sell,GOLD,0.01,,5398.29,,,0.0,0.0,,12.71,,0,,400862814,A_main_trade,USD,2026-03-02T11:07:56+02:00,2026-03-02T11:07:56+02:00,2026-03-02T16:07:56+07:00,2026-03-02T16:07:56+07:00,2026-03-02,2026-03-02,,,,,,,MT5,c0687779-a8db-453b-90f4-cd520e6431e5,2026-03-05T06:19:41Z,5d2309a77a767abda7ae055e32183ca0aba74ca0e18f40cc71708a8b4b94b013,False
400862814:123789806,116123945,116111551,trade,Sell,GOLD,0.01,,5398.29,,,0.0,0.0,,10.98,,0,,400862814,A_main_trade,USD,2026-03-02T11:07:56+02:00,2026-03-02T11:07:56+02:00,2026-03-02T16:07:56+07:00,2026-03-02T16:07:56+07:00,2026-03-02,2026-03-02,,,,,,,MT5,c0687779-a8db-453b-90f4-cd520e6431e5,2026-03-05T06:19:41Z,64ddaa9d36f10c905b38e08af9067f8d09e65af080b73eac5afb5b3f906f71fa,False
400862814:123789807,116123944,116113096,trade,Sell,GOLD,0.01,,5398.29,,,0.0,0.0,,10.75,,0,,400862814,A_main_trade,USD,2026-03-02T11:07:56+02:00,2026-03-02T11:07:56+02:00,2026-03-02T16:07:56+07:00,2026-03-02T16:07:56+07:00,2026-03-02,2026-03-02,,,,,,,MT5,c0687779-a8db-453b-90f4-cd520e6431e5,2026-03-05T06:19:41Z,53196f688f22b30af1dded3706b2381d4e712e00c3f2a4448bc0175bfad948c3,False
400862814:123789808,116123947,116110660,trade,Sell,GOLD,0.01,,5398.29,,,0.0,0.0,,9.85,,0,,400862814,A_main_trade,USD,2026-03-02T11:07:56+02:00,2026-03-02T11:07:56+02:00,2026-03-02T16:07:56+07:00,2026-03-02T16:07:56+07:00,2026-03-02,2026-03-02,,,,,,,MT5,c0687779-a8db-453b-90f4-cd520e6431e5,2026-03-05T06:19:41Z,f5874a3ed402eb81605119ea2e572b5ad23ff065cc5a07233b1af205c84c32c4,False
400862814:123789809,116123946,116111090,trade,Sell,GOLD,0.01,,5398.29,,,0.0,0.0,,11.4,,0,,400862814,A_main_trade,USD,2026-03-02T11:07:56+02:00,2026-03-02T11:07:56+02:00,2026-03-02T16:07:56+07:00,2026-03-02T16:07:56+07:00,2026-03-02,2026-03-02,,,,,,,MT5,c0687779-a8db-453b-90f4-cd520e6431e5,2026-03-05T06:19:41Z,142e4791c80f95d792e363399219c6ea0980934907e50cbefc970562cbc3cc2b,False
400862814:123782643,116113733,116113733,trade,Buy,GOLD,0.01,,5385.58,,,0.0,0.0,,0.0,,0,,400862814,A_main_trade,USD,2026-03-02T11:01:24+02:00,2026-03-02T11:01:24+02:00,2026-03-02T16:01:24+07:00,2026-03-02T16:01:24+07:00,2026-03-02,2026-03-02,,,,,,,MT5,c0687779-a8db-453b-90f4-cd520e6431e5,2026-03-05T06:19:41Z,9076e26e1294d9f254ce041817cacdb4c1d99b8f292eed2900213335a7a9198f,False
400862814:123782322,116113096,116113096,trade,Buy,GOLD,0.01,,5387.54,,,0.0,0.0,,0.0,,0,,400862814,A_main_trade,USD,2026-03-02T11:00:51+02:00,2026-03-02T11:00:51+02:00,2026-03-02T16:00:51+07:00,2026-03-02T16:00:51+07:00,2026-03-02,2026-03-02,,,,,,,MT5,c0687779-a8db-453b-90f4-cd520e6431e5,2026-03-05T06:19:41Z,8197966a6a76a00b7eb622560bf9ca0fd31177f24921a0efd42f78852277dedb,False
400862814:123781610,116111551,116111551,trade,Buy,GOLD,0.01,,5387.31,,,0.0,0.0,,0.0,,0,,400862814,A_main_trade,USD,2026-03-02T10:59:34+02:00,2026-03-02T10:59:34+02:00,2026-03-02T15:59:34+07:00,2026-03-02T15:59:34+07:00,2026-03-02,2026-03-02,,,,,,,MT5,c0687779-a8db-453b-90f4-cd520e6431e5,2026-03-05T06:19:41Z,e1accbaed93337fac5c7d0a4d3c3e3681314b62e60114956d7459f5f7b48f514,False
400862814:123781455,116111362,116110750,trade,Sell,GOLD,0.01,,5385.19,,,0.0,0.0,,-3.51,,0,,400862814,A_main_trade,USD,2026-03-02T10:59:27+02:00,2026-03-02T10:59:27+02:00,2026-03-02T15:59:27+07:00,2026-03-02T15:59:27+07:00,2026-03-02,2026-03-02,,,,,,,MT5,c0687779-a8db-453b-90f4-cd520e6431e5,2026-03-05T06:19:41Z,ed97b895c7a334a2ddf58f2296887decee04f5ec6c8e902f098c3e10c7184787,False
400862814:123781224,116111090,116111090,trade,Buy,GOLD,0.01,,5386.89,,,0.0,0.0,,0.0,,0,,400862814,A_main_trade,USD,2026-03-02T10:59:13+02:00,2026-03-02T10:59:13+02:00,2026-03-02T15:59:13+07:00,2026-03-02T15:59:13+07:00,2026-03-02,2026-03-02,,,,,,,MT5,c0687779-a8db-453b-90f4-cd520e6431e5,2026-03-05T06:19:41Z,a4472744fa14105f45df7947b0c27942e438d195a73046be032408124c8dc2d4,False
400862814:123780987,116110750,116110750,trade,Buy,GOLD,0.01,,5388.7,,,0.0,0.0,,0.0,,0,,400862814,A_main_trade,USD,2026-03-02T10:58:57+02:00,2026-03-02T10:58:57+02:00,2026-03-02T15:58:57+07:00,2026-03-02T15:58:57+07:00,2026-03-02,2026-03-02,,,,,,,MT5,c0687779-a8db-453b-90f4-cd520e6431e5,2026-03-05T06:19:41Z,066cd158b4ac7c70c1d9cb7f8e97d167c561100c9f6974fd8f1f13b421a5ef4c,False
400862814:123780934,116110660,116110660,trade,Buy,GOLD,0.01,,5388.44,,,0.0,0.0,,0.0,,0,,400862814,A_main_trade,USD,2026-03-02T10:58:52+02:00,2026-03-02T10:58:52+02:00,2026-03-02T15:58:52+07:00,2026-03-02T15:58:52+07:00,2026-03-02,2026-03-02,,,,,,,MT5,c0687779-a8db-453b-90f4-cd520e6431e5,2026-03-05T06:19:41Z,e78a16bdaaf9754369a61850144b37643da9ab8e2a44d582a52fc8d4e00cff6d,False
400862814:123657693,0,0,credit,Credit,,0.0,,0.0,,,0.0,0.0,,381.4,Credit In-50% - 500,0,,400862814,A_main_trade,USD,2026-03-02T08:18:45+02:00,2026-03-02T08:18:45+02:00,2026-03-02T13:18:45+07:00,2026-03-02T13:18:45+07:00,2026-03-02,2026-03-02,,,,,,,MT5,c0687779-a8db-453b-90f4-cd520e6431e5,2026-03-05T06:19:41Z,c92e590f3d6adee184c401b5724ffa58c48429ae1fc89c42dd29ccffd77e2887,False
400862814:123657688,0,0,deposit,Deposit,,0.0,,0.0,,,0.0,0.0,,737.44,CD-ZTP-BWR 215574141,0,,400862814,A_main_trade,USD,2026-03-02T08:18:44+02:00,2026-03-02T08:18:44+02:00,2026-03-02T13:18:44+07:00,2026-03-02T13:18:44+07:00,2026-03-02,2026-03-02,,,,,,,MT5,c0687779-a8db-453b-90f4-cd520e6431e5,2026-03-05T06:19:41Z,10451b38f322338fb4d86bf8c833f19462c441fd4416ac5771acb267474ab24d,False
400862814:123657689,0,0,deposit,Deposit,,0.0,,0.0,,,0.0,0.0,,25.35,EXP05-ZTP-BWR 215574141,0,,400862814,A_main_trade,USD,2026-03-02T08:18:44+02:00,2026-03-02T08:18:44+02:00,2026-03-02T13:18:44+07:00,2026-03-02T13:18:44+07:00,2026-03-02,2026-03-02,,,,,,,MT5,c0687779-a8db-453b-90f4-cd520e6431e5,2026-03-05T06:19:41Z,4af338ab0fd24c617146f5b4d8515c92b2490f7262e3b68bf95a6e13f0ef8b07,False
